cik,name,tickers,ticker_source,exchanges,sic,status,first_annual_report,last_annual_report,last_periodic_report,last_filing,former_names
0001860782,"2seventy bio, Inc.",TSVT,xbrl_cover:2025-05-07,,2834,acquired,2022-03-22,2025-03-25,2025-05-07,2025-08-14,
0001441848,ABBOTT BIOTHERAPEUTICS CORP,,,,2834,acquired,2009-03-31,2010-02-24,2010-04-19,2010-11-08,"FACET BIOTECH CORP (until 2010-05-03); Biotech Spinco, Inc. (until 2008-08-13)"
0001280600,ACCELERON PHARMA INC,XLRN,xbrl_cover:2021-11-04,,2836,acquired,2014-03-17,2021-02-25,2021-11-04,2021-12-02,
0001962918,"ACELYRIN, Inc.",SLRN,xbrl_cover:2025-05-14,,2834,acquired,2024-03-28,2025-03-19,2025-05-14,2025-06-09,
0001070336,ACHILLION PHARMACEUTICALS INC,,,,2834,acquired,2007-03-29,2019-03-07,2019-11-07,2021-02-16,
0001076167,ADOLOR CORP,,,,2834,acquired,2001-04-02,2011-02-24,2011-11-10,2015-01-29,
0001337553,AERIE PHARMACEUTICALS INC,AERI,xbrl_cover:2022-11-04,,2836,acquired,2014-03-26,2022-02-25,2022-11-04,2023-02-10,
0001261249,AGILE THERAPEUTICS INC,,,,2834,acquired,2015-03-26,2024-03-28,2024-08-12,2024-11-13,
0001662524,"AKCEA THERAPEUTICS, INC.",AKCA,xbrl_cover:2020-08-05,,2834,acquired,2018-02-28,2020-03-02,2020-08-05,2020-11-10,
0001322505,"ALBIREO PHARMA, INC.",ALBO,xbrl_cover:2022-11-08,,2834,acquired,2009-12-14,2022-03-01,2022-11-08,2024-02-14,Biodel Inc (until 2016-11-02)
0001423824,ALDER BIOPHARMACEUTICALS INC,ALDR,xbrl_cover:2019-08-06,,2834,acquired,2015-03-13,2019-02-25,2019-08-06,2020-02-13,
0000899866,"ALEXION PHARMACEUTICALS, INC.",ALXN,xbrl_cover:2021-04-30,,2834,acquired,2013-02-19,2021-02-08,2021-04-30,2022-11-16,ALEXION PHARMACEUTICALS INC (until 2018-06-29)
0001267602,ALIMERA SCIENCES INC,ALIM,xbrl_cover:2024-08-07,,2834,acquired,2011-03-25,2024-03-08,2024-08-07,2024-11-13,
0000874663,ALKERMES INC,,,,2834,acquired,1996-07-01,2011-05-20,2011-08-01,2020-05-19,
0000850693,ALLERGAN INC,,,,2834,acquired,2012-02-28,2015-02-19,2015-02-19,2016-02-10,
0001097264,ALLOS THERAPEUTICS INC,,,,2834,acquired,2001-03-07,2012-03-26,2012-08-17,2017-09-26,ALLOS THERAPEUTICS (until 2002-05-09)
0001626199,"ALPINE IMMUNE SCIENCES, INC.",ALPN,xbrl_cover:2024-05-09,,2834,acquired,2016-03-08,2024-03-20,2024-05-09,2024-11-14,"Nivalis Therapeutics, Inc. (until 2017-07-25); N30 Pharmaceuticals, Inc. (until 2014-11-25)"
0000792977,"AMAG PHARMACEUTICALS, INC.",AMAG,xbrl_cover:2020-11-06,,2834,acquired,2010-02-26,2020-03-06,2020-11-06,2021-02-16,AMAG PHARMACEUTICALS INC. (until 2019-06-28); ADVANCED MAGNETICS INC (until 2007-07-05)
0001131543,AMBIT BIOSCIENCES CORP,,,,2834,acquired,2014-03-20,2014-03-20,2014-08-12,2014-12-22,AVENTA BIOSCIENCES CORP (until 2002-06-12)
0000881464,AMYLIN PHARMACEUTICALS INC,,,,2834,acquired,2007-02-26,2012-02-22,2012-08-03,2014-02-21,
0001128495,ANADYS PHARMACEUTICALS INC,,,,2834,acquired,2005-03-30,2011-03-04,2011-11-07,2012-02-14,
0001273636,APPLIED GENETIC TECHNOLOGIES CORP,AGTC,xbrl_cover:2022-11-21,,2836,acquired,2014-09-26,2022-09-27,2022-11-21,2023-02-14,
0001509190,"ARATANA THERAPEUTICS, INC.",,,,2834,acquired,2014-03-26,2019-03-13,2019-05-09,2019-07-29,
0001080709,ARENA PHARMACEUTICALS INC,ARNA,xbrl_cover:2022-03-10,,2834,acquired,2008-03-05,2022-02-23,2022-03-10,2024-01-29,
0000884731,ARIAD PHARMACEUTICALS INC,,,,2836,acquired,2008-03-17,2016-02-29,2017-02-13,2021-10-15,
0001693664,"ARMO BioSciences, Inc.",,,,2834,acquired,2018-03-30,2018-03-30,2018-05-15,2018-07-02,
0001019695,ARQULE INC,,,,2834,acquired,2008-03-17,2019-03-07,2019-10-30,2021-02-17,
0001100412,ARRAY BIOPHARMA INC,,,,2834,acquired,2007-09-13,2018-08-14,2019-05-07,2020-02-14,
0001182129,AUXILIUM PHARMACEUTICALS INC,,,,2834,acquired,2008-03-10,2014-02-28,2014-10-30,2016-05-25,
0000858803,"AVANIR PHARMACEUTICALS, INC.",,,,2834,acquired,1995-12-13,2014-12-10,2014-12-10,2015-04-28,AVANIR PHARMACEUTICALS (until 2009-04-02); LIDAK PHARMACEUTICALS (until 1998-08-14)
0001343304,AVEDRO INC,,,,2834,acquired,2019-03-21,2019-03-21,2019-11-06,2019-12-02,
0001325879,"AVEO PHARMACEUTICALS, INC.",AVEO,xbrl_cover:2022-11-07,,2834,acquired,2011-03-11,2022-03-14,2022-11-07,2023-01-30,AVEO PHARMACEUTICALS INC (until 2020-04-23)
0001617582,Ablynx NV,,,,2836,acquired,2018-03-26,2018-03-26,2018-03-26,2018-06-25,
0001409012,"Abraxis BioScience, Inc.",,,,2834,acquired,2008-03-31,2010-03-12,2010-08-05,2010-10-25,"Abraxis Biosciences, Inc. (until 2008-09-26); New Abraxis, Inc. (until 2007-11-19)"
0001069308,Acer Therapeutics Inc.,ACER,xbrl_cover:2023-08-14,,2834,acquired,2008-03-18,2023-03-27,2023-11-20,2023-11-30,"Opexa Therapeutics, Inc. (until 2017-09-20); PharmaFrontiers Corp. (until 2006-06-02); PHARMAFRONTIERS CORP (until 2005-10-05); SPORTAN UNITED INDUSTRIES INC (until 2004-07-01)"
0001328143,Adamas Pharmaceuticals Inc,ADMS,xbrl_cover:2021-11-10,,2834,acquired,2015-03-03,2021-02-23,2021-11-10,2022-02-15,NeuroMolecular Pharmaceuticals Inc (until 2006-07-17)
0001611787,Advanced Accelerator Applications S.A.,,,,2834,acquired,2016-04-29,2017-03-29,2017-03-29,2019-02-26,
0001338042,"Aegerion Pharmaceuticals, Inc.",,,,2834,acquired,2011-03-31,2016-03-15,2016-11-04,2019-08-09,Aegerion Pharmaceuticals Inc (until 2006-01-03)
0001138776,"Aevi Genomic Medicine, LLC",,,,2836,acquired,2012-03-06,2019-03-29,2019-11-14,2020-06-11,"Aevi Genomic Medicine, Inc. (until 2020-02-07); MEDGENICS, INC. (until 2016-12-12); MEDGENICS INC (until 2006-04-25)"
0001631650,"Aimmune Therapeutics, Inc.",AIMT,xbrl_cover:2020-07-30,,2834,acquired,2016-03-03,2020-02-27,2020-07-30,2021-02-16,Allergen Research Corp (until 2015-03-24)
0001722271,"Akouos, Inc.",AKUS,xbrl_cover:2022-11-14,,2834,acquired,2021-03-29,2022-03-29,2022-11-14,2023-02-14,
0001344413,Alexza Pharmaceuticals Inc.,,,,2834,acquired,2007-03-29,2016-03-28,2016-05-13,2018-01-16,
0001564824,Allakos Inc.,ALLK,xbrl_cover:2025-05-07,,2834,acquired,2019-03-14,2025-03-12,2025-05-07,2025-08-14,
0000884629,Allergan Finance LLC,,,,2834,acquired,2003-03-03,2013-02-28,2013-10-31,2020-05-21,"Actavis, Inc. (until 2015-03-05); WATSON PHARMACEUTICALS INC (until 2013-01-14)"
0001578845,Allergan plc,AGN,xbrl_cover:2020-05-07,,2834,acquired,2014-02-25,2020-02-18,2020-05-07,2020-05-21,Actavis plc (until 2015-06-15); Actavis Ltd (until 2013-07-31)
0001836056,"Ambrx Biopharma Cayman, Inc.",AMAM,xbrl_cover:2023-08-09,,2836,acquired,2022-04-26,2023-03-30,2023-08-09,2024-03-07,Ambrx Biopharma Inc. (until 2023-10-10)
0001411158,"Anacor Pharmaceuticals, Inc.",,,,2834,acquired,2011-03-29,2016-02-29,2016-05-10,2016-07-11,Anacor Pharmaceuticals Inc (until 2013-04-08)
0001814140,"Apexigen, Inc.",APGN|APGNW,xbrl_cover:2023-08-10,,2834,acquired,2022-04-07,2023-02-22,2023-08-10,2023-09-05,Brookline Capital Acquisition Corp. (until 2022-08-01)
0001801777,Applied Molecular Transport Inc.,AMTI,xbrl_cover:2023-11-09,,2834,acquired,2021-03-19,2023-03-09,2023-11-09,2024-02-14,Applied Molecular Transport LLC (until 2020-02-13)
0001103390,"Ardea Biosciences, Inc./DE",,,,2834,acquired,2001-03-23,2012-03-09,2012-05-07,2013-02-14,INTRABIOTICS PHARMACEUTICALS INC /DE (until 2006-12-27); INTROBIOTICS PHAMACEUTICALS INC (until 2000-01-27)
0001572552,"Asterias Biotherapeutics, Inc.",,,,2836,acquired,2014-03-17,2018-03-15,2018-11-09,2019-03-20,
0000919722,"Astex Pharmaceuticals, Inc",,,,2834,acquired,1997-03-31,2013-03-18,2013-08-09,2014-02-14,SUPERGEN INC (until 2011-08-09)
0001532346,"Atreca, Inc.",BCEL,xbrl_cover:2023-11-14,,2834,acquired,2020-03-11,2023-03-29,2023-11-14,2024-04-22,
0001628738,"Audentes Therapeutics, Inc.",BOLD,xbrl_cover:2019-11-07,,2836,acquired,2017-03-13,2019-03-01,2019-11-07,2022-10-31,
0001454189,"Auspex Pharmaceuticals, Inc.",,,,2834,acquired,2014-03-28,2015-03-16,2015-04-23,2015-05-28,
0001652923,"AveXis, Inc.",,,,2836,acquired,2016-03-18,2018-02-28,2018-05-04,2018-06-11,
0000704562,"Avid Bioservices, Inc.",CDMO,xbrl_cover:2024-12-10,,2834,acquired,2010-07-14,2024-07-02,2024-12-10,2025-05-15,PEREGRINE PHARMACEUTICALS INC (until 2017-12-26); TECHNICLONE CORP/DE/ (until 2000-07-31); TECHNICLONE INTERNATIONAL CORP (until 1997-02-11)
0001100397,"Ayala Pharmaceuticals, Inc.",,,,2834,acquired,2012-01-26,2024-04-16,2024-04-26,2025-04-16,"Advaxis, Inc. (until 2023-01-13); GREAT EXPECTATIONS & ASSOCIATES INC (until 2005-01-05)"
0001103021,BIODELIVERY SCIENCES INTERNATIONAL INC,BDSI,xbrl_cover:2022-03-09,,2834,acquired,2009-03-20,2022-03-09,2022-03-09,2023-02-10,MAS ACQUISITION XXIII CORP (until 2000-04-18)
0000875622,BIOSPECIFICS TECHNOLOGIES CORP,BSTC,xbrl_cover:2020-11-09,,2834,acquired,2009-03-31,2020-03-16,2020-11-09,2021-02-16,
0001620546,Baxalta Inc,,,,2834,acquired,2016-03-03,2016-03-03,2016-05-09,2019-02-07,
0001689813,Biohaven Pharmaceutical Holding Co Ltd.,BHVN,xbrl_cover:2022-08-05,,2834,acquired,2018-03-06,2022-02-25,2022-08-05,2022-10-14,
0001579695,Biotie Therapies Corp.,,,,2834,acquired,2016-03-22,2016-03-22,2016-03-22,2020-05-11,
0001681689,Bioverativ Inc.,,,,2834,acquired,2017-03-24,2018-02-14,2018-03-08,2018-04-10,
0001597264,Blueprint Medicines Corp,BPMC,xbrl_cover:2025-05-01,,2834,acquired,2016-03-11,2025-02-13,2025-05-01,2025-08-14,
0001333248,CADENCE PHARMACEUTICALS INC,,,,2834,acquired,2007-03-28,2014-02-28,2014-02-28,2014-04-14,
0001142380,CALLISTO PHARMACEUTICALS INC,,,,2834,acquired,2006-03-31,2012-03-30,2012-11-19,2013-01-29,WEBTRONICS INC (until 2003-05-28)
0000820081,CAMBREX CORP,CBM,xbrl_cover:2019-10-31,,2834,acquired,2005-03-31,2019-02-13,2019-10-31,2020-02-10,
0000887708,CARACO PHARMACEUTICAL LABORATORIES LTD,,,,2834,acquired,2005-03-15,2010-06-09,2011-02-09,2012-11-19,
0000816284,CELGENE CORP /DE/,CELG|CELGZ,xbrl_cover:2019-10-31,,2834,acquired,2014-02-13,2019-02-26,2019-10-31,2020-07-13,
0001482080,"CELLULAR DYNAMICS INTERNATIONAL, INC.",,,,2836,acquired,2014-03-10,2015-03-05,2015-04-30,2015-05-11,
0000873364,CEPHALON INC,,,,2834,acquired,2004-03-12,2011-02-11,2011-08-03,2017-03-31,
0000019520,CHATTEM INC,,,,2834,acquired,1995-02-28,2010-01-28,2010-01-28,2011-02-10,
0001092662,"CHEMBIO DIAGNOSTICS, INC.",CEMI,xbrl_cover:2023-03-29,,2834,acquired,2009-03-18,2023-03-29,2023-03-29,2023-05-09,Chembio Diagnostics Inc. (until 2005-05-11); TRADING SOLUTIONS COM INC (until 2004-06-07)
0001339469,"CHIASMA, INC",CHMA,xbrl_cover:2021-05-05,,2834,acquired,2016-03-17,2021-03-04,2021-05-05,2022-02-15,CHIASMA INC (until 2011-07-01)
0001117480,CHIMERIX INC,CMRX,xbrl_cover:2025-04-16,,2834,acquired,2014-03-07,2025-03-21,2025-04-16,2025-08-13,
0001435049,"CHINOOK THERAPEUTICS, INC.",KDNY,xbrl_cover:2023-08-07,,2834,acquired,2016-03-08,2023-02-27,2023-08-07,2023-11-22,"ADURO BIOTECH, INC. (until 2020-10-15); ADURO BIOTECH (until 2011-04-22)"
0000716646,CLINICAL DATA INC,,,,2834,acquired,1996-06-26,2010-06-14,2011-02-09,2011-04-25,NOVITRON INTERNATIONAL INC (until 2003-10-07)
0001367920,"CONCERT PHARMACEUTICALS, INC.",CNCE,xbrl_cover:2022-11-07,,2834,acquired,2014-03-31,2022-03-03,2022-11-07,2023-03-16,CONCERT PHARMACEUTICALS INC (until 2008-05-09)
0001434418,CONSTELLATION PHARMACEUTICALS INC,CNST,xbrl_cover:2021-05-10,,2834,acquired,2019-03-14,2021-02-24,2021-05-10,2021-07-26,
0001145404,CORNERSTONE THERAPEUTICS INC,,,,2834,acquired,2005-03-17,2013-03-14,2013-11-07,2014-02-14,CRITICAL THERAPEUTICS INC (until 2008-11-04)
0001418919,"CPEX Pharmaceuticals, Inc.",,,,2834,acquired,2009-03-25,2011-03-31,2011-03-31,2011-05-03,
0000891293,CTI BIOPHARMA CORP,CTIC,xbrl_cover:2023-05-15,,2834,acquired,2013-02-28,2023-03-06,2023-05-15,2023-07-06,CELL THERAPEUTICS INC (until 2014-05-29)
0000912183,CUBIST PHARMACEUTICALS INC,,,,2834,acquired,2007-03-01,2014-02-25,2014-11-07,2015-02-23,
0000716054,CYPRESS BIOSCIENCE INC,,,,2836,acquired,1996-02-20,2010-03-31,2010-11-09,2012-02-08,IMRE CORP (until 1996-01-29)
0001521762,Cadista Holdings Inc.,,,,2834,acquired,2012-07-13,2014-06-27,2014-11-12,2014-12-29,
0001496671,"Calithera Biosciences, Inc.",CALA,xbrl_cover:2023-03-31,,2834,acquired,2015-03-27,2023-03-31,2023-03-31,2023-06-15,
0001795579,Calliditas Therapeutics AB,CALT,xbrl_cover:2024-04-24,,2834,acquired,2021-04-27,2024-04-24,2024-04-24,2024-09-23,
0001596783,"Catalent, Inc.",CTLT,xbrl_cover:2024-11-05,,2834,acquired,2016-08-29,2024-09-06,2024-11-05,2024-12-30,PTS Holdings Corp. (until 2014-01-24)
0001327467,Celator Pharmaceuticals Inc,,,,2834,acquired,2013-04-01,2016-03-21,2016-05-10,2018-02-13,
0001378624,"Cellular Biomedicine Group, Inc.",CBMG,xbrl_cover:2020-11-09,,2836,acquired,2009-03-31,2020-02-28,2020-11-09,2021-03-03,EastBridge Investment Group Corp (until 2013-02-22)
0001805387,"Cerevel Therapeutics Holdings, Inc.",CERE,xbrl_cover:2024-05-08,,2834,acquired,2021-03-24,2024-02-27,2024-05-08,2024-08-12,ARYA Sciences Acquisition Corp II (until 2020-10-26)
0001651431,"Checkmate Pharmaceuticals, Inc.",CMPI,xbrl_cover:2022-05-12,,2836,acquired,2021-03-29,2022-03-30,2022-05-12,2022-06-10,
0001651407,"Checkpoint Therapeutics, Inc.",CKPT,xbrl_cover:2025-05-13,,2834,acquired,2017-03-17,2025-03-28,2025-05-13,2025-08-14,
0001333763,"Chelsea Therapeutics International, Ltd.",,,,2836,acquired,2006-03-08,2014-03-11,2014-05-09,2014-07-03,
0001340652,"ChemoCentryx, Inc.",CCXI,xbrl_cover:2022-08-08,,2834,acquired,2012-03-30,2022-03-01,2022-08-08,2022-10-31,
0001868734,"CinCor Pharma, Inc.",CINC,xbrl_cover:2022-11-03,,2834,acquired,2022-03-22,2022-03-22,2022-11-03,2023-03-06,
0001348649,"CoLucid Pharmaceuticals, Inc.",,,,2834,acquired,2016-03-24,2016-03-24,2016-11-09,2017-04-20,Colucid Pharmaceuticals Inc (until 2009-01-30)
0001819663,Coeptis Therapeutics Inc.,,,,2834,acquired,2022-03-11,2022-03-11,2022-11-08,2022-12-14,"VININGS HOLDINGS, INC. (until 2021-05-18)"
0001594337,"Corium International, Inc.",,,,2834,acquired,2014-12-15,2017-12-29,2018-08-10,2018-12-07,
0001809122,CureVac N.V.,CVAC,xbrl_cover:2025-04-11,,2834,acquired,2021-04-27,2025-04-11,2025-04-11,2026-01-16,CureVac B.V. (until 2020-08-14)
0001042074,"CymaBay Therapeutics, Inc.",CBAY,xbrl_cover:2024-02-28,,2834,acquired,2014-03-31,2024-02-28,2024-02-28,2024-04-01,"METABOLEX, INC. (until 2009-11-10); METABOLEX INC (until 2009-03-05)"
0001662244,"Cyteir Therapeutics, Inc.",CYT,xbrl_cover:2023-11-06,,2834,acquired,2022-03-16,2023-03-23,2023-11-06,2024-03-29,
0001645569,"DICE Therapeutics, Inc.",DICE,xbrl_cover:2023-08-08,,2834,acquired,2022-03-28,2023-03-15,2023-08-08,2023-08-21,"DiCE Molecules Holdings, LLC (until 2021-09-10); DiCE MOLECULES HOLDINGS, LLC (until 2021-09-10)"
0001075206,DRAGON PHARMACEUTICAL INC,,,,2834,acquired,2001-04-16,2010-03-31,2010-05-17,2010-07-22,DRAGON PHARMACEUTICALS INC (until 2005-01-18)
0000879993,DUSA PHARMACEUTICALS INC,,,,2834,acquired,1997-03-24,2012-03-06,2012-11-09,2020-06-12,
0001656536,"Decibel Therapeutics, Inc.",DBTX,xbrl_cover:2023-08-11,,2834,acquired,2021-03-29,2023-03-14,2023-08-11,2024-02-14,
0001654151,"Deciphera Pharmaceuticals, Inc.",DCPH,xbrl_cover:2024-05-10,,2834,acquired,2018-03-28,2024-02-07,2024-05-10,2024-11-14,"Deciphera Pharmaceuticals, LLC (until 2017-08-15)"
0001557883,"Dermira, Inc.",,,,2834,acquired,2015-03-25,2019-02-26,2019-11-05,2021-02-16,
0001399529,Dicerna Pharmaceuticals Inc,DRNA,xbrl_cover:2021-11-09,,2834,acquired,2014-03-27,2021-02-26,2021-11-09,2022-02-14,
0001592288,"Dimension Therapeutics, Inc.",,,,2836,acquired,2016-03-24,2017-03-09,2017-11-06,2017-11-17,
0001685071,Dova Pharmaceuticals Inc.,,,,2834,acquired,2018-02-16,2019-03-05,2019-11-12,2019-11-22,"Dova Pharmaceuticals, Inc. (until 2018-10-04)"
0001544116,"Durata Therapeutics, Inc.",,,,2834,acquired,2013-03-08,2014-03-14,2014-11-07,2014-12-12,
0000737572,ELAN CORP PLC,,,,2834,acquired,2002-07-01,2013-02-12,2013-02-12,2016-03-29,
0001100962,ENDO HEALTH SOLUTIONS INC.,,,,2834,acquired,2006-03-08,2014-03-03,2014-03-03,2019-06-18,ENDO PHARMACEUTICALS HOLDINGS INC (until 2012-05-23)
0001235007,ENDOCYTE INC,,,,2834,acquired,2011-03-18,2018-02-27,2018-11-08,2019-02-14,
0000316253,ENZO BIOCHEM INC,ENZB,xbrl_cover:2025-06-16,,2836,acquired,2005-10-14,2024-10-29,2025-06-16,2025-11-14,
0001843762,"EQRx, Inc.",EQRX|EQRXW,xbrl_cover:2023-11-06,,2834,acquired,2022-03-23,2023-02-23,2023-11-06,2023-11-20,CM Life Sciences III Inc. (until 2021-12-17)
0001119745,EURAND N.V.,,,,2834,acquired,2008-03-31,2010-03-17,2010-03-17,2011-03-11,
0001731831,"Eidos Therapeutics, Inc.",EIDX,xbrl_cover:2020-10-29,,2834,acquired,2019-04-15,2020-02-26,2020-10-29,2021-02-05,
0001783032,"Elevation Oncology, Inc.",ELEV,xbrl_cover:2025-05-15,,2836,acquired,2022-03-03,2025-03-06,2025-05-15,2025-08-14,"14ner Oncology, Inc. (until 2019-07-19)"
0002008861,Endo LP,,,,2834,acquired,2025-03-13,2025-03-13,2025-05-12,2025-08-05,"Endo, Inc. (until 2025-06-25)"
0001724344,Entasis Therapeutics Holdings Inc.,ETTX,xbrl_cover:2022-05-02,,2834,acquired,2019-03-29,2022-03-03,2022-05-02,2022-07-21,Entasis Therapeutics Ltd (until 2018-08-17)
0001571498,"Epizyme, Inc.",EPZM,xbrl_cover:2022-08-09,,2834,acquired,2014-02-28,2022-03-01,2022-08-09,2023-02-14,
0001566373,"F-star Therapeutics, Inc.",FSTX,xbrl_cover:2022-11-10,,2834,acquired,2017-02-14,2022-03-15,2022-11-10,2023-03-20,"Spring Bank Pharmaceuticals, Inc. (until 2020-11-09)"
0001175505,"FIVE PRIME THERAPEUTICS, INC.",FPRX,xbrl_cover:2021-03-22,,2834,acquired,2014-03-26,2021-03-22,2021-03-22,2022-02-15,FIVE PRIME THERAPEUTICS INC (until 2019-08-02)
0001011308,FOOTSTAR INC,,,,2834,acquired,1997-03-28,2012-03-30,2012-03-30,2012-05-09,FOOTWEAR GROUP INC (until 1996-03-27)
0000357097,"Fibrocell Science, Inc.",,,,2834,acquired,2004-03-29,2019-03-27,2019-11-14,2020-01-07,ISOLAGEN INC (until 2009-09-14); AMERICAN FINANCIAL HOLDING INC /DE (until 2001-08-22)
0001419600,Flexion Therapeutics Inc,FLXN,xbrl_cover:2021-11-12,,2834,acquired,2014-03-28,2021-03-10,2021-11-12,2021-11-29,
0000038074,"Forest Laboratories, LLC",,,,2834,acquired,2006-06-14,2014-05-30,2014-06-30,2014-07-15,Tango Merger Sub 2 LLC (until 2014-07-01); FOREST LABORATORIES INC (until 2014-06-30)
0001538927,"Forma Therapeutics Holdings, Inc.",FMTX,xbrl_cover:2022-08-05,,2836,acquired,2021-03-30,2022-03-01,2022-08-05,2023-02-14,"Forma Therapeutics Holdings, Inc., (until 2020-07-30); Forma Therapeutics Holdings LLC (until 2012-09-06)"
0001667633,"Forty Seven, Inc.",,,,2834,acquired,2019-03-28,2020-03-20,2020-03-20,2020-04-17,
0001484478,"Furiex Pharmaceuticals, Inc.",,,,2834,acquired,2011-03-18,2014-03-17,2014-05-09,2015-02-17,
0001805890,Fusion Pharmaceuticals Inc.,FUSN,xbrl_cover:2024-05-07,,2836,acquired,2021-03-25,2024-03-20,2024-05-07,2024-06-17,
0001560241,"G1 Therapeutics, Inc.",GTHX,xbrl_cover:2024-08-08,,2834,acquired,2018-02-21,2024-02-28,2024-08-08,2024-11-13,"G-Zero Therapeutics, Inc. (until 2013-04-18)"
0000934473,GENVEC INC,,,,2834,acquired,2001-03-30,2017-03-06,2017-05-10,2017-06-26,
0000732485,GENZYME CORP,,,,2836,acquired,2004-03-15,2011-03-01,2011-03-24,2011-04-18,
0001351288,GW PHARMACEUTICALS PLC,GWPH,xbrl_cover:2021-05-03,,2834,acquired,2013-11-25,2021-02-26,2021-05-03,2022-02-11,
0001314755,Gentium S.p.A.,,,,2834,acquired,2006-05-30,2014-04-01,2014-04-01,2019-12-26,
0001629137,"Global Blood Therapeutics, Inc.",GBT,xbrl_cover:2022-08-08,,2834,acquired,2016-03-29,2022-02-23,2022-08-08,2023-02-14,
0001822691,"GreenLight Biosciences Holdings, PBC",GRNA|GRNAW,xbrl_cover:2023-05-11,,2836,acquired,2021-03-26,2023-03-28,2023-05-11,2023-08-11,Environmental Impact Acquisition Corp (until 2022-02-03)
0001642375,"Guardion Health Sciences, Inc.",GHSI,xbrl_cover:2024-08-13,,2834,acquired,2017-03-30,2024-03-29,2024-08-13,2025-01-24,"Guardion Health Sciences, LLC (until 2015-05-18)"
0000887497,HI TECH PHARMACAL CO INC,,,,2834,acquired,2001-07-27,2013-07-11,2014-03-11,2014-04-28,
0001760542,HOOKIPA Pharma Inc.,HOOK,edgar_current,OTC,2834,acquired,2020-03-19,2025-02-28,2025-05-15,2025-10-09,
0001070698,HORIZON PHARMACEUTICAL LLC,,,,2834,acquired,2004-03-30,2016-02-26,2016-08-04,2019-12-20,"Raptor Pharmaceutical Corp (until 2016-10-31); TorreyPines Therapeutics, Inc. (until 2009-09-08); AXONYX INC (until 2006-09-28)"
0001274057,HOSPIRA INC,,,,2834,acquired,2005-03-22,2015-02-12,2015-07-29,2015-10-06,
0000901219,HUMAN GENOME SCIENCES INC,,,,2836,acquired,1998-03-31,2012-02-28,2012-07-26,2013-02-14,
0001386858,HYPERION THERAPEUTICS INC,,,,2834,acquired,2013-02-25,2015-03-04,2015-05-06,2016-02-11,
0001708493,"Harpoon Therapeutics, Inc.",HARP,xbrl_cover:2023-11-09,,2836,acquired,2019-03-14,2023-03-27,2023-11-09,2024-03-21,
0001492426,Horizon Therapeutics Public Ltd Co,HZNP,xbrl_cover:2023-08-08,,2834,acquired,2016-02-29,2023-03-01,2023-08-08,2023-10-16,"Horizon Pharma plc (until 2019-05-02); HORIZON PHARMA, INC. (until 2014-09-19)"
0000902622,ICAGEN INC,,,,2834,acquired,2005-03-31,2011-03-09,2011-08-12,2012-02-10,
0001093649,IDENIX PHARMACEUTICALS INC,,,,2834,acquired,2005-03-17,2014-02-27,2014-07-31,2014-08-15,NOVIRIO PHARMACEUTICALS LTD (until 2002-05-20)
0001437786,IMMUNE DESIGN CORP.,,,,2834,acquired,2015-03-31,2019-03-13,2019-03-28,2019-04-12,VACCSYS INC (until 2008-06-13)
0001274913,"INHIBITEX, INC.",,,,2836,acquired,2005-03-28,2011-03-16,2011-11-08,2012-02-27,INHIBITEX INC (until 2006-01-11)
0000802724,INSITE VISION INC,,,,2834,acquired,1997-03-05,2015-02-18,2015-08-13,2015-11-04,
0001040416,INSPIRE PHARMACEUTICALS INC,,,,2834,acquired,2001-03-20,2011-02-25,2011-05-10,2011-06-03,
0001270073,"INTERCEPT PHARMACEUTICALS, INC.",ICPT,xbrl_cover:2023-11-06,,2834,acquired,2015-03-02,2023-03-02,2023-11-06,2023-11-20,INTERCEPT PHARMACEUTICALS INC (until 2018-04-12)
0001087432,INTERMUNE INC,,,,2834,acquired,2007-03-30,2014-02-24,2014-08-07,2018-07-25,INTERMUNE PHARMACEUTICALS INC (until 2001-04-04)
0000930553,ISTA PHARMACEUTICALS INC,,,,2834,acquired,2001-03-30,2012-02-27,2012-05-04,2012-06-18,
0001410939,"IVERIC bio, Inc.",ISEE,xbrl_cover:2023-05-10,,2834,acquired,2014-03-11,2023-03-01,2023-05-10,2024-02-14,Ophthotech Corp. (until 2019-04-11)
0001786255,"Icosavax, Inc.",ICVX,xbrl_cover:2023-11-14,,2836,acquired,2022-03-30,2023-03-30,2023-11-14,2024-03-01,
0001557421,"Ignyta, Inc.",,,,2834,acquired,2013-10-31,2017-03-14,2017-11-07,2018-02-22,Infinity Oil & Gas Co (until 2013-11-01)
0001623715,"Imago BioSciences, Inc.",IMGO,xbrl_cover:2022-11-09,,2834,acquired,2022-03-24,2022-03-24,2022-11-09,2023-02-14,
0000855654,"ImmunoGen, Inc.",IMGN,xbrl_cover:2023-11-02,,2834,acquired,2013-08-29,2023-03-01,2023-11-02,2024-02-22,IMMUNOGEN INC (until 2019-08-05)
0001003642,"Impax Laboratories, LLC",,,,2834,acquired,2004-03-15,2018-03-01,2018-05-10,2025-08-12,IMPAX LABORATORIES INC (until 2018-05-04); GLOBAL PHARMACEUTICAL CORP \DE\ (until 1999-12-27)
0001739614,"Inhibrx, Inc.",INBX,xbrl_cover:2024-05-09,,2836,acquired,2021-03-12,2024-02-28,2024-05-09,2024-11-14,
0001660484,Innocoll Holdings plc,,,,2834,acquired,2016-03-17,2017-03-16,2017-05-10,2018-02-14,
0001693011,"Inozyme Pharma, Inc.",INZY,xbrl_cover:2025-05-14,,2834,acquired,2021-03-25,2025-03-10,2025-05-14,2025-08-27,"Inozyme Pharma, LLC (until 2017-01-05)"
0001638381,Intec Pharma Ltd.,NTEC,xbrl_cover:2021-05-17,,2834,acquired,2016-03-14,2021-03-16,2021-05-17,2021-08-13,
0001567514,"Intra-Cellular Therapies, Inc.",ITCI,xbrl_cover:2025-03-20,,2834,acquired,2013-07-16,2025-02-21,2025-03-20,2025-06-05,"Intra-Cellular Therapies, Inc. (until 2025-06-05); Oneida Resources Corp. (until 2013-08-29)"
0000050710,"JAVELIN PHARMACEUTICALS, INC",,,,2834,acquired,2006-04-14,2010-03-08,2010-05-10,2010-07-16,INTRAC INC (until 2005-09-20)
0000821995,JUNIPER PHARMACEUTICALS INC,,,,2834,acquired,1995-04-14,2018-03-09,2018-08-09,2018-08-31,COLUMBIA LABORATORIES INC (until 2015-04-03)
0001640455,"Jounce Therapeutics, Inc.",JNCE,xbrl_cover:2023-04-28,,2836,acquired,2017-03-10,2023-03-10,2023-04-28,2024-02-14,
0001594864,"Juno Therapeutics, Inc.",,,,2836,acquired,2015-03-19,2018-03-01,2018-03-01,2019-02-14,
0001114220,KERYX BIOPHARMACEUTICALS INC,,,,2834,acquired,2001-03-30,2018-02-21,2018-11-13,2020-06-26,KERYX BIOPHAMAEUTICALS INC (until 2000-06-30)
0001445283,"KINETA, INC./DE",KANT,xbrl_cover:2025-05-15,,2834,acquired,2016-03-30,2025-03-06,2025-05-15,2025-11-14,"YUMANITY THERAPEUTICS, INC. (until 2022-12-16); PROTEOSTASIS THERAPEUTICS, INC. (until 2020-12-16); PROTEOSTASIS THERAPEUTICS INC (until 2011-06-02)"
0001047699,KING PHARMACEUTICALS INC,,,,2834,acquired,1999-03-31,2010-02-26,2010-11-05,2011-03-11,
0001400482,KUBOTA PHARMACEUTICAL HOLDINGS CO LTD,,,,2834,acquired,2014-03-28,2017-03-15,2017-05-10,2017-12-11,ACUCELA INC. (until 2016-12-05); Acucela Inc (until 2013-12-17)
0001436304,KYTHERA BIOPHARMACEUTICALS INC,,,,2834,acquired,2013-03-26,2015-03-02,2015-08-06,2016-02-11,
0001557142,"Kadmon Holdings, Inc.",KDMN,xbrl_cover:2021-11-04,,2834,acquired,2017-03-22,2021-03-04,2021-11-04,2022-02-14,"Kadmon Holdings, LLC (until 2016-07-28)"
0001771917,"Karuna Therapeutics, Inc.",KRTX,xbrl_cover:2024-03-14,,2834,acquired,2020-03-24,2024-02-22,2024-03-14,2024-03-28,
0001561743,"Kindred Biosciences, Inc.",KIN,xbrl_cover:2021-08-05,,2834,acquired,2014-03-14,2021-03-16,2021-08-05,2022-02-14,
0001797768,Kinnate Biopharma Inc.,KNTE,xbrl_cover:2024-03-28,,2834,acquired,2021-03-29,2024-03-28,2024-03-28,2024-11-13,
0001510580,"Kite Pharma, Inc.",,,,2836,acquired,2015-03-26,2017-02-28,2017-08-08,2017-10-13,
0001741830,"Kronos Bio, Inc.",KRON,xbrl_cover:2025-05-08,,2834,acquired,2021-03-23,2025-03-18,2025-05-08,2025-06-30,
0000920465,LA JOLLA PHARMACEUTICAL CO,LJPC,xbrl_cover:2022-08-15,,2836,acquired,2008-03-17,2022-03-09,2022-08-15,2023-02-14,
0001126234,"LUMOS PHARMA, INC.",LUMO,xbrl_cover:2024-11-07,,2834,acquired,2012-03-30,2024-03-07,2024-11-07,2025-02-13,NEWLINK GENETICS CORP (until 2020-03-20)
0001785345,"Landos Biopharma, Inc.",LABP,xbrl_cover:2024-05-09,,2834,acquired,2021-03-31,2024-03-21,2024-05-09,2024-06-03,
0001073431,Life Technologies Corp,,,,2836,acquired,2006-03-01,2013-02-28,2013-11-05,2015-02-11,INVITROGEN CORP (until 2008-11-18)
0001664106,"LogicBio Therapeutics, Inc.",LOGC,xbrl_cover:2022-11-14,,2836,acquired,2019-04-01,2022-03-04,2022-11-14,2023-02-14,
0001832168,"Longboard Pharmaceuticals, Inc.",LBPH,xbrl_cover:2024-11-07,,2834,acquired,2022-03-03,2024-03-12,2024-11-07,2025-02-14,
0001581720,"Loxo Oncology, Inc.",,,,2834,acquired,2015-03-27,2018-03-01,2018-11-08,2020-02-14,
0001401923,"MAP Pharmaceuticals, Inc.",,,,2834,acquired,2008-03-20,2012-03-30,2012-11-06,2014-02-07,
0001267813,"MARINUS PHARMACEUTICALS, INC.",MRNS,xbrl_cover:2024-11-12,,2834,acquired,2015-03-12,2024-03-05,2024-11-12,2025-05-15,MARINUS PHARMACEUTICALS INC (until 2022-03-31)
0000892025,MARTEK BIOSCIENCES CORP,,,,2836,acquired,1997-01-29,2010-12-29,2011-02-25,2013-02-11,
0001006195,MATRIXX INITIATIVES INC,,,,2834,acquired,2000-03-30,2010-06-07,2011-02-07,2014-10-03,GUMTECH INTERNATIONAL INC \UT\ (until 2002-06-18)
0001113481,MEDICINES CO /DE,MDCO,xbrl_cover:2019-10-30,,2834,acquired,2009-03-02,2019-02-27,2019-10-30,2020-02-14,MEDICINES CO/ MA (until 2003-02-14)
0000859368,MEDICIS PHARMACEUTICAL CORP,,,,2834,acquired,1996-08-15,2012-02-28,2012-11-09,2013-02-14,
0001011835,"MEDIVATION, INC.",,,,2834,acquired,2009-03-16,2016-02-26,2016-08-09,2016-10-11,ORION ACQUISITION CORP II (until 2005-06-20)
0000064978,MERCK SHARP & DOHME LLC,,,,2834,acquired,2005-03-11,2010-03-30,2010-03-30,2026-08-07,MERCK SHARP & DOHME CORP. (until 2022-11-21); MERCK & CO INC (until 2009-11-02)
0001131907,"MICROMET, INC.",,,,2836,acquired,2004-03-29,2012-03-02,2012-03-02,2013-02-14,CANCERVAX CORP (until 2006-05-01)
0001235010,MOMENTA PHARMACEUTICALS INC,MNTA,xbrl_cover:2020-08-10,,2836,acquired,2014-02-28,2020-02-27,2020-08-10,2020-11-10,
0000069499,MYLAN INC.,,,,2834,acquired,2005-05-20,2015-03-02,2015-04-30,2026-06-15,MYLAN LABORATORIES INC (until 2007-10-05)
0001634379,"Metacrine, Inc.",MTCR,xbrl_cover:2022-11-14,,2834,acquired,2021-03-18,2022-03-30,2022-11-14,2023-03-24,
0000919745,Midatech Pharma US Inc.,,,,2834,acquired,1997-03-31,2015-03-03,2015-11-02,2015-12-14,"DARA BioSciences, Inc. (until 2015-12-02); DARA BIOSCIENCES INC (until 2008-02-25); POINT THERAPEUTICS INC (until 2008-02-11); HMSR INC (until 2002-02-11); HEMASURE INC (until 2001-05-15)"
0001576263,"Mirati Therapeutics, Inc.",MRTX,xbrl_cover:2023-11-06,,2834,acquired,2014-03-17,2023-02-28,2023-11-06,2024-02-14,
0001527096,Miromatrix Medical Inc.,MIRO,xbrl_cover:2023-11-14,,2836,acquired,2022-03-30,2023-03-31,2023-11-14,2024-02-14,
0001679363,"Morphic Holding, Inc.",MORF,xbrl_cover:2024-07-25,,2834,acquired,2020-02-27,2024-02-22,2024-07-25,2024-11-14,"Morphic Holding, LLC (until 2018-10-01)"
0001340243,MorphoSys AG,MOR,xbrl_cover:2024-03-13,,2834,acquired,2019-03-13,2024-03-13,2024-03-13,2024-10-17,
0001623613,Mylan II B.V.,MYL,xbrl_cover:2020-11-06,,2834,acquired,2016-02-16,2020-02-28,2020-11-06,2026-06-15,Mylan N.V. (until 2020-11-06); New Moon B.V. (until 2014-12-24)
0001552451,"MyoKardia, Inc.",MYOK,xbrl_cover:2020-11-05,,2834,acquired,2016-03-18,2020-02-27,2020-11-05,2020-11-27,MyoKardia Inc (until 2020-02-27)
0001679082,Myovant Sciences Ltd.,MYOV,xbrl_cover:2023-01-26,,2834,acquired,2017-06-14,2022-05-11,2023-01-26,2023-03-20,
0001459450,"Myrexis, Inc.",,,,2834,acquired,2009-09-28,2013-07-17,2013-07-26,2021-08-17,"Myriad Pharmaceuticals, Inc. (until 2010-06-18)"
0001426332,NGM BIOPHARMACEUTICALS INC,NGM,xbrl_cover:2024-04-04,,2834,acquired,2020-03-17,2024-03-11,2024-04-04,2024-04-15,
0000890465,NPS PHARMACEUTICALS INC,,,,2836,acquired,2006-03-03,2015-02-18,2015-02-23,2015-03-05,
0001375200,NUPATHE INC.,,,,2834,acquired,2011-03-18,2013-03-27,2013-11-14,2014-03-19,NUPATHE INC (until 2008-07-21)
0001694187,"Neon Therapeutics, Inc.",,,,2836,acquired,2019-03-11,2020-03-02,2020-05-01,2020-05-18,
0001467652,"Neos Therapeutics, Inc.",NEOS,xbrl_cover:2020-11-09,,2834,acquired,2016-03-18,2020-03-13,2020-11-09,2021-03-30,
0001513856,"Neurotrope, Inc.",NTRP,xbrl_cover:2020-11-09,,2834,acquired,2012-04-26,2020-03-13,2020-11-09,2021-01-29,"BlueFlash Communications, Inc. (until 2013-08-08)"
0001618561,Nexvet Biopharma plc,,,,2834,acquired,2015-09-03,2016-09-02,2017-05-11,2018-02-13,NEXVET BIOPHARMA Ltd (until 2014-09-05)
0001711675,Nightstar Therapeutics plc,,,,2836,acquired,2018-04-03,2019-03-18,2019-05-10,2020-02-14,Nightstar Therapeutics Ltd (until 2017-09-15)
0001012140,ONYX PHARMACEUTICALS INC,,,,2836,acquired,2004-03-15,2013-02-28,2013-08-09,2013-12-16,
0001385508,"OPIANT PHARMACEUTICALS, INC.",OPNT,xbrl_cover:2022-11-14,,2834,acquired,2008-10-14,2022-03-15,2022-11-14,2023-07-11,"Lightlake Therapeutics Inc. (until 2016-01-22); Madrona Ventures, Inc. (until 2009-10-09)"
0001142576,OPTIMER PHARMACEUTICALS INC,,,,2834,acquired,2007-03-30,2013-03-18,2013-08-07,2015-03-26,
0001360886,"OSIRIS THERAPEUTICS, INC.",,,,2836,acquired,2007-03-26,2019-03-15,2019-03-15,2019-04-29,
0001821318,OTR Acquisition Corp.,OTRAU|OTRA|OTRAW,xbrl_cover:2022-05-13,,2834,acquired,2021-03-03,2022-03-08,2022-05-13,2023-02-13,
0001375247,"Obagi Medical Products, Inc.",,,,2834,acquired,2007-03-15,2013-03-15,2013-04-24,2013-05-13,
0001140098,"Ocata Therapeutics, Inc.",,,,2834,acquired,2009-07-07,2015-03-16,2015-11-09,2016-02-22,"ADVANCED CELL TECHNOLOGY, INC. (until 2014-11-10); A.C.T. Holdings, Inc. (until 2005-06-22); A.C.T Holdings, Inc. (until 2005-02-18); C T Holdings Inc (until 2005-02-04); TWO MOONS KACHINAS CORP (until 2005-02-02)"
0001274644,"Ocera Therapeutics, Inc.",,,,2834,acquired,2012-02-29,2017-03-14,2017-11-14,2018-02-14,TRANZYME INC (until 2013-07-10)
0001797336,"Old Ayala, Inc",AYLA,xbrl_cover:2022-11-03,,2836,acquired,2021-03-24,2023-03-31,2023-03-31,2023-11-01,"Ayala Pharmaceuticals, Inc. (until 2023-01-19)"
0001302573,OncoMed Pharmaceuticals Inc,,,,2834,acquired,2014-03-18,2019-03-07,2019-03-07,2019-05-03,
0001494650,"OptiNose, Inc.",OPTN,xbrl_cover:2025-05-14,,2834,acquired,2018-03-13,2025-03-26,2025-05-14,2025-08-14,
0001748907,Orchard Therapeutics plc,ORTX,xbrl_cover:2023-11-13,,2836,acquired,2019-03-22,2023-03-14,2023-11-13,2024-11-14,Orchard Rx Ltd (until 2018-10-26)
0001720725,"Oyster Point Pharma, Inc.",OYST,xbrl_cover:2022-11-10,,2836,acquired,2020-02-27,2022-02-24,2022-11-10,2023-02-14,
0001822711,"PARDES BIOSCIENCES, INC.",PRDS,xbrl_cover:2023-08-04,,2834,acquired,2022-03-29,2023-03-14,2023-08-04,2023-09-18,FS Development Corp. II (until 2021-12-23)
0001400431,PATHEON INC,,,,2834,acquired,2011-12-19,2014-01-10,2014-02-21,2017-05-15,
0001047188,PENWEST PHARMACEUTICALS CO,,,,2834,acquired,1999-03-31,2010-03-16,2010-08-06,2011-04-12,
0000949699,PHARMACYCLICS INC,,,,2834,acquired,2007-09-13,2015-02-18,2015-05-04,2015-06-15,
0001811764,POINT Biopharma Global Inc.,PNT,xbrl_cover:2023-11-13,,2834,acquired,2021-03-04,2023-03-27,2023-11-13,2024-01-08,Therapeutics Acquisition Corp. (until 2021-06-30)
0001269021,PORTOLA PHARMACEUTICALS INC,PTLA,xbrl_cover:2020-05-11,,2834,acquired,2014-03-03,2020-02-28,2020-05-11,2020-07-13,
0001059790,POZEN INC /NC,,,,2834,acquired,2001-03-21,2015-03-11,2015-11-09,2016-03-14,
0000835887,PROGENICS PHARMACEUTICALS INC,,,,2834,acquired,2009-03-13,2020-03-13,2020-05-07,2022-02-08,
0001268659,"PROLOR Biotech, Inc.",,,,2834,acquired,2009-03-16,2013-03-15,2013-08-09,2013-09-26,Modigene Inc. (until 2009-05-28); LDG INC (until 2006-12-22)
0001807901,"Pandion Therapeutics, Inc.",,,,2834,acquired,2021-03-12,2021-03-12,2021-03-31,2022-02-11,Pandion Therapeutics Holdco LLC (until 2020-07-16)
0001178711,"Paratek Pharmaceuticals, Inc.",PRTK,xbrl_cover:2023-08-03,,2834,acquired,2009-03-31,2023-03-16,2023-08-03,2023-10-02,Transcept Pharmaceuticals Inc (until 2014-10-30); NOVACEA INC (until 2009-01-20)
0001643848,Patheon N.V.,,,,2834,acquired,2016-12-23,2016-12-23,2017-06-09,2017-09-13,Patheon Holdings Cooperatief U.A. (until 2016-02-05)
0001834645,"Peak Bio, Inc.",PKBO,xbrl_cover:2024-11-12,,2836,acquired,2021-04-15,2024-08-06,2024-11-12,2024-12-04,Ignyte Acquisition Corp. (until 2022-11-02)
0001339455,"Pernix Sleep, Inc.",,,,2834,acquired,2006-03-22,2012-03-09,2012-11-01,2013-04-26,"Somaxon Pharmaceuticals, Inc. (until 2013-02-14)"
0001478121,Pfenex Inc.,PFNX,xbrl_cover:2020-08-06,,2834,acquired,2015-03-16,2020-03-11,2020-08-06,2021-02-11,
0001301081,Pharmasset Inc,,,,2834,acquired,2007-12-31,2011-11-14,2011-11-14,2013-02-12,
0001661460,"Poseida Therapeutics, Inc.",PSTX,xbrl_cover:2024-11-07,,2836,acquired,2021-03-11,2024-03-07,2024-11-07,2025-05-15,
0001714798,Prevail Therapeutics Inc.,,,,2836,acquired,2020-03-26,2020-03-26,2020-11-13,2021-02-16,
0001510487,Principia Biopharma Inc.,PRNB,xbrl_cover:2020-08-06,,2834,acquired,2019-03-19,2020-03-10,2020-08-06,2021-02-16,
0001718852,"Prometheus Biosciences, Inc.",RXDX,xbrl_cover:2023-05-09,,2834,acquired,2022-03-09,2023-02-28,2023-05-09,2023-06-27,"Precision IBD, Inc. (until 2019-07-15)"
0001574111,Prosensa Holding N.V. in liquidatie,,,,2834,acquired,2014-03-18,2015-04-30,2015-04-30,2016-02-16,Prosensa Holding N.V. (until 2015-03-23); Prosensa Holding B.V. (until 2013-06-28)
0001695357,"Provention Bio, Inc.",PRVB,xbrl_cover:2023-03-29,,2834,acquired,2019-03-19,2023-03-29,2023-03-29,2023-05-08,
0000891288,QUESTCOR PHARMACEUTICALS INC,,,,2834,acquired,2002-03-19,2014-02-26,2014-07-25,2014-08-25,CYPROS PHARMACEUTICAL CORP (until 1999-08-16)
0001358762,REATA PHARMACEUTICALS INC,RETA,xbrl_cover:2023-08-08,,2834,acquired,2017-03-03,2023-02-24,2023-08-08,2023-10-06,
0000897075,REPROS THERAPEUTICS INC.,,,,2836,acquired,2005-03-30,2017-03-31,2017-11-13,2019-02-14,REPROS THERAPEUTICS INC (until 2006-05-04); ZONAGEN INC (until 2006-05-02)
0001481512,"Ra Pharmaceuticals, Inc.",,,,2834,acquired,2017-03-06,2020-02-27,2020-04-03,2020-04-13,
0001428522,"Radius Health, Inc.",RDUS,xbrl_cover:2022-08-09,,2834,acquired,2009-03-25,2022-02-24,2022-08-09,2022-08-30,MPM ACQUISITION CORP (until 2011-05-13)
0001724979,Rain Oncology Inc.,RAIN,xbrl_cover:2023-11-09,,2834,acquired,2022-03-03,2023-03-09,2023-11-09,2024-02-14,Rain Therapeutics Inc. (until 2022-12-29)
0001463729,"Receptos, Inc.",,,,2834,acquired,2014-03-06,2015-03-02,2015-07-30,2016-02-12,"Receptos, Inc. (f.k.a. Receptor Pharmaceuticals Inc.) (until 2009-11-23)"
0001505512,Regulus Therapeutics Inc.,RGLS,xbrl_cover:2025-05-08,,2834,acquired,2013-02-19,2025-03-13,2025-05-08,2025-08-14,
0001416792,Relypsa Inc,,,,2834,acquired,2014-03-19,2016-02-25,2016-08-04,2019-08-13,
0001799850,"Renovacor, Inc.",RCOR|RCOR.WS,xbrl_cover:2022-11-10,,2836,acquired,2021-03-04,2022-03-24,2022-11-10,2023-04-05,Chardan Healthcare Acquisition 2 Corp. (until 2021-09-03); Chardan Healthcare Acquisition III Corp. (until 2020-01-16)
0001479290,"Revance Therapeutics, Inc.",RVNC,xbrl_cover:2024-11-07,,2834,acquired,2014-03-28,2024-02-28,2024-11-07,2025-05-15,
0001009356,SALIX PHARMACEUTICALS LTD,,,,2834,acquired,2006-03-16,2015-03-02,2015-03-02,2015-04-23,SALIX HOLDINGS LTD (until 1998-01-07)
0001172480,SANTARUS INC,,,,2834,acquired,2005-03-23,2013-03-04,2013-11-07,2015-04-23,
0000880771,SCICLONE PHARMACEUTICALS INC,,,,2834,acquired,2000-03-30,2017-03-09,2017-08-09,2018-02-09,
0000831547,SPECTRUM PHARMACEUTICALS INC,SPPI,xbrl_cover:2023-05-11,,2834,acquired,2011-03-10,2023-03-31,2023-05-11,2023-11-09,NEOTHERAPEUTICS INC (until 2002-12-11)
0001604477,SQZ Biotechnologies Co,SQZB,xbrl_cover:2023-11-08,,2836,acquired,2021-03-18,2023-03-22,2023-11-08,2024-02-13,
0001264587,STEMLINE THERAPEUTICS INC,,,,2834,acquired,2013-04-01,2020-03-16,2020-05-11,2021-02-12,
0000911326,SYNAGEVA BIOPHARMA CORP,,,,2836,acquired,2004-03-12,2015-02-26,2015-04-30,2016-02-16,TRIMERIS INC (until 2011-10-13)
0001369786,"Sagent Pharmaceuticals, Inc.",,,,2834,acquired,2012-03-29,2016-03-07,2016-08-05,2017-02-14,Sagent Holding Co. (until 2011-04-25); NHS PHARMACEUTICALS (until 2006-06-26)
0001692830,"Satsuma Pharmaceuticals, Inc.",STSA,xbrl_cover:2023-05-11,,2834,acquired,2020-03-10,2023-03-28,2023-05-11,2023-06-20,
0001060736,Seagen Inc.,SGEN,xbrl_cover:2023-11-01,,2836,acquired,2015-02-27,2023-02-15,2023-11-01,2023-12-26,SEATTLE GENETICS INC /WA (until 2020-10-08)
0001290149,"Sierra Oncology, Inc.",SRRA,xbrl_cover:2022-05-06,,2834,acquired,2016-03-03,2022-03-10,2022-05-06,2023-02-14,ProNAi Therapeutics Inc (until 2017-01-04)
0001821323,"Sigilon Therapeutics, Inc.",SGTX,xbrl_cover:2023-08-07,,2834,acquired,2021-03-18,2023-03-14,2023-08-07,2024-02-14,
0001636050,Sio Gene Therapies Inc.,SIOX,xbrl_cover:2023-02-14,,2834,acquired,2016-06-06,2022-06-14,2023-02-14,2023-04-25,Axovant Gene Therapies Ltd. (until 2020-11-13); Axovant Sciences Ltd. (until 2019-04-18); Roivant Neurosciences Ltd. (until 2015-03-24)
0001588972,"Societal CDMO, Inc.",SCTL,xbrl_cover:2024-04-05,,2834,acquired,2015-03-25,2024-03-22,2024-04-05,2024-04-18,"Recro Pharma, Inc. (until 2022-03-21)"
0001609351,"Spark Therapeutics, Inc.",ONCE,xbrl_cover:2019-11-07,,2836,acquired,2015-03-25,2019-02-28,2019-11-07,2020-02-14,
0001773427,"SpringWorks Therapeutics, Inc.",SWTX,xbrl_cover:2025-05-09,,2836,acquired,2020-03-12,2025-02-20,2025-05-09,2025-11-12,
0001619087,SteadyMed Ltd.,,,,2834,acquired,2016-03-29,2018-03-30,2018-08-14,2018-09-10,
0001634432,Strongbridge Biopharma plc,SBBP,xbrl_cover:2021-08-05,,2834,acquired,2016-03-24,2021-03-03,2021-08-05,2022-02-11,Cortendo AB (until 2015-08-28)
0001365216,"Sucampo Pharmaceuticals, Inc.",,,,2834,acquired,2008-03-27,2017-03-08,2017-11-01,2018-02-23,
0001718108,"Surface Oncology, Inc.",SURF,xbrl_cover:2023-08-02,,2836,acquired,2019-03-07,2023-03-09,2023-08-02,2023-09-18,
0001609727,"Synthorx, Inc.",,,,2834,acquired,2019-03-12,2019-03-12,2019-11-05,2020-02-18,
0001750019,TCR2 THERAPEUTICS INC.,TCRR,xbrl_cover:2023-05-11,,2836,acquired,2019-03-29,2023-03-23,2023-05-11,2024-02-14,
0001491576,"TESARO, Inc.",,,,2834,acquired,2013-02-20,2018-02-28,2018-11-02,2019-02-14,
0001361248,TETRALOGIC PHARMACEUTICALS Corp,,,,2834,acquired,2014-03-19,2016-03-16,2016-11-03,2021-02-16,
0001373707,TETRAPHASE PHARMACEUTICALS INC,,,,2834,acquired,2014-03-06,2020-03-12,2020-05-07,2023-02-01,
0001537917,"TYME TECHNOLOGIES, INC.",TYME,xbrl_cover:2022-08-09,,2834,acquired,2012-12-31,2022-05-25,2022-08-09,2022-09-30,GLOBAL GROUP ENTERPRISES CORP. (until 2014-09-19)
0001405197,Talecris Biotherapeutics Holdings Corp.,,,,2834,acquired,2010-02-23,2011-02-23,2011-04-27,2011-06-13,
0001745020,"Theseus Pharmaceuticals, Inc.",THRX,xbrl_cover:2023-11-17,,2834,acquired,2022-03-10,2023-03-09,2023-11-17,2024-02-26,
0001844280,"Thorne Healthtech, Inc.",THRN,xbrl_cover:2023-08-09,,2834,acquired,2022-03-16,2023-03-31,2023-08-09,2023-11-06,
0001581987,TiGenix NV,,,,2834,acquired,2017-04-06,2018-04-16,2018-04-16,2018-08-16,
0001311596,"Tobira Therapeutics, Inc.",,,,2834,acquired,2014-03-12,2016-03-03,2016-09-09,2017-02-14,"Tibira Therapeutics, Inc. (until 2015-05-06); Regado Biosciences Inc (until 2015-05-06)"
0001731176,Tottenham Acquisition I Ltd,,,,2834,acquired,2019-03-15,2020-03-24,2020-11-03,2022-02-11,
0001693415,"Translate Bio, Inc.",TBIO,xbrl_cover:2021-08-05,,2836,acquired,2019-03-21,2021-03-01,2021-08-05,2021-09-24,"RaNA Therapeutics, Inc. (until 2017-01-05)"
0001616212,Trillium Therapeutics Inc.,TRIL,xbrl_cover:2021-11-12,,2834,acquired,2015-03-24,2021-03-18,2021-11-12,2021-11-29,
0001356857,Trius Therapeutics Inc,,,,2834,acquired,2011-03-25,2013-03-13,2013-08-07,2014-02-14,RX3 PHARMACEUTICALS INC (until 2006-10-25)
0001595893,"Turning Point Therapeutics, Inc.",TPTX,xbrl_cover:2022-08-08,,2834,acquired,2020-03-18,2022-02-28,2022-08-08,2022-08-29,"TP Therapeutics, Inc. (until 2018-10-30); TP Therapeutics, INC (until 2017-05-25)"
0001740547,Urovant Sciences Ltd.,,,,2834,acquired,2019-06-14,2020-06-19,2021-02-12,2021-04-08,
0000930184,VALEANT PHARMACEUTICALS INTERNATIONAL,,,,2834,acquired,2003-03-31,2010-02-24,2010-08-03,2015-05-27,ICN PHARMACEUTICALS INC (until 2003-11-10); ICN MERGER CORP (until 1994-11-10)
0000946840,VIROPHARMA INC,,,,2834,acquired,2005-03-15,2013-02-27,2013-10-31,2014-02-25,
0001836379,VectivBio Holding AG,VECT,xbrl_cover:2023-04-19,,2836,acquired,2022-04-07,2023-04-19,2023-04-19,2024-02-14,
0001840574,"Verve Therapeutics, Inc.",VERV,xbrl_cover:2025-05-14,,2834,acquired,2022-03-14,2025-02-27,2025-05-14,2025-08-14,
0001734517,"Viela Bio, Inc.",,,,2834,acquired,2020-03-25,2021-03-01,2021-03-15,2021-03-25,
0001157602,"Vitae Pharmaceuticals, Inc",,,,2834,acquired,2015-03-31,2016-03-04,2016-08-04,2017-02-14,Vitae Pharmaceuticals Inc (until 2008-09-11); CONCURRENT PHARMACEUTICALS INC (until 2004-12-01)
0001323854,Warner Chilcott plc,,,,2834,acquired,2007-03-26,2013-02-22,2013-07-24,2014-02-11,Warner Chilcott Ltd (until 2009-08-21); Warner Chilcott Holdings Co Ltd (until 2006-09-05)
0001130591,XENOPORT INC,,,,2834,acquired,2007-03-07,2016-02-26,2016-05-05,2017-02-13,
0001346302,XERIS PHARMACEUTICALS INC,XERS,xbrl_cover:2021-08-05,,2834,acquired,2019-03-06,2021-03-09,2021-08-05,2022-02-14,
0001375151,"ZOGENIX, INC.",ZGNX,xbrl_cover:2022-03-07,,2834,acquired,2011-03-04,2022-03-01,2022-03-07,2022-05-16,ZOGENIX INC (until 2010-07-14)
0001459266,"ZS Pharma, Inc.",,,,2834,acquired,2015-03-13,2015-03-13,2015-11-09,2016-02-16,
0001129425,ZYMOGENETICS INC,,,,2836,acquired,2002-03-28,2010-03-01,2010-08-24,2010-10-22,
0001403752,Zymeworks BC Inc.,ZYME,xbrl_cover:2022-08-04,,2834,acquired,2018-03-14,2022-02-24,2022-08-04,2023-02-14,Zymeworks Inc. (until 2022-10-13); Zymeworks Inc (until 2007-06-14)
0001621443,"Zynerba Pharmaceuticals, Inc.",ZYNE,xbrl_cover:2023-08-14,,2834,acquired,2016-03-14,2023-03-28,2023-08-14,2024-02-08,"Zynerba Pharmeceuticals, Inc. (until 2015-06-30)"
0001293971,"bluebird bio, Inc.",BLUE,xbrl_cover:2025-05-14,,2836,acquired,2017-02-22,2025-03-27,2025-05-14,2025-06-12,Genetix Pharmaceuticals Inc (until 2010-03-19)
0001650648,"4D Molecular Therapeutics, Inc.",FDMT,edgar_current,Nasdaq,2836,active,2021-03-25,2026-03-18,2026-08-13,2026-09-28,4D Molecular Therapeutics Inc. (until 2022-05-12); 4D Molecular Therapeutics Inc (until 2019-09-30)
0001946563,"60 DEGREES PHARMACEUTICALS, INC.",SXTP|SXTPW,edgar_current,Nasdaq|Nasdaq,2834,active,2024-04-01,2026-03-30,2026-08-14,2026-09-14,
0001785173,"89bio, Inc.",ETNB,xbrl_cover:2025-08-08,,2834,active,2020-03-18,2025-02-27,2025-08-08,2026-02-13,
0000001800,ABBOTT LABORATORIES,ABT,edgar_current,NYSE,2834,active,2019-02-22,2026-02-20,2026-07-28,2026-10-02,
0000318306,ABEONA THERAPEUTICS INC.,ABEO,edgar_current,Nasdaq,2834,active,2009-03-31,2026-03-17,2026-08-13,2026-09-29,PLASMATECH BIOPHARMACEUTICALS INC (until 2015-06-04); ACCESS PHARMACEUTICALS INC (until 2014-08-14); CHEMEX PHARMACEUTICALS INC (until 1996-02-05)
0001173313,"ABVC BIOPHARMA, INC.",ABVC|ECOC,edgar_current,Nasdaq|OTC,2834,active,2009-12-22,2026-03-03,2026-08-12,2026-09-29,"American BriVision (Holding) Corp (until 2021-04-08); METU BRANDS, INC. (until 2016-01-08); Ecology Coatings, Inc. (until 2015-09-02); ECOLOGY COATINGS, INC. (until 2015-09-02); OCIS CORP (until 2007-06-13)"
0001651625,AC Immune SA,ACIU,edgar_current,Nasdaq,2834,active,2017-03-17,2026-03-13,2026-03-13,2026-10-02,
0001070494,ACADIA PHARMACEUTICALS INC,ACAD,edgar_current,Nasdaq,2834,active,2011-03-10,2026-02-26,2026-08-05,2026-09-24,
0001652935,"ACTUATE THERAPEUTICS, INC.",ACTU,edgar_current,Nasdaq,2834,active,2025-03-13,2026-03-26,2026-08-14,2026-08-14,
0001938571,"ADAPTIN BIO, INC.",APTN,edgar_current,OTC,2836,active,2024-04-01,2026-04-01,2026-08-13,2026-09-10,Unite Acquisition 1 Corp. (until 2025-02-13)
0001771910,ADC Therapeutics SA,ADCT,edgar_current,NYSE,2834,active,2021-03-18,2026-03-10,2026-08-13,2026-08-14,
0001513525,"ADIAL PHARMACEUTICALS, INC.",ADIL,edgar_current,Nasdaq,2834,active,2019-02-19,2026-03-05,2026-08-14,2026-10-02,"Adial Pharmaceuticals, L.L.C. (until 2017-09-28); ADial Pharmaceuticals, L.L.C. (until 2017-09-28)"
0001368514,"ADMA BIOLOGICS, INC.",ADMA,edgar_current,Nasdaq,2836,active,2009-09-24,2026-02-25,2026-08-05,2026-08-07,"R&R ACQUISITION VI, INC (until 2012-02-21)"
0001837607,"AEON Biopharma, Inc.",AEON,edgar_current,NYSE,2834,active,2021-03-31,2026-03-30,2026-08-12,2026-09-30,Priveterra Acquisition Corp. (until 2023-07-24)
0001098972,AGENUS INC,AGEN,edgar_current,Nasdaq,2836,active,2015-03-16,2026-03-16,2026-08-07,2026-10-02,ANTIGENICS INC /DE/ (until 2011-01-05)
0001439222,"AGIOS PHARMACEUTICALS, INC.",AGIO,edgar_current,Nasdaq,2834,active,2016-02-26,2026-02-12,2026-07-30,2026-08-06,AGIOS PHARMACEUTICALS INC (until 2019-07-16)
0000946644,AIM ImmunoTech Inc.,AIM,edgar_current,NYSE,2836,active,2014-03-14,2026-03-27,2026-08-07,2026-09-30,AIM ImmunoTech Inc. (until 2026-09-30); HEMISPHERX BIOPHARMA INC (until 2019-08-26)
0001178670,"ALNYLAM PHARMACEUTICALS, INC.",ALNY,edgar_current,Nasdaq,2834,active,2015-02-13,2026-02-12,2026-07-30,2026-10-02,ALNYLAM PHARMACEUTICALS INC (until 2004-07-02)
0001131343,ALTERITY THERAPEUTICS LTD,ATHE|PRNAF,edgar_current,Nasdaq|OTC,2834,active,2007-09-28,2026-08-28,2026-08-28,2026-09-25,PRANA BIOTECHNOLOGY LTD (until 2019-04-08)
0001847367,ALUMIS INC.,ALMS,edgar_current,Nasdaq,2834,active,2025-03-19,2026-03-19,2026-08-13,2026-09-09,"FL2021-001, Inc. (until 2021-03-19)"
0001810182,ALX ONCOLOGY HOLDINGS INC,ALXO,edgar_current,Nasdaq,2834,active,2021-03-18,2026-03-09,2026-08-06,2026-08-18,
0000897448,AMARIN CORP PLC\UK,AMRN,edgar_current,Nasdaq,2834,active,2012-02-29,2026-03-02,2026-07-29,2026-08-27,AMARIN CORP PLC\UK (until 2026-08-27); AMARIN PHARMACEUTICALS PLC (until 2000-07-13); ETHICAL HOLDINGS PLC (until 1998-01-28)
0000318154,AMGEN INC,AMGN,edgar_current,Nasdaq,2836,active,2019-02-13,2026-02-13,2026-08-05,2026-09-04,
0001178879,"AMICUS THERAPEUTICS, INC.",FOLD,xbrl_cover:2026-02-20,,2834,active,2018-03-01,2026-02-20,2026-02-20,2026-08-12,AMICUS THERAPEUTICS INC (until 2018-11-14)
0001880438,"AN2 Therapeutics, Inc.",ANTX,edgar_current,Nasdaq,2834,active,2023-03-29,2026-03-17,2026-08-11,2026-09-16,
0001370053,"ANAPTYSBIO, INC",ANAB,edgar_current,Nasdaq,2834,active,2017-03-08,2026-03-03,2026-05-12,2026-10-02,ANAPTYSBIO INC (until 2019-06-12); ANAPTYS BIOSCIENCES INC (until 2007-11-20)
0001314052,ANAVEX LIFE SCIENCES CORP.,AVXL,edgar_current,Nasdaq,2836,active,2009-01-13,2025-11-25,2026-08-28,2026-09-28,Thrifty Printing Inc. (until 2007-01-25)
0001023024,ANI PHARMACEUTICALS INC,ANIP,edgar_current,Nasdaq,2834,active,2015-02-23,2026-02-27,2026-08-07,2026-09-30,BIOSANTE PHARMACEUTICALS INC (until 2013-07-18); BEN ABRAHAM TECHNOLOGIES INC (until 1999-12-23)
0001437402,"ARDELYX, INC.",ARDX,edgar_current,Nasdaq,2834,active,2016-03-04,2026-02-19,2026-08-06,2026-08-25,NTERYX INC (until 2008-06-09)
0001697862,ARGENX SE,ARGX,edgar_current,Nasdaq,2836,active,2018-03-26,2026-03-19,2026-03-19,2026-09-29,argenx N.V (until 2017-04-21)
0000879407,"ARROWHEAD PHARMACEUTICALS, INC.",ARWR,edgar_current,Nasdaq,2834,active,2010-12-22,2025-11-25,2026-08-04,2026-08-20,ARROWHEAD RESEARCH CORP (until 2016-04-06); INTERACTIVE GROUP INC (until 2004-01-09); INTERACTIVE INC (until 2002-02-13)
0001671858,"ARS Pharmaceuticals, Inc.",SPRY,edgar_current,Nasdaq,2834,active,2021-03-29,2026-03-09,2026-08-13,2026-10-01,"Silverback Therapeutics, Inc. (until 2022-11-08)"
0001621221,"ARTELO BIOSCIENCES, INC.",ARTL,edgar_current,Nasdaq,2834,active,2015-12-11,2026-02-24,2026-08-20,2026-08-27,REACTIVE MEDICAL INC. (until 2017-04-17); KNIGHT KNOX DEVELOPMENT CORP. (until 2017-02-06)
0001655759,"ARVINAS, INC.",ARVN,edgar_current,Nasdaq,2834,active,2019-03-26,2026-02-24,2026-08-04,2026-09-28,"ARVINAS INC. (until 2018-10-10); ARVINAS HOLDING COMPANY, LLC (until 2018-09-28)"
0002023311,ASCENTAGE PHARMA GROUP INTERNATIONAL,AAPG,edgar_current,Nasdaq,2834,active,2025-04-16,2026-04-29,2026-04-29,2026-09-29,
0001426800,"ASSEMBLY BIOSCIENCES, INC.",ASMB,edgar_current,Nasdaq,2834,active,2011-04-13,2026-03-19,2026-08-13,2026-08-20,VENTRUS BIOSCIENCES INC (until 2014-07-11)
0000901832,ASTRAZENECA PLC,AZN,edgar_current,NYSE,2834,active,2020-03-03,2026-02-24,2026-02-24,2026-10-02,ZENECA GROUP PLC (until 1999-02-05)
0001488039,"ATOSSA THERAPEUTICS, INC.",ATOS,edgar_current,Nasdaq,2834,active,2013-03-28,2026-03-25,2026-08-07,2026-09-29,ATOSSA GENETICS INC (until 2019-11-13)
0001012477,AVADEL PHARMACEUTICALS PLC,AVDL,xbrl_cover:2025-11-04,,2834,active,2009-05-19,2025-03-03,2025-11-04,2026-02-23,FLAMEL TECHNOLOGIES SA (until 2016-12-30)
0001644963,"AVENUE THERAPEUTICS, INC.",ATXI,edgar_current,OTC,2834,active,2018-03-01,2026-03-30,2026-08-07,2026-08-07,
0001385818,"AYTU BIOPHARMA, INC",AYTU,edgar_current,Nasdaq,2834,active,2008-11-12,2026-09-22,2026-09-22,2026-09-22,"AYTU BIOSCIENCE, INC (until 2021-03-22); Rosewind CORP (until 2015-06-08)"
0001774857,"Aardvark Therapeutics, Inc.",AARD,edgar_current,Nasdaq,2834,active,2025-03-31,2026-03-23,2026-08-11,2026-09-11,
0001703057,AbCellera Biologics Inc.,ABCL,edgar_current,Nasdaq,2834,active,2021-03-30,2026-02-24,2026-08-05,2026-08-24,
0001551152,AbbVie Inc.,ABBV,edgar_current,NYSE,2834,active,2018-02-16,2026-02-20,2026-08-03,2026-10-02,
0001956827,Abivax S.A.,ABVX|AAVXF,edgar_current,Nasdaq|OTC,2834,active,2024-04-05,2026-03-23,2026-03-23,2026-09-21,
0001893219,"Abpro Holdings, Inc.",ABPO|ABPWW,edgar_current,OTC|OTC,2836,active,2022-03-25,2026-04-15,2026-08-14,2026-09-30,Atlantic Coastal Acquisition Corp. II (until 2024-11-12)
0001850767,Accustem Sciences Inc.,ACUT,edgar_current,OTC,2834,active,2022-04-18,2026-04-14,2026-08-14,2026-08-14,AccuStem Sciences Ltd (until 2021-07-01)
0001557746,"Aclaris Therapeutics, Inc.",ACRS,edgar_current,Nasdaq,2834,active,2016-03-23,2026-02-26,2026-08-06,2026-09-21,
0001781174,"Acrivon Therapeutics, Inc.",ACRV,edgar_current,Nasdaq,2834,active,2023-03-28,2026-03-19,2026-08-12,2026-09-02,
0001388320,"Actinium Pharmaceuticals, Inc.",ATNM,edgar_current,NYSE,2834,active,2009-02-20,2026-03-30,2026-08-07,2026-09-10,"Cactus Ventures, Inc. (until 2013-03-29)"
0001576885,"Acumen Pharmaceuticals, Inc.",ABOS,edgar_current,Nasdaq,2836,active,2022-03-28,2026-03-26,2026-08-12,2026-09-16,
0001736243,"Acurx Pharmaceuticals, Inc.",ACXP,edgar_current,Nasdaq,2834,active,2022-03-16,2026-03-12,2026-08-13,2026-09-17,"Acurx Pharmaceuticals, LLC (until 2021-06-23)"
0001818838,Adagene Inc.,ADAG,edgar_current,Nasdaq,2834,active,2021-04-28,2026-04-01,2026-04-01,2026-10-02,
0001621227,Adaptimmune Therapeutics PLC,ADAP,xbrl_cover:2025-08-13,,2836,active,2015-10-13,2025-03-24,2025-08-13,2026-04-22,Adaptimmune Ltd (until 2015-03-17)
0001478320,Adaptive Biotechnologies Corp,ADPT,edgar_current,Nasdaq,2836,active,2020-02-26,2026-02-26,2026-08-04,2026-10-01,Adaptive TCR Corp (until 2011-06-02)
0001574232,Addex Therapeutics Ltd.,ADXN,edgar_current,Nasdaq,2834,active,2020-04-27,2026-05-15,2026-05-15,2026-10-02,
0001720580,"Adicet Bio, Inc.",ACET,edgar_current,Nasdaq,2834,active,2018-03-29,2026-03-12,2026-08-05,2026-09-28,"resTORbio, Inc. (until 2020-08-21)"
0001726711,"Aditxt, Inc.",ADTX,edgar_current,OTC,2834,active,2021-03-25,2026-03-31,2026-05-20,2026-09-23,"ADiTx Therapeutics, Inc. (until 2021-07-06); Aditx Therapeutics, Inc. (until 2021-07-06)"
0001944552,Adlai Nortye Group Ltd.,ANL,edgar_current,Nasdaq,2834,active,2024-04-19,2026-04-10,2026-04-10,2026-10-01,Adlai Nortye Ltd. (until 2026-08-19)
0001501756,"Adverum Biotechnologies, Inc.",ADVM,xbrl_cover:2025-11-12,,2836,active,2015-03-05,2025-04-15,2025-11-12,2025-12-19,"Adverum Biotechnologies, Inc. (until 2025-12-19); Avalanche Biotechnologies, Inc. (until 2016-05-10)"
0001603345,Agentix Corp.,AGTX,edgar_current,OTC,2836,active,2015-12-16,2026-07-01,2026-08-10,2026-08-10,FairWind Energy Inc. (until 2019-06-27)
0002020932,AgomAb Therapeutics NV,AGMB,edgar_current,Nasdaq,2836,active,2026-04-23,2026-04-23,2026-04-23,2026-10-01,
0001541157,Akari Therapeutics Plc,AKTX,edgar_current,Nasdaq,2834,active,2013-03-22,2026-03-30,2026-08-13,2026-10-01,Celsus Therapeutics Plc. (until 2015-09-15); Morria Biopharmaceuticals PLC (until 2013-06-20)
0001517022,"Akebia Therapeutics, Inc.",AKBA,edgar_current,Nasdaq,2834,active,2015-03-04,2026-02-26,2026-08-05,2026-08-10,
0001744659,"Akero Therapeutics, Inc.",AKRO,xbrl_cover:2025-11-07,,2834,active,2020-03-16,2025-02-28,2025-11-07,2026-02-17,
0002035832,"Aktis Oncology, Inc.",AKTS,edgar_current,Nasdaq,2834,active,2026-03-30,2026-03-30,2026-08-13,2026-09-24,
0001107421,"Alaunos Therapeutics, Inc.",TCRT,edgar_current,Nasdaq,2834,active,2010-03-17,2026-03-31,2026-08-14,2026-09-22,ZIOPHARM ONCOLOGY INC (until 2022-01-04); EASYWEB INC (until 2005-09-19)
0001341235,"Aldeyra Therapeutics, Inc.",ALDX,edgar_current,Nasdaq,2834,active,2015-03-23,2026-02-27,2026-08-06,2026-09-29,"Aldexa Therapeutics, Inc. (until 2014-03-04); Neuron Systems Inc (until 2008-08-01)"
0001653087,"Alector, Inc.",ALEC,edgar_current,Nasdaq,2836,active,2019-03-26,2026-02-25,2026-08-06,2026-09-18,Alector LLC (until 2015-09-16)
0001799448,"Aligos Therapeutics, Inc.",ALGS,edgar_current,Nasdaq,2836,active,2021-03-23,2026-03-05,2026-08-06,2026-09-15,
0001520262,Alkermes plc.,ALKS,edgar_current,Nasdaq,2834,active,2018-02-16,2026-02-25,2026-07-28,2026-10-02,ANTLER SCIENCE TWO PLC (until 2011-08-05); Antler Science Two Ltd (until 2011-08-02)
0001860657,"Allarity Therapeutics, Inc.",ALLR,edgar_current,Nasdaq,2834,active,2022-05-17,2026-03-30,2026-08-14,2026-10-01,
0001737287,"Allogene Therapeutics, Inc.",ALLO,edgar_current,Nasdaq,2836,active,2019-03-08,2026-03-12,2026-08-12,2026-09-30,
0001655923,Alpha Cognition Inc.,ACOG,edgar_current,Nasdaq,2836,active,2025-03-31,2026-03-31,2026-08-13,2026-10-02,Neurodyn Cognition Inc. (until 2019-10-09)
0001326190,"Altimmune, Inc.",ALT,edgar_current,Nasdaq,2834,active,2011-03-31,2026-03-06,2026-08-12,2026-10-02,"PHARMATHENE, INC (until 2017-05-03); HEALTHCARE ACQUISITION CORP (until 2007-10-15)"
0001999480,"Alto Neuroscience, Inc.",ANRO,edgar_current,NYSE,2834,active,2024-03-21,2026-03-16,2026-08-12,2026-10-01,
0001898416,Alvotech,ALVO|ALVOW,edgar_current,Nasdaq|Nasdaq,2836,active,2022-06-22,2026-03-31,2026-03-31,2026-08-31,Alvotech Lux Holdings S.A.S. (until 2022-05-02)
0001677077,"Alzamend Neuro, Inc.",ALZN,edgar_current,Nasdaq,2834,active,2021-07-29,2026-07-22,2026-09-10,2026-09-29,
0001098009,America Great Health,AAGH,edgar_current,OTC,2834,active,2012-10-02,2026-04-10,2026-08-06,2026-09-25,CROWN MARKETING (until 2017-05-17); SPACE LAUNCHES FINANCING INC (until 2011-09-09)
0001723128,"Amneal Pharmaceuticals, Inc.",AMRX,edgar_current,Nasdaq,2834,active,2018-03-09,2026-02-27,2026-08-06,2026-09-21,"Atlas Holdings, Inc. (until 2018-04-13)"
0001297184,"Amphastar Pharmaceuticals, Inc.",AMPH,edgar_current,Nasdaq,2834,active,2015-03-26,2026-02-26,2026-08-06,2026-09-23,
0001658551,"Amylyx Pharmaceuticals, Inc.",AMLX,edgar_current,Nasdaq,2834,active,2022-03-31,2026-03-03,2026-08-06,2026-09-14,
0001815974,"Anebulo Pharmaceuticals, Inc.",ANEB,edgar_current,OTC,2834,active,2021-09-22,2025-09-29,2026-02-12,2026-03-02,
0000715446,Anixa Biosciences Inc,ANIX,edgar_current,Nasdaq,2834,active,1996-01-29,2026-01-12,2026-09-09,2026-09-30,ITUS Corp (until 2018-09-27); COPYTELE INC (until 2014-08-27)
0001528115,"Annexon, Inc.",ANNX,edgar_current,Nasdaq,2834,active,2021-03-25,2026-03-30,2026-08-12,2026-09-25,
0001477845,"Annovis Bio, Inc.",ANVS,edgar_current,NYSE,2834,active,2020-03-25,2026-03-13,2026-08-14,2026-09-11,"QR Pharma, Inc. (until 2019-03-15)"
0001492422,"Apellis Pharmaceuticals, Inc.",APLS,xbrl_cover:2026-05-07,,2834,active,2021-02-25,2026-02-24,2026-05-07,2026-06-05,
0001894525,"Apimeds Pharmaceuticals US, Inc.",APUS,edgar_current,NYSE,2834,active,2025-04-15,2026-05-04,2026-08-14,2026-10-01,
0001974640,"Apogee Therapeutics, Inc.",APGE,edgar_current,Nasdaq,2836,active,2024-03-05,2026-03-02,2026-08-10,2026-09-14,"Apogee Therapeutics, LLC (until 2023-06-12)"
0001944885,Apollomics Inc.,APLM|APLMW,edgar_current,Nasdaq|Nasdaq,2834,active,2023-03-31,2026-04-24,2026-04-24,2026-09-24,
0001697532,"Applied Therapeutics, Inc.",APLT,xbrl_cover:2025-11-13,,2834,active,2020-03-13,2025-04-15,2025-11-13,2026-02-17,Applied Therapeutics Inc. (until 2024-03-11)
0001781983,"Aprea Therapeutics, Inc.",APRE,edgar_current,Nasdaq,2834,active,2020-03-27,2026-03-16,2026-08-12,2026-08-28,
0001671584,Aptevo Therapeutics Inc.,APVO,edgar_current,Nasdaq,2834,active,2017-03-31,2026-03-26,2026-08-14,2026-09-25,
0000882361,Aptose Biosciences Inc.,APTOF,edgar_current,,2836,active,2006-11-21,2026-03-31,2026-05-13,2026-07-02,"Aptose Biosciences Inc., (formerly LORUS THERAPEUTICS INC.) (until 2014-11-26); LORUS THERAPEUTICS INC (until 2014-09-02); IMUTEC PHARMA INC (until 1998-03-24)"
0001398733,"Aquestive Therapeutics, Inc.",AQST,edgar_current,Nasdaq,2834,active,2019-03-14,2026-03-04,2026-08-11,2026-09-29,"MonoSol Rx, Inc. (until 2008-03-27)"
0001447028,Arbutus Biopharma Corp,ABUS,edgar_current,Nasdaq,2834,active,2012-03-27,2026-03-23,2026-08-12,2026-10-01,TEKMIRA PHARMACEUTICALS CORP (until 2015-08-03); TEKMIRA PHARMACEUTICALS Corp (until 2015-08-03)
0001786205,"Arcellx, Inc.",ACLX,xbrl_cover:2026-04-24,,2836,active,2022-03-24,2026-02-26,2026-04-24,2026-08-14,
0001768224,Arcturus Therapeutics Holdings Inc.,ARCT,edgar_current,Nasdaq,2834,active,2020-03-16,2026-03-03,2026-08-06,2026-09-23,
0001724521,"Arcus Biosciences, Inc.",RCUS,edgar_current,NYSE,2834,active,2019-03-05,2026-02-25,2026-08-05,2026-09-28,
0001787306,"Arcutis Biotherapeutics, Inc.",ARQT,edgar_current,Nasdaq,2834,active,2020-03-19,2026-02-25,2026-08-05,2026-09-18,"Arcutis, Inc. (until 2019-09-09)"
0000921114,"Armata Pharmaceuticals, Inc.",ARMP,edgar_current,NYSE,2836,active,2004-03-12,2026-03-25,2026-08-12,2026-09-23,AmpliPhi Biosciences Corp (until 2019-05-08); TARGETED GENETICS CORP /WA/ (until 2011-02-11)
0001868279,"ArriVent BioPharma, Inc.",AVBP,edgar_current,Nasdaq,2834,active,2024-03-28,2026-03-05,2026-08-12,2026-08-12,
0001817241,"Artiva Biotherapeutics, Inc.",ARTV,edgar_current,Nasdaq,2836,active,2025-03-24,2026-03-10,2026-08-06,2026-09-15,
0001612042,Ascendis Pharma A/S,ASND,edgar_current,Nasdaq,2834,active,2015-03-26,2026-02-11,2026-02-11,2026-09-29,
0001847345,"Aspire-Lakewood Holdings, Inc.",ASBP|ASBPW,edgar_current,Nasdaq|Nasdaq,2834,active,2023-03-21,2026-03-30,2026-08-13,2026-09-29,"Aspire Biopharma Holdings, Inc. (until 2026-09-09); PowerUp Acquisition Corp. (until 2025-02-19)"
0001808665,"Assertio Holdings, Inc.",ASRT,xbrl_cover:2026-05-08,,2834,active,2021-03-12,2026-03-16,2026-05-08,2026-07-31,"Assertio Therapeutics, Inc (until 2019-05-10); DEPOMED INC (until 2016-05-26); DEPOMED INC (until 2016-05-26)"
0001454789,"Astria Therapeutics, Inc.",ATXS,xbrl_cover:2025-11-12,,2834,active,2016-03-15,2025-03-11,2025-11-12,2026-02-17,CATABASIS PHARMACEUTICALS INC (until 2021-08-20)
0001840904,Atai Beckley N.V.,ATAI,edgar_current,Nasdaq,2834,active,2022-03-30,2025-03-17,2025-11-12,2026-03-20,ATAI Life Sciences N.V. (until 2025-11-05); ATAI Life Sciences B.V. (until 2021-06-21)
0002081043,AtaiBeckley Inc.,ATAI,xbrl_cover:2026-08-11,,2834,active,2026-03-06,2026-03-06,2026-08-11,2026-09-21,atai Life Sciences Luxembourg S.A. (until 2025-12-31)
0001604464,"Atara Biotherapeutics, Inc.",ATRA,edgar_current,Nasdaq,2836,active,2016-03-04,2026-03-16,2026-08-12,2026-09-04,
0001593899,"Atea Pharmaceuticals, Inc.",AVIR,edgar_current,Nasdaq,2834,active,2021-03-30,2026-03-05,2026-08-12,2026-08-12,
0001501796,"Aura Biosciences, Inc.",AURA,edgar_current,Nasdaq,2836,active,2022-03-23,2026-03-30,2026-08-11,2026-10-01,
0001600620,Aurinia Pharmaceuticals Inc.,AUPH,edgar_current,Nasdaq,2834,active,2015-03-30,2026-02-26,2026-08-06,2026-09-11,
0001730463,Autolus Therapeutics plc,AUTL,edgar_current,Nasdaq,2836,active,2018-11-23,2026-03-27,2026-08-11,2026-09-22,Autolus Therapeutics Ltd (until 2018-06-08)
0001534120,"Avalo Therapeutics, Inc.",AVTX,edgar_current,Nasdaq,2834,active,2018-04-02,2026-03-23,2026-08-06,2026-10-02,Cerecor Inc. (until 2021-08-18)
0001599901,"Avidity Biosciences, Inc.",RNA,xbrl_cover:2026-02-23,,2834,active,2021-03-15,2026-02-23,2026-02-23,2026-05-15,Avidity Biosciences LLC (until 2017-01-06); Avidity NanoMedicines LLC (until 2014-02-18)
0001579428,"Axsome Therapeutics, Inc.",AXSM,edgar_current,Nasdaq,2834,active,2016-03-24,2026-02-23,2026-08-10,2026-09-03,
0001701478,"Azitra, Inc.",AZTR,edgar_current,NYSE,2834,active,2024-03-15,2026-02-27,2026-08-12,2026-10-01,Azitra Inc (until 2024-01-04)
0001889109,"BELITE BIO, INC",BLTE,edgar_current,Nasdaq,2834,active,2023-03-31,2026-03-31,2026-03-31,2026-10-01,"BELITE BIO, INC (until 2026-10-01)"
0001779578,BGM Group Ltd.,BGM,edgar_current,Nasdaq,2834,active,2021-02-11,2026-07-21,2026-07-21,2026-09-24,Qilian International Holding Group (until 2024-10-22); Qilian International Holding Group Ltd (until 2024-10-16)
0001761612,BICYCLE THERAPEUTICS PLC,BCYC,edgar_current,Nasdaq,2834,active,2020-03-10,2026-03-17,2026-07-30,2026-10-02,BICYCLE THERAPEUTICS Ltd (until 2019-05-24)
0001133818,"BIO-PATH HOLDINGS, INC.",BPTH,edgar_current,OTC,2834,active,2009-04-03,2025-03-27,2026-05-20,2026-08-20,BIO-PATH HOLDINGS INC (until 2024-04-05); OGDEN GOLF CO CORP (until 2008-02-19)
0000842023,BIO-TECHNE Corp,TECH,edgar_current,Nasdaq,2836,active,2008-08-28,2026-08-24,2026-08-24,2026-09-30,TECHNE CORP /MN/ (until 2014-10-28)
0001575142,"BIOADAPTIVES, INC.",BDPT,edgar_current,OTC,2834,active,2014-04-14,2026-04-14,2026-08-19,2026-09-03,APEX 8 Inc. (until 2013-08-19)
0000882796,BIOCRYST PHARMACEUTICALS INC,BCRX,edgar_current,Nasdaq,2836,active,2017-02-27,2026-02-26,2026-08-05,2026-09-02,
0000875045,BIOGEN INC.,BIIB,edgar_current,Nasdaq,2836,active,2015-02-04,2026-02-06,2026-07-29,2026-09-03,BIOGEN IDEC INC. (until 2015-03-20); BIOGEN IDEC INC (until 2007-04-25); IDEC PHARMACEUTICALS CORP / DE (until 2003-11-12); IDEC PHARMACEUTICALS CORP / CA (until 1997-02-14)
0001723464,BIOHARVEST SCIENCES INC.,BHST,edgar_current,Nasdaq,2834,active,2025-03-31,2026-03-31,2026-03-31,2026-10-02,CANNA-V-CELL SCIENCES INC. (until 2020-04-21); Midnight Star Ventures Corp. (until 2018-10-15)
0001048477,BIOMARIN PHARMACEUTICAL INC,BMRN,edgar_current,Nasdaq,2834,active,2017-02-27,2026-02-26,2026-08-06,2026-10-01,
0001580149,BIOVIE INC.,BIVI|BIVIW,edgar_current,Nasdaq|Nasdaq,2834,active,2014-09-24,2026-08-13,2026-08-13,2026-09-28,"NANOANTIBIOTICS, INC. (until 2016-07-22)"
0001445815,"BIOXYTRAN, INC",BIXT,edgar_current,OTC,2834,active,2010-03-31,2026-04-15,2026-08-14,2026-08-14,"U.S. RARE EARTH MINERALS, INC. (until 2018-10-30); U.S. RARE EARTH MINERALS, INC (until 2018-10-03); U.S. Natural Nutrients & Minerals, Inc. (until 2011-04-14); AMERICA'S DRIVING RANGES, INC. (until 2009-10-29)"
0001137883,BRAINSTORM CELL THERAPEUTICS INC.,BCLI,edgar_current,OTC,2836,active,2009-04-15,2026-03-31,2026-08-14,2026-08-14,BRAINSTORM CELL THERAPEUTICS INC (until 2012-07-23); GOLDEN HAND RESOURCES INC (until 2004-11-22); WIZBANG TECHNOLOGIES INC (until 2003-08-08)
0001827401,BRIGHT MINDS BIOSCIENCES INC.,DRUG,edgar_current,Nasdaq,2834,active,2021-12-29,2025-12-23,2025-12-23,2026-10-02,
0000014272,BRISTOL MYERS SQUIBB CO,BMY|CELG-RI,edgar_current,NYSE|NYSE,2834,active,2020-02-24,2026-02-11,2026-07-30,2026-10-02,
0001828185,Barinthus Biotherapeutics plc.,BRNS,edgar_current,Nasdaq,2834,active,2022-03-25,2026-03-13,2026-08-06,2026-09-21,Vaccitech plc (until 2023-10-05); Vaccitech Ltd (until 2021-03-23)
0000885590,Bausch Health Companies Inc.,BHC,edgar_current,NYSE,2834,active,2017-03-01,2026-02-19,2026-07-30,2026-10-02,"Valeant Pharmaceuticals International, Inc. (until 2018-07-03); BIOVAIL Corp (until 2010-09-27); BIOVAIL CORP INTERNATIONAL (until 2010-04-07); BIOVAIL CORPORATION INTERNATIONAL (until 2001-01-05)"
0001651308,BeOne Medicines Ltd.,ONC|BEIGF,edgar_current,Nasdaq|OTC,2834,active,2019-02-28,2026-02-26,2026-08-05,2026-10-02,"BeiGene, Ltd. (until 2025-05-27)"
0001745999,Beam Therapeutics Inc.,BEAM,edgar_current,Nasdaq,2836,active,2020-03-30,2026-02-24,2026-08-04,2026-10-02,Beam Therapeutics Inc. (until 2026-10-02)
0001808898,Benitec Biopharma Inc.,BNTC,edgar_current,Nasdaq,2834,active,2020-09-23,2026-09-14,2026-09-14,2026-09-30,
0001409197,"Bespoke Extracts, Inc.",BSPK,edgar_current,OTC,2834,active,2009-05-15,2025-04-21,2025-11-12,2026-08-17,"DiMi Telematics International, Inc. (until 2017-02-08); First Quantum Ventures Inc (until 2012-03-19); FIRST QUANTUM VENTURES INC (until 2012-03-19)"
0001464165,BetterLife Pharma Inc.,BETRF,edgar_current,OTC,2834,active,2010-05-28,2026-06-01,2026-06-01,2026-09-30,Pivot Pharmaceuticals Inc. (until 2019-12-03); Neurokine Pharmaceuticals Inc. (until 2015-03-26)
0001677940,BeyondSpring Inc.,BYSI,edgar_current,Nasdaq,2834,active,2017-04-28,2026-03-25,2026-08-14,2026-10-02,
0002023658,Bicara Therapeutics Inc.,BCAX,edgar_current,Nasdaq,2834,active,2025-03-27,2026-03-30,2026-08-11,2026-09-10,
0001723059,Bio Essence Corp,BIOE,edgar_current,OTC,2834,active,2021-04-14,2026-03-27,2026-08-14,2026-08-14,
0001709941,"BioAge Labs, Inc.",BIOA,edgar_current,Nasdaq,2834,active,2025-03-20,2026-03-24,2026-08-05,2026-10-02,
0001826892,"BioAtla, Inc.",BCAB,edgar_current,OTC,2836,active,2021-03-24,2026-03-31,2026-08-13,2026-09-29,
0000925741,"BioCardia, Inc.",BCDA,edgar_current,Nasdaq,2836,active,2008-09-29,2026-03-24,2026-08-12,2026-10-01,"Tiger X Medical, Inc. (until 2016-10-17); Cardo Medical, Inc. (until 2011-05-25); CLICKNSETTLE COM INC (until 2008-10-20); NAM CORP (until 2000-03-29)"
0001498403,BioLineRx Ltd.,BLRX,edgar_current,Nasdaq,2834,active,2012-03-22,2026-03-23,2026-03-23,2026-10-02,
0001776985,BioNTech SE,BNTX,edgar_current,Nasdaq,2836,active,2020-03-31,2026-03-10,2026-03-10,2026-10-02,
0001720893,"BioXcel Therapeutics, Inc.",BTAI|BTAIQ,edgar_current,Nasdaq|OTC,2834,active,2019-03-12,2026-03-27,2026-08-13,2026-09-01,
0001643918,Biodexa Pharmaceuticals Plc,BDRX,edgar_current,Nasdaq,2834,active,2016-04-14,2026-03-27,2026-03-27,2026-09-30,Midatech Pharma Plc (until 2023-03-27)
0001858685,Biofrontera Inc.,BFRI|BFRIW,edgar_current,Nasdaq|Nasdaq,2834,active,2022-04-11,2026-03-19,2026-08-13,2026-09-14,
0001935979,Biohaven Ltd.,BHVN,edgar_current,NYSE,2834,active,2023-03-23,2026-03-02,2026-08-10,2026-09-17,Biohaven Research Ltd. (until 2022-09-14)
0001840439,"Biomea Fusion, Inc.",BMEA,edgar_current,Nasdaq,2834,active,2022-02-28,2026-03-24,2026-08-05,2026-09-22,
0001701541,"Black Diamond Therapeutics, Inc.",BDTX,edgar_current,Nasdaq,2836,active,2020-03-24,2026-03-16,2026-08-05,2026-09-21,"Aset Therapeutics, Inc. (until 2018-01-04)"
0002000775,Black Hawk Acquisition Corp,BKHA|BKHAR|BKHAU,edgar_current,Nasdaq|Nasdaq|Nasdaq,2836,active,2025-02-07,2026-03-06,2026-07-15,2026-09-25,
0001641281,"Bolt Biotherapeutics, Inc.",BOLT,edgar_current,Nasdaq,2834,active,2021-03-31,2026-03-12,2026-08-11,2026-09-21,"Bolt Therapeutics, Inc. (until 2015-05-07)"
0001782303,"Boundless Bio, Inc.",BOLD,edgar_current,Nasdaq,2834,active,2025-03-27,2026-03-09,2026-08-07,2026-08-28,
0001610820,BriaCell Therapeutics Corp.,BCTX|BCTXL|BCTXZ,edgar_current,Nasdaq|Nasdaq|Nasdaq,2834,active,2021-10-29,2025-10-16,2026-06-09,2026-06-26,Ansell Capital Corp. (until 2014-06-20)
0001869105,"BridgeBio Oncology Therapeutics, Inc.",BBOT,edgar_current,Nasdaq,2834,active,2025-03-11,2026-03-05,2026-08-11,2026-09-14,Helix Acquisition Corp. II (until 2025-08-06)
0001743881,"BridgeBio Pharma, Inc.",BBIO,edgar_current,Nasdaq,2834,active,2020-03-03,2026-02-24,2026-08-10,2026-09-21,BridgeBio Pharma LLC (until 2019-05-16)
0001829247,"BullFrog AI Holdings, Inc.",BFRG|BFRGW,edgar_current,Nasdaq|Nasdaq,2834,active,2023-04-25,2026-03-19,2026-08-14,2026-09-22,
0001662579,"C4 Therapeutics, Inc.",CCCC,edgar_current,Nasdaq,2836,active,2021-03-11,2026-02-26,2026-08-11,2026-10-02,
0001081938,"CANNAPHARMARX, INC.",CPMD,edgar_current,OTC,2834,active,2009-03-31,2026-03-31,2026-08-18,2026-08-18,"GOLDEN DRAGON HOLDING CO. (until 2014-10-27); CCVG, INC. (until 2011-01-12); CONCORD VENTURES, INC. (until 2010-11-17); CAVION TECHNOLOGIES INC (until 2007-07-25)"
0001133869,"CAPRICOR THERAPEUTICS, INC.",CAPR,edgar_current,Nasdaq,2834,active,2009-03-12,2026-03-17,2026-08-14,2026-09-14,"Nile Therapeutics, Inc. (until 2013-11-20); SMI PRODUCTS INC (until 2007-09-19)"
0001966494,"CARGO Therapeutics, Inc.",CRGX,xbrl_cover:2025-08-06,,2836,active,2024-03-21,2025-03-12,2025-08-06,2025-11-14,
0001962738,"CASI Pharmaceuticals, Inc.",CASIF,edgar_current,OTC,2834,active,2023-04-26,2026-05-15,2026-05-15,2026-09-02,"CASI Pharmaceuticals Holdings, Inc. (until 2023-02-14)"
0001369568,"CATALYST PHARMACEUTICALS, INC.",CPRX,edgar_current,Nasdaq,2834,active,2014-03-19,2026-02-25,2026-05-11,2026-07-24,"CATALYST PHARMACEUTICALS, INC. (until 2026-07-24); Catalyst Pharmaceutical Partners, Inc. (until 2015-05-12); CATALYST PHARMACEUTICAL PARTNERS, INC. (until 2015-05-12)"
0001896212,CDT Equity Inc.,CDT|CDTTW,edgar_current,Nasdaq|Nasdaq,2834,active,2022-03-29,2026-04-15,2026-08-12,2026-10-02,CONDUIT PHARMACEUTICALS INC. (until 2025-08-07); Murphy Canyon Acquisition Corp. (until 2023-09-21)
0000725363,CEL SCI CORP,CVM,edgar_current,NYSE,2836,active,2012-12-14,2025-12-29,2026-08-14,2026-10-01,
0001870404,"CERO THERAPEUTICS HOLDINGS, INC.",CERO|CEROW,edgar_current,OTC|OTC,2836,active,2022-03-24,2026-04-15,2026-08-14,2026-08-31,"CERO THERAPEUTICS HOLDINGS, INC. (until 2026-08-31); PHOENIX BIOTECH ACQUISITION CORP. (until 2024-02-14)"
0001991792,"CG Oncology, Inc.",CGON,edgar_current,Nasdaq,2836,active,2024-03-26,2026-02-27,2026-08-06,2026-09-21,
0000771856,"CHAMPIONS ONCOLOGY, INC.",CSBR,edgar_current,Nasdaq,2836,active,2009-08-27,2026-07-27,2026-09-11,2026-09-11,"CHAMPIONS BIOTECHNOLOGY, INC. (until 2011-03-30); CHAMPIONS SPORTS INC (until 2007-02-16)"
0001106644,"CHINA PHARMA HOLDINGS, INC.",CPHI,edgar_current,NYSE,2834,active,2009-03-17,2026-04-01,2026-08-14,2026-08-14,TS ELECTRONICS INC (until 2006-05-04); SOFTSTONE INC (until 2003-08-18); SOFTSTONE INC /DE/ (until 2003-01-27); KILKENNY ACQUISITION CORP (until 2001-03-30)
0001851484,"CITIUS ONCOLOGY, INC.",CTOR,edgar_current,Nasdaq,2834,active,2023-04-17,2025-12-23,2026-08-14,2026-09-29,TenX Keane Acquisition (until 2024-08-05)
0001343009,CNBX Pharmaceuticals Inc.,CNBX,edgar_current,OTC,2834,active,2009-11-30,2025-12-01,2026-06-24,2026-10-01,Cannabics Pharmaceuticals Inc. (until 2022-03-16); American Mining Corp (until 2014-05-01); Thrust Energy Corp. (until 2011-05-10)
0001729427,"CNS Pharmaceuticals, Inc.",CNSP,edgar_current,Nasdaq,2834,active,2020-03-12,2026-03-31,2026-08-12,2026-10-02,
0001455365,COGNITION THERAPEUTICS INC,CGTX,edgar_current,Nasdaq,2836,active,2022-03-30,2026-03-26,2026-08-07,2026-08-07,COGNITION THERAPUTICS INC (until 2010-12-28)
0001267565,"COLLEGIUM PHARMACEUTICAL, INC",COLL,edgar_current,Nasdaq,2834,active,2016-03-18,2026-02-26,2026-08-06,2026-09-30,COLLEGIUM PHARMACEUTICAL INC (until 2015-03-03)
0001816590,COMPASS Pathways plc,CMPS,edgar_current,Nasdaq,2834,active,2021-03-09,2026-03-24,2026-08-05,2026-08-10,Compass Rx Ltd. (until 2020-08-10)
0001119774,COMPUGEN LTD,CGEN,edgar_current,Nasdaq,2836,active,2002-04-15,2026-03-02,2026-03-02,2026-09-10,
0001088856,CORCEPT THERAPEUTICS INC,CORT,edgar_current,Nasdaq,2834,active,2016-03-10,2026-02-24,2026-07-29,2026-10-01,
0001479915,CQENS Technologies Inc.,,,,2834,active,2014-04-18,2026-04-15,2026-08-19,2026-09-03,"VapAria Corp (until 2019-12-18); OICco ACQUISITION IV, INC. (until 2014-08-12)"
0001187953,"CREATIVE MEDICAL TECHNOLOGY HOLDINGS, INC.",CELZ,edgar_current,Nasdaq,2836,active,2009-05-14,2026-03-20,2026-08-07,2026-10-01,JOLLEY MARKETING INC (until 2016-05-13)
0001253689,"CRESCENT BIOPHARMA, INC.",CBIO,edgar_current,Nasdaq,2834,active,2014-03-31,2026-02-26,2026-07-30,2026-09-18,GLYCOMIMETICS INC (until 2025-06-23)
0001674416,CRISPR Therapeutics AG,CRSP,edgar_current,Nasdaq,2836,active,2017-03-10,2026-02-12,2026-08-03,2026-09-24,CRISPR Therapeutics AG (until 2026-09-24)
0001035422,"CTT PHARMACEUTICAL HOLDINGS, INC.",CTTH,edgar_current,OTC,2834,active,2005-03-16,2015-04-14,2026-09-17,2026-09-29,Mindesta Inc. (until 2015-07-21); INDUSTRIAL MINERALS INC (until 2011-07-18); PNW CAPITAL INC (until 2002-05-21); WINCHESTER MINING CORP (until 2000-05-26)
0001087294,CUMBERLAND PHARMACEUTICALS INC,CPIX,edgar_current,Nasdaq,2834,active,2010-03-19,2026-03-09,2026-08-07,2026-09-11,
0001108205,CURIS INC,CRIS,edgar_current,Nasdaq,2836,active,2006-03-31,2026-03-24,2026-08-14,2026-08-14,
0001510964,"CV Sciences, Inc.",CVSI,edgar_current,OTC,2834,active,2012-04-10,2026-03-26,2026-08-13,2026-09-09,"CannaVEST Corp. (until 2016-01-04); Foreclosure Solutions, Inc. (until 2012-11-30)"
0001509745,CYPHERPUNK TECHNOLOGIES INC.,CYPH,edgar_current,Nasdaq,2834,active,2017-03-31,2026-03-16,2026-08-12,2026-09-25,"LEAP THERAPEUTICS, INC. (until 2025-11-12); Dekkun Corp (until 2011-01-07)"
0001061983,CYTOKINETICS INC,CYTK,edgar_current,Nasdaq,2834,active,2022-02-25,2026-02-26,2026-08-06,2026-09-28,
0001759138,"Cabaletta Bio, Inc.",CABA,edgar_current,Nasdaq,2836,active,2020-03-30,2026-03-23,2026-08-13,2026-09-14,
0001937993,"Cadrenal Therapeutics, Inc.",CVKD,edgar_current,Nasdaq,2834,active,2023-03-30,2026-03-31,2026-08-13,2026-09-29,
0001534133,"CalciMedica, Inc.",CALC,edgar_current,Nasdaq,2834,active,2021-03-05,2026-03-03,2026-08-11,2026-09-30,"CalciMedica, Inc. /DE/ (until 2023-03-22); GRAYBUG VISION, INC. (until 2023-03-15); GRAYBUG, Inc. (until 2016-05-13); GRAYBUG LLC (until 2014-10-07)"
0001855485,"Calidi Biotherapeutics, Inc.",CLDI|CLDWW,edgar_current,NYSE|OTC,2836,active,2022-03-31,2026-03-27,2026-08-13,2026-09-25,"Calidi Biotherapeutics, Inc. (until 2026-09-25); First Light Acquisition Group, Inc. (until 2023-09-19)"
0001736730,Camp4 Therapeutics Corp,CAMP,edgar_current,Nasdaq,2834,active,2025-03-27,2026-03-05,2026-08-13,2026-09-28,
0001536196,Can-Fite BioPharma Ltd.,CANF,edgar_current,NYSE,2834,active,2014-03-31,2026-03-26,2026-03-26,2026-09-25,
0001841387,"Candel Therapeutics, Inc.",CADL,edgar_current,Nasdaq,2836,active,2022-03-29,2026-03-12,2026-08-13,2026-10-02,
0001213037,"Cardiff Oncology, Inc.",CRDF,edgar_current,Nasdaq,2836,active,2013-04-01,2026-02-24,2026-08-11,2026-09-14,"Trovagene, Inc. (until 2020-05-07); TrovaGene Inc. (until 2013-03-04); XENOMICS INC (until 2009-06-03); USED KAR PARTS INC (until 2004-06-30)"
0001702123,Cardiol Therapeutics Inc.,CRDL,edgar_current,Nasdaq,2836,active,2022-03-24,2026-03-31,2026-03-31,2026-09-23,
0001619856,"Caribou Biosciences, Inc.",CRBU,edgar_current,Nasdaq,2836,active,2022-03-21,2026-03-05,2026-08-13,2026-08-13,
0001485003,Carisma Therapeutics Inc.,CARM,edgar_current,OTC,2834,active,2014-03-31,2025-03-31,2025-11-12,2025-12-29,"Sesen Bio, Inc. (until 2023-03-06); Eleven Biotherapeutics, Inc. (until 2018-05-16)"
0001453687,"Cartesian Therapeutics, Inc.",RNAC,edgar_current,Nasdaq,2834,active,2017-03-28,2026-03-09,2026-08-06,2026-09-29,SELECTA BIOSCIENCES INC (until 2023-11-13)
0001569340,"Cell Source, Inc.",,,,2834,active,2014-03-25,2026-04-07,2026-05-14,2026-05-14,"TICKET TO SEE, INC. (until 2014-06-26)"
0001279704,"Cellectar Biosciences, Inc.",CLRB,edgar_current,Nasdaq,2834,active,2012-03-09,2026-03-04,2026-08-13,2026-08-14,"NOVELOS THERAPEUTICS, INC. (until 2014-02-11); COMMON HORIZONS INC (until 2005-06-02)"
0001627281,Cellectis S.A.,CLLS,edgar_current,Nasdaq,2836,active,2016-03-21,2026-03-20,2026-03-20,2026-09-14,
0001752828,Celularity Inc,CELU,edgar_current,Nasdaq,2834,active,2020-03-24,2026-04-30,2026-09-29,2026-09-29,GX Acquisition Corp. (until 2021-07-19)
0001847903,Centessa Pharmaceuticals plc,CNTA,xbrl_cover:2026-05-05,,2834,active,2022-03-30,2026-03-31,2026-05-05,2026-08-14,Centessa Pharmaceuticals Ltd (until 2021-05-24)
0001850119,"Century Therapeutics, Inc.",IPSC,edgar_current,Nasdaq,2836,active,2022-03-17,2026-03-12,2026-08-12,2026-10-02,
0001053691,CervoMed Inc.,CRVO,edgar_current,Nasdaq,2834,active,2009-04-15,2026-03-13,2026-08-07,2026-09-28,"Diffusion Pharmaceuticals Inc. (until 2023-08-14); RestorGenex Corp (until 2016-01-14); Stratus Media Group, Inc (until 2014-03-07); FERIS INTERNATIONAL, INC. (until 2008-07-16); TITAN MOTORCYCLE CO OF AMERICA INC (until 2008-02-22)"
0001534248,Chemomab Therapeutics Ltd.,CMMB,edgar_current,Nasdaq,2834,active,2013-04-23,2026-03-23,2026-03-23,2026-09-30,Anchiano Therapeutics Ltd. (until 2021-03-17); BioCancell Ltd. (until 2015-11-03)
0001723980,"China SXT Pharmaceuticals, Inc.",SXTC,edgar_current,Nasdaq,2834,active,2019-08-15,2026-07-01,2026-07-01,2026-09-16,
0001804591,Chrome Holding Co.,,,,2834,active,2021-03-24,2025-06-11,2025-08-04,2025-12-04,23andMe Holding Co. (until 2025-08-04); VG Acquisition Corp. (until 2021-06-17); Bleecker Street Acquisition Corp. (until 2020-08-12)
0001610618,"Cidara Therapeutics, Inc.",CDTX,xbrl_cover:2025-11-06,,2836,active,2016-03-18,2025-03-06,2025-11-06,2026-02-17,"K2 THERAPEUTICS, INC. (until 2015-02-04)"
0001862150,Cingulate Inc.,CING|CINGW,edgar_current,Nasdaq|Nasdaq,2834,active,2022-03-28,2026-03-18,2026-08-13,2026-10-02,Cingulate Inc. (until 2026-10-02)
0001506251,"Citius Pharmaceuticals, Inc.",CTXR,edgar_current,Nasdaq,2834,active,2012-01-13,2025-12-23,2026-08-14,2026-08-21,"Trail One, Inc. (until 2014-09-18); TrailOne, Inc. (until 2011-01-21)"
0001892500,Clearmind Medicine Inc.,CMND,edgar_current,Nasdaq,2834,active,2023-02-06,2026-01-20,2026-01-20,2026-09-30,
0001539029,"Clearside Biomedical, Inc.",CLSDQ,edgar_current,OTC,2834,active,2017-03-16,2025-03-27,2025-11-14,2026-01-07,
0001822791,Clene Inc.,CLNN,edgar_current,Nasdaq,2834,active,2021-03-29,2026-03-17,2026-08-14,2026-09-18,Chelsea Worldwide Inc. (until 2020-12-18)
0001768446,"Climb Bio, Inc.",CLYM,edgar_current,Nasdaq,2834,active,2022-03-07,2026-03-05,2026-08-06,2026-09-30,"Eliem Therapeutics, Inc. (until 2024-09-20)"
0001412486,"Cocrystal Pharma, Inc.",COCP,edgar_current,Nasdaq,2834,active,2009-03-31,2026-03-31,2026-08-13,2026-09-09,"BIOZONE PHARMACEUTICALS, INC. (until 2014-03-25); International Surf Resorts, Inc. (until 2011-03-04)"
0001622229,"Cogent Biosciences, Inc.",COGT,edgar_current,Nasdaq,2834,active,2019-03-28,2026-02-17,2026-08-10,2026-09-02,"Unum Therapeutics Inc. (until 2020-10-05); Unum Therapeutics, Inc. (until 2018-03-30)"
0001512762,"Coherus Oncology, Inc.",CHRS,edgar_current,Nasdaq,2836,active,2015-03-23,2026-03-09,2026-08-05,2026-08-28,"Coherus BioSciences, Inc. (until 2025-05-28); BioGenerics, Inc. (until 2012-01-03)"
0001738021,"Compass Therapeutics, Inc.",CMPX,edgar_current,Nasdaq,2836,active,2019-07-01,2026-03-05,2026-08-06,2026-10-02,"Olivia Ventures, Inc. (until 2020-06-08)"
0001835268,Connect Biopharma Holdings Ltd,CNTB,edgar_current,Nasdaq,2834,active,2022-03-31,2026-03-31,2026-08-12,2026-10-01,
0001842952,Context Therapeutics Inc.,CNTX,edgar_current,Nasdaq,2834,active,2022-03-23,2026-03-23,2026-08-05,2026-08-14,Context Therapeutics LLC (until 2021-05-03)
0001855175,"Contineum Therapeutics, Inc.",CTNM,edgar_current,Nasdaq,2834,active,2025-03-06,2026-03-05,2026-07-30,2026-10-01,
0001410098,CorMedix Inc.,CRMD,edgar_current,Nasdaq,2834,active,2013-03-27,2026-03-05,2026-08-13,2026-09-18,
0001595097,"Corbus Pharmaceuticals Holdings, Inc.",CRBP,edgar_current,Nasdaq,2834,active,2015-02-10,2026-03-09,2026-08-06,2026-09-30,SAV Acquisition Corp (until 2014-01-10)
0001626971,"Corvus Pharmaceuticals, Inc.",CRVS,edgar_current,Nasdaq,2834,active,2017-03-10,2026-03-12,2026-08-06,2026-08-07,
0001835022,"Coya Therapeutics, Inc.",COYA,edgar_current,Nasdaq,2834,active,2023-03-29,2026-03-16,2026-08-11,2026-09-15,
0001658247,"Crinetics Pharmaceuticals, Inc.",CRNX,edgar_current,Nasdaq,2834,active,2019-03-13,2026-02-26,2026-08-03,2026-09-11,
0001124524,"Cryoport, Inc.",CYRX,edgar_current,Nasdaq,2834,active,2009-07-01,2026-03-05,2026-08-06,2026-08-14,CRYOPORT SYSTEMS INC (until 2005-10-20)
0001645460,"Cue Biopharma, Inc.",CUE,edgar_current,Nasdaq,2834,active,2018-03-29,2026-03-16,2026-08-14,2026-09-21,"Imagen Biopharma, Inc. (until 2015-06-19)"
0001789972,"Cullinan Therapeutics, Inc.",CGEM,edgar_current,Nasdaq,2836,active,2021-03-30,2026-03-10,2026-08-06,2026-10-02,"Cullinan Oncology, Inc. (until 2024-04-02); Cullinan Management, Inc. (until 2021-02-22); Cullinan Oncology, LLC (until 2021-01-06)"
0002025942,Curanex Pharmaceuticals Inc,CURX,edgar_current,Nasdaq,2834,active,2026-03-30,2026-03-30,2026-08-14,2026-09-04,
0001175680,CytoDyn Inc.,CYDY,edgar_current,OTC,2834,active,2015-07-10,2026-08-31,2026-08-31,2026-09-28,CYTODYN INC (until 2016-04-13); REXRAY CORP (until 2003-11-12)
0001873093,CytoMed Therapeutics Ltd,GDTC,edgar_current,Nasdaq,2834,active,2023-05-01,2026-03-31,2026-03-31,2026-09-30,CytoMed Therapeutics Pte. Ltd. (until 2022-11-30)
0001501989,"CytomX Therapeutics, Inc.",CTMX,edgar_current,Nasdaq,2834,active,2016-03-07,2026-03-16,2026-08-06,2026-08-14,
0001613780,DBV Technologies S.A.,DBVT|DBVTF,edgar_current,Nasdaq|OTC,2836,active,2015-04-29,2026-03-26,2026-07-16,2026-09-30,
0001135951,DR REDDYS LABORATORIES LTD,RDY,edgar_current,NYSE,2834,active,2017-06-19,2026-05-29,2026-05-29,2026-09-22,
0001082038,DURECT CORP,DRRX,xbrl_cover:2025-08-13,,2834,active,2008-03-13,2025-03-27,2025-08-13,2025-09-22,
0001213809,DYADIC INTERNATIONAL INC,DYAI,edgar_current,Nasdaq,2836,active,2019-03-27,2026-03-25,2026-08-12,2026-09-25,CCP WORLDWIDE INC (until 2004-11-05)
0001029142,DYNAVAX TECHNOLOGIES CORP,DVAX,xbrl_cover:2025-11-05,,2834,active,2013-03-08,2025-02-20,2025-11-05,2026-02-20,
0001800315,"Damora Therapeutics, Inc.",DMRA,edgar_current,Nasdaq,2834,active,2021-03-29,2026-03-19,2026-08-10,2026-09-28,"Galecto, Inc. (until 2026-03-10); Galecto Inc. (until 2020-10-28)"
0001401914,"Dare Bioscience, Inc.",DARE,edgar_current,Nasdaq,2834,active,2015-03-19,2026-03-26,2026-08-13,2026-10-02,Cerulean Pharma Inc. (until 2017-07-05); Tempo Pharmaceuticals Inc (until 2008-01-22)
0001845337,"Day One Biopharmaceuticals, Inc.",DAWN,xbrl_cover:2026-04-17,,2834,active,2022-03-07,2026-02-24,2026-04-17,2026-05-15,Day One Biopharmaceuticals Holding Co LLC (until 2021-05-26)
0001615219,Decoy Therapeutics Inc.,DCOY,edgar_current,Nasdaq,2834,active,2015-03-24,2026-03-31,2026-08-12,2026-09-23,"Salarius Pharmaceuticals, Inc. (until 2026-01-09); Flex Pharma, Inc. (until 2019-07-22)"
0001714899,Denali Therapeutics Inc.,DNLI,edgar_current,Nasdaq,2836,active,2018-03-19,2026-02-26,2026-08-06,2026-09-09,
0001853816,"Dermata Therapeutics, Inc.",DRMA|DRMAW,edgar_current,Nasdaq|Nasdaq,2834,active,2022-03-28,2026-03-26,2026-08-11,2026-08-18,"Dermata Therapeutics, Inc. (until 2026-08-18)"
0001807120,"Design Therapeutics, Inc.",DSGN,edgar_current,Nasdaq,2834,active,2022-03-10,2026-03-09,2026-08-03,2026-08-14,
0001401040,DiaMedica Therapeutics Inc.,DMAC,edgar_current,Nasdaq,2834,active,2019-03-19,2026-03-30,2026-08-10,2026-08-12,DiaMedica Inc. (until 2014-03-11)
0001690585,"Dianthus Therapeutics, Inc. /DE/",DNTH,edgar_current,Nasdaq,2834,active,2019-03-19,2026-03-09,2026-08-04,2026-09-18,"Magenta Therapeutics, Inc. (until 2023-09-08)"
0001816736,"Disc Medicine, Inc.",IRON,edgar_current,Nasdaq,2834,active,2021-03-29,2026-02-26,2026-07-30,2026-09-16,"Gemini Therapeutics, Inc. /DE (until 2022-12-28); FS Development Corp. (until 2021-02-08)"
0001818844,"Dogwood Therapeutics, Inc.",DWTX,edgar_current,Nasdaq,2834,active,2021-03-23,2026-03-18,2026-08-14,2026-08-14,"Virios Therapeutics, Inc. (until 2024-10-15); Virios Therapeutics, LLC (until 2020-12-16)"
0001818794,"Dyne Therapeutics, Inc.",DYN,edgar_current,Nasdaq,2834,active,2021-03-04,2026-03-02,2026-07-29,2026-09-29,
0000059478,ELI LILLY & Co,LLY,edgar_current,NYSE,2834,active,2022-02-23,2026-02-12,2026-08-05,2026-09-22,LILLY ELI & CO (until 2019-10-25); LILLY ELI & CO ET AL (until 1994-10-14)
0001053369,ELITE PHARMACEUTICALS INC /NV/,ELTP,edgar_current,OTC,2834,active,2005-06-29,2026-06-29,2026-08-13,2026-09-10,ELITE PHARMACEUTICALS INC /DE/ (until 2012-02-08)
0001708527,ELUTIA INC.,ELUT,edgar_current,Nasdaq,2836,active,2021-03-15,2026-03-13,2026-08-14,2026-09-14,"AZIYO BIOLOGICS, INC. (until 2023-08-14)"
0001177648,ENANTA PHARMACEUTICALS INC,ENTA,edgar_current,Nasdaq,2834,active,2013-12-18,2025-11-19,2026-08-12,2026-08-14,
0001633932,ESSA Pharma Inc.,EPIX,xbrl_cover:2025-08-13,,2834,active,2015-12-15,2024-12-17,2025-08-13,2025-11-14,
0001581178,EUPRAXIA PHARMACEUTICALS INC.,EPRX,edgar_current,Nasdaq,2834,active,2024-04-01,2026-03-13,2026-03-13,2026-09-30,
0000939767,"EXELIXIS, INC.",EXEL,edgar_current,Nasdaq,2836,active,2019-02-22,2026-02-10,2026-08-05,2026-09-11,EXELIXIS INC (until 2012-09-12)
0001698530,"EXICURE, INC.",XCUR,edgar_current,Nasdaq,2834,active,2018-03-09,2026-03-25,2026-08-14,2026-09-16,Max-1 Acquisition Corp (until 2017-09-28)
0002010788,EXOZYMES INC.,EXOZ,edgar_current,Nasdaq,2836,active,2025-03-31,2026-03-30,2026-08-13,2026-09-28,Invizyne Technologies Inc (until 2025-01-21)
0001538495,"Earth Science Tech, Inc.",ETST,edgar_current,OTC,2834,active,2013-05-10,2026-06-18,2026-08-07,2026-09-01,Ultimate Novelty Sports Inc. (until 2014-04-17)
0001540159,"Edesa Biotech, Inc.",EDSA,edgar_current,Nasdaq,2834,active,2013-01-15,2025-12-12,2026-08-13,2026-09-01,"Stellar Biotechnologies, Inc. (until 2019-05-30)"
0001710072,"Edgewise Therapeutics, Inc.",EWTX,edgar_current,Nasdaq,2834,active,2022-02-24,2026-02-26,2026-08-06,2026-10-02,
0001650664,"Editas Medicine, Inc.",EDIT,edgar_current,Nasdaq,2836,active,2016-03-30,2026-03-09,2026-08-05,2026-09-09,
0001861123,"Eikon Therapeutics, Inc.",EIKN,edgar_current,Nasdaq,2836,active,2026-03-30,2026-03-30,2026-08-13,2026-10-02,
0001739104,Elanco Animal Health Inc,ELAN,edgar_current,NYSE,2834,active,2019-02-20,2026-02-24,2026-08-05,2026-10-01,
0001404281,"Eledon Pharmaceuticals, Inc.",ELDN,edgar_current,Nasdaq,2834,active,2015-03-26,2026-03-19,2026-08-13,2026-09-04,"Eledon Pharmaceuticals, Inc. (until 2026-09-04); Novus Therapeutics, Inc. (until 2020-12-22); Tokai Pharmaceuticals Inc (until 2017-05-04)"
0001601485,"Elicio Therapeutics, Inc.",ELTX,edgar_current,Nasdaq,2834,active,2021-03-30,2026-03-12,2026-08-13,2026-09-14,Angion Biomedica Corp. (until 2023-05-30)
0001035354,"Eloxx Pharmaceuticals, Inc.",ELOX,edgar_current,Nasdaq,2836,active,2009-09-28,2026-03-17,2026-08-11,2026-09-18,"Sevion Therapeutics, Inc. (until 2017-12-22); SENESCO TECHNOLOGIES INC (until 2014-09-29); NAVA LEISURE USA INC (until 1999-05-24)"
0001367644,Emergent BioSolutions Inc.,EBS,edgar_current,NYSE,2834,active,2015-03-06,2026-02-27,2026-08-06,2026-10-01,
0000822370,"Emmaus Life Sciences, Inc.",EMMA,edgar_current,OTC,2834,active,2009-12-30,2026-03-31,2026-08-14,2026-09-02,"MYnd Analytics, Inc. (until 2019-07-12); CNS RESPONSE, INC. (until 2015-12-10); STRATIVATION, INC. (until 2007-03-01); SalesTactix, Inc. (until 2005-08-23); AGE RESEARCH INC (until 2004-08-05)"
0001672619,"Enliven Therapeutics, Inc.",ELVN,edgar_current,Nasdaq,2834,active,2021-03-05,2026-03-03,2026-08-05,2026-10-01,IMARA Inc. (until 2023-02-23)
0001596812,Enlivex Ltd.,ENLV,edgar_current,Nasdaq,2834,active,2015-03-31,2026-03-25,2026-03-25,2026-10-02,Enlivex Therapeutics Ltd. (until 2026-02-10); Bioblast Pharma Ltd. (until 2019-03-18); BIO BLAST PHARMA LTD. (until 2016-09-12)
0001716947,"Ensysce Biosciences, Inc.",ENSC,edgar_current,Nasdaq,2834,active,2018-03-09,2026-03-30,2026-08-13,2026-09-29,Leisure Acquisition Corp. (until 2021-06-30)
0001638097,Entera Bio Ltd.,ENTX,edgar_current,Nasdaq,2836,active,2019-03-28,2026-03-27,2026-08-07,2026-09-23,
0001689375,"Entrada Therapeutics, Inc.",TRDA,edgar_current,Nasdaq,2834,active,2022-03-15,2026-02-26,2026-08-05,2026-09-10,"CycloPorters, Inc. (until 2016-11-10)"
0000890821,"Enveric Biosciences, Inc.",ENVB,edgar_current,Nasdaq,2834,active,2002-03-28,2026-03-27,2026-08-14,2026-08-14,"AMERI Holdings, Inc. (until 2020-12-30); SPATIALIZER AUDIO LABORATORIES INC (until 2015-05-27)"
0001746466,"Equillium, Inc.",EQ,edgar_current,Nasdaq,2834,active,2019-03-27,2026-03-25,2026-08-13,2026-08-13,
0001761918,"Erasca, Inc.",ERAS,edgar_current,Nasdaq,2834,active,2022-03-24,2026-03-12,2026-08-11,2026-09-15,
0000748592,Ernexa Therapeutics Inc.,ERNA|ERNAW,edgar_current,Nasdaq|Nasdaq,2834,active,2011-03-25,2026-03-13,2026-08-06,2026-09-22,"Eterna Therapeutics Inc. (until 2025-04-04); Brooklyn ImmunoTherapeutics, Inc. (until 2022-10-14); NTN BUZZTIME INC (until 2021-03-23); NTN COMMUNICATIONS INC (until 2005-12-20)"
0001434868,"Esperion Therapeutics, Inc.",ESPR,xbrl_cover:2026-05-08,,2834,active,2014-03-13,2026-03-10,2026-05-08,2026-08-13,HDL THERAPEUTICS INC (until 2008-05-07)
0001844417,"Estrella Immunopharma, Inc.",ESLA|ESLAW,edgar_current,Nasdaq|Nasdaq,2836,active,2022-03-29,2026-03-18,2026-08-13,2026-09-08,TradeUP Acquisition Corp. (until 2023-09-20)
0001710340,"Eton Pharmaceuticals, Inc.",ETON,edgar_current,Nasdaq,2834,active,2019-03-25,2026-03-19,2026-08-13,2026-09-28,
0001828253,Evaxion A/S,EVAX,edgar_current,Nasdaq,2836,active,2021-04-07,2026-03-05,2026-03-05,2026-10-02,Evaxion Biotech A/S (until 2025-05-05)
0001618835,"Evofem Biosciences, Inc.",EVFM,edgar_current,OTC,2834,active,2015-03-26,2026-03-11,2026-08-14,2026-09-23,"Neothetics, Inc. (until 2018-01-05)"
0001403708,Evoke Pharma Inc,EVOK,xbrl_cover:2025-11-13,,2834,active,2014-03-25,2025-03-13,2025-11-13,2025-12-30,
0001570562,"Evolus, Inc.",EOLS,edgar_current,Nasdaq,2834,active,2018-03-29,2026-03-03,2026-08-05,2026-09-04,"Evolus, Inc. (until 2026-09-04)"
0002044725,"Evommune, Inc.",EVMN,edgar_current,NYSE,2834,active,2026-03-05,2026-03-05,2026-08-06,2026-10-01,
0001412558,Evotec SE,EVO|EVOTF,edgar_current,Nasdaq|OTC,2834,active,2008-06-30,2026-04-08,2026-04-08,2026-09-29,Evotec AG (until 2021-09-23)
0001434316,FATE THERAPEUTICS INC,FATE,edgar_current,Nasdaq,2836,active,2014-03-17,2026-02-26,2026-08-13,2026-09-28,
0001211583,FENNEC PHARMACEUTICALS INC.,FENC,edgar_current,Nasdaq,2836,active,2005-03-31,2026-03-27,2026-08-13,2026-10-01,ADHEREX TECHNOLOGIES INC (until 2014-08-14)
0001069530,"FILANA THERAPEUTICS, INC.",FLNA,edgar_current,Nasdaq,2834,active,2007-02-26,2026-03-12,2026-07-29,2026-10-01,CASSAVA SCIENCES INC (until 2026-02-19); PAIN THERAPEUTICS INC (until 2019-03-25)
0001829802,"Faeth Therapeutics, Inc.",FTH,edgar_current,Nasdaq,2834,active,2021-03-30,2026-03-30,2026-08-04,2026-09-17,"Sensei Biotherapeutics, Inc. (until 2026-06-16)"
0001958777,"FibroBiologics, Inc.",FBLG,edgar_current,Nasdaq,2834,active,2024-02-29,2026-02-24,2026-07-31,2026-09-18,FibroBiologics Inc. (until 2024-02-06)
0001822462,Foghorn Therapeutics Inc.,FHTX,edgar_current,Nasdaq,2834,active,2021-03-18,2026-03-11,2026-08-06,2026-10-01,
0001419041,"Forte Biosciences, Inc.",FBRX,edgar_current,Nasdaq,2834,active,2018-03-09,2026-03-31,2026-08-12,2026-09-08,Tocagen Inc (until 2020-06-15)
0001429260,"Fortress Biotech, Inc.",FBIO|FBIOP,edgar_current,Nasdaq|Nasdaq,2834,active,2012-03-29,2026-03-31,2026-08-13,2026-10-01,"Fortress Biotech, Inc. (until 2026-10-01); CORONADO BIOSCIENCES INC (until 2015-04-27)"
0001680581,"Fulcrum Therapeutics, Inc.",FULC,edgar_current,Nasdaq,2834,active,2020-03-05,2026-02-24,2026-07-30,2026-09-02,
0000926844,Fuss Brands Corp.,,,,2834,active,2004-08-16,2025-02-11,2025-09-11,2025-09-11,China Botanic Pharmaceutical (until 2022-06-14); RENHUANG PHARMACEUTICALS INC (until 2010-10-27); ANZA CAPITAL INC (until 2006-08-15); E-NET FINANCIAL COM CORP (until 2002-05-21); E-NET COM CORP (until 2000-03-10); E NET FINANCIAL CORP (until 2000-01-26); E NET CORP/NV (until 1999-09-15); E NET CORP (until 1999-03-05); COMTECH CONSOLIDATION GROUP INC (until 1999-01-04); SUARRO COMMUNICATIONS INC (until 1997-06-23); SOLUTIONS INC (until 1997-01-16)
0001889450,FutureTech II Acquisition Corp.,FTIIU|FTII|FTIIW,xbrl_cover:2025-08-22,,2836,active,2022-03-31,2025-04-09,2025-08-22,2026-08-17,Future Tech II Acquisition Corp. (until 2022-03-31)
0001133416,GALECTIN THERAPEUTICS INC,GALT,edgar_current,Nasdaq,2834,active,2012-03-30,2026-03-31,2026-08-14,2026-10-02,PRO PHARMACEUTICALS INC (until 2011-05-26)
0001231457,GENELUX Corp,GNLX,edgar_current,Nasdaq,2834,active,2023-03-29,2026-03-19,2026-08-13,2026-09-02,
0001434265,GENMAB A/S,GMAB|GNMSF,edgar_current,Nasdaq|OTC,2834,active,2020-03-30,2026-02-17,2026-02-17,2026-10-02,
0000886744,GERON CORP,GERN,edgar_current,Nasdaq,2834,active,2010-02-26,2026-03-02,2026-08-05,2026-10-01,GERON CORPORATION (until 2005-08-05)
0001855129,GH Research PLC,GHRS,edgar_current,Nasdaq,2834,active,2022-03-28,2026-03-05,2026-03-05,2026-09-11,
0000882095,"GILEAD SCIENCES, INC.",GILD,edgar_current,Nasdaq,2836,active,2019-02-26,2026-02-24,2026-08-06,2026-10-02,GILEAD SCIENCES INC (until 2022-02-17)
0001824293,"GRI Bio, Inc.",GRI,edgar_current,Nasdaq,2834,active,2021-03-29,2026-01-30,2026-08-14,2026-09-28,"Vallon Pharmaceuticals, Inc. (until 2023-04-21)"
0001131399,GSK plc,GSK|GLAXF,edgar_current,NYSE|OTC,2834,active,2023-03-10,2026-03-06,2026-03-06,2026-10-01,GLAXOSMITHKLINE PLC (until 2022-05-16)
0000109657,"GT Biopharma, Inc.",GTBP,edgar_current,Nasdaq,2834,active,1996-03-29,2026-03-02,2026-08-14,2026-10-02,"GT Biopharma, Inc. (until 2026-10-02); OXIS INTERNATIONAL INC (until 2017-07-25)"
0001124105,"GYRE THERAPEUTICS, INC.",GYRE,edgar_current,Nasdaq,2834,active,2014-03-14,2026-03-13,2026-08-07,2026-09-01,"CATALYST BIOSCIENCES, INC. (until 2023-10-27); TARGACEPT INC (until 2015-08-19)"
0001819411,"Gain Therapeutics, Inc.",GANX,edgar_current,Nasdaq,2834,active,2022-03-25,2026-03-26,2026-08-11,2026-10-01,
0001563577,"Galera Therapeutics, Inc.",GRTX|GRTXD,edgar_current,|OTC,2834,active,2020-03-10,2026-03-19,2026-05-14,2026-08-14,
0001595353,Galmed Pharmaceuticals Ltd.,EOCN|GLMD,edgar_current,Nasdaq|Nasdaq,2834,active,2015-03-31,2026-03-31,2026-03-31,2026-09-09,
0001920092,Gelteq Ltd,GELS,edgar_current,Nasdaq,2834,active,2024-11-15,2025-11-17,2025-11-17,2026-07-06,Gelteq Pty Ltd. (until 2022-03-31)
0001838716,Genenta Science S.p.A.,GNTA,edgar_current,Nasdaq,2836,active,2022-05-02,2026-04-01,2026-04-01,2026-10-02,Genenta Science S.r.l. (until 2021-05-19)
0001733294,Generation Bio Co.,GBIO,xbrl_cover:2025-11-05,,2834,active,2021-03-18,2025-03-13,2025-11-05,2026-05-14,Generation Bio Co. (until 2026-05-14)
0001595248,"Genprex, Inc.",GNPX,edgar_current,Nasdaq,2834,active,2018-04-17,2026-03-30,2026-08-14,2026-08-18,
0000832489,"GeoVax Labs, Inc.",GOVX,edgar_current,Nasdaq,2834,active,2009-03-12,2026-04-15,2026-07-27,2026-09-23,DAUPHIN TECHNOLOGY INC (until 2006-09-20)
0001830214,"Ginkgo Bioworks Holdings, Inc.",DNA|DNABW,edgar_current,NYSE|OTC,2836,active,2024-02-29,2026-02-26,2026-08-06,2026-09-17,Soaring Eagle Acquisition Corp. (until 2021-09-17); Spinning Eagle Acquisition Corp. (until 2021-01-04)
0001728117,"Gossamer Bio, Inc.",GOSS,edgar_current,Nasdaq,2834,active,2019-03-22,2026-03-17,2026-08-13,2026-09-28,
0001444192,"Grace Therapeutics, Inc.",GRCE,edgar_current,Nasdaq,2834,active,2013-05-30,2026-06-18,2026-08-13,2026-10-01,Acasti Pharma Inc. (until 2024-10-25)
0001392449,Green Planet Bio Engineering Co. Ltd.,GPLB,edgar_current,OTC,2836,active,2009-05-07,2026-03-31,2026-08-13,2026-08-13,"Mondo Acquisition II, Inc. (until 2008-10-09)"
0001907223,Greenland Mines Ltd,GRML|GRMLW,edgar_current,Nasdaq|Nasdaq,2836,active,2023-04-10,2026-04-01,2026-08-17,2026-10-02,"Klotho Neurosciences, Inc. (until 2026-03-10); ANEW Medical, Inc. (until 2024-09-18); Redwoods Acquisition Corp. (until 2024-06-21)"
0001799788,"Greenwich LifeSciences, Inc.",GLSI,edgar_current,Nasdaq,2834,active,2021-03-31,2026-06-01,2026-08-11,2026-08-11,
0001438569,Grifols SA,GRFS|GIFLF|GIFOF|GIKLY,edgar_current,Nasdaq|OTC|OTC|OTC,2834,active,2011-04-07,2026-04-17,2026-04-17,2026-07-30,
0001159036,"HALOZYME THERAPEUTICS, INC.",HALO,edgar_current,Nasdaq,2836,active,2012-03-12,2026-02-17,2026-08-06,2026-10-02,HALOZYME THERAPEUTICS INC (until 2019-07-03); GLOBAL YACHT SERVICES INC (until 2004-03-12)
0001360214,"HARROW, INC.",HROW,edgar_current,Nasdaq,2834,active,2009-03-26,2026-03-02,2026-08-10,2026-09-04,"HARROW HEALTH, INC. (until 2023-09-20); Imprimis Pharmaceuticals, Inc. (until 2018-12-17); TRANSDEL PHARMACEUTICALS INC (until 2012-02-27); Bywater Resources, Inc (until 2007-09-12)"
0001828673,HCW Biologics Inc.,HCWB,edgar_current,Nasdaq,2834,active,2022-03-29,2026-03-31,2026-08-14,2026-10-02,
0000818033,"HERON THERAPEUTICS, INC. /DE/",HRTX,edgar_current,Nasdaq,2834,active,2012-03-26,2026-02-26,2026-08-10,2026-09-29,AP PHARMA INC /DE/ (until 2014-01-07); ADVANCED POLYMER SYSTEMS INC /DE/ (until 2001-04-06)
0000797564,"HST Global, Inc.",HSTC,edgar_current,OTC,2834,active,2008-04-15,2025-11-03,2025-11-03,2026-07-23,NT HOLDING CORP. (until 2009-03-31); ABSS CORP (until 2004-08-12); UNICO INC (until 2002-05-22)
0001648257,HUTCHMED (China) Ltd,HCM|HMDCF,edgar_current,Nasdaq|OTC,2834,active,2017-03-13,2026-03-05,2026-03-05,2026-09-29,Hutchison China MediTech Ltd (until 2021-04-29)
0001802665,"Harmony Biosciences Holdings, Inc.",HRMY,edgar_current,Nasdaq,2834,active,2021-03-25,2026-02-24,2026-08-04,2026-09-18,
0001833141,Helus Pharma Inc.,HELP,edgar_current,Nasdaq,2834,active,2022-06-22,2026-06-29,2026-06-29,2026-10-02,CYBIN INC. (until 2026-09-23)
0001583771,"Hepion Pharmaceuticals, Inc.",HEPA|CTRVP,edgar_current,OTC|OTC,2834,active,2014-09-29,2026-03-12,2026-08-13,2026-10-02,"ContraVir Pharmaceuticals, Inc. (until 2019-07-23)"
0001888012,"HilleVax, Inc.",HLVX,xbrl_cover:2025-08-06,,2836,active,2023-03-17,2025-03-28,2025-08-06,2025-11-14,
0001818382,"Humacyte, Inc.",HUMA,edgar_current,Nasdaq,2836,active,2021-02-16,2026-03-27,2026-08-12,2026-09-28,Alpha Healthcare Acquisition Corp. (until 2021-08-26)
0001676725,"IDEAYA Biosciences, Inc.",IDYA,edgar_current,Nasdaq,2834,active,2020-03-24,2026-02-17,2026-08-04,2026-08-14,
0001326205,"IGC Pharma, Inc.",IGC,edgar_current,NYSE,2834,active,2009-07-14,2025-06-27,2026-08-14,2026-09-29,"India Globalization Capital, Inc. (until 2023-03-21)"
0001496323,"IGM Biosciences, Inc.",IGMS,xbrl_cover:2025-07-31,,2834,active,2020-03-26,2025-03-06,2025-07-31,2025-11-13,"Palingen, Inc. (until 2010-07-16)"
0001280776,"IMMUNIC, INC.",IMUX,edgar_current,Nasdaq,2834,active,2015-03-20,2026-02-26,2026-08-11,2026-10-01,VITAL THERAPIES INC (until 2019-04-10)
0001506184,IMMUTEP Ltd,IMMP|PRRUF,edgar_current,Nasdaq|OTC,2834,active,2012-10-03,2025-10-24,2025-10-24,2026-09-22,Prima BioMed Ltd (until 2017-12-01)
0001834105,IMPACT BIOMEDICAL INC.,IBO,edgar_current,NYSE,2834,active,2024-02-20,2026-03-11,2026-08-07,2026-09-24,
0001740279,"IN8BIO, INC.",INAB,edgar_current,Nasdaq,2836,active,2022-03-17,2026-03-12,2026-08-06,2026-08-13,"Incysus Therapeutics, Inc. (until 2018-09-20)"
0001055726,"INOVIO PHARMACEUTICALS, INC.",INO,edgar_current,Nasdaq,2834,active,2008-03-17,2026-03-12,2026-08-12,2026-08-12,INOVIO BIOMEDICAL CORP (until 2010-05-11); GENETRONICS BIOMEDICAL CORP (until 2005-04-01); GENETRONICS BIOMEDICAL LTD (until 2001-08-03)
0001104506,INSMED Inc,INSM,edgar_current,Nasdaq,2834,active,2018-02-23,2026-02-19,2026-08-06,2026-09-11,
0001016504,INTEGRATED BIOPHARMA INC,INBP,edgar_current,OTC,2834,active,2004-09-28,2026-09-25,2026-09-25,2026-09-25,INTEGRATED HEALTH TECHNOLOGIES INC (until 2003-04-16); CHEM INTERNATIONAL INC (until 2002-05-14)
0001567264,"INTENSITY THERAPEUTICS, INC.",INTS,edgar_current,Nasdaq,2836,active,2024-03-14,2026-03-27,2026-08-11,2026-08-11,
0001865494,"IO Biotech, Inc.",IOBTQ,edgar_current,,2834,active,2022-03-31,2025-03-31,2025-11-14,2026-06-08,
0000874015,IONIS PHARMACEUTICALS INC,IONS,edgar_current,Nasdaq,2834,active,2021-02-24,2026-02-26,2026-07-29,2026-09-23,ISIS PHARMACEUTICALS INC (until 2015-12-18)
0001425205,"IOVANCE BIOTHERAPEUTICS, INC.",IOVA,edgar_current,Nasdaq,2836,active,2011-04-14,2026-02-24,2026-08-06,2026-10-02,"Lion Biotechnologies, Inc. (until 2017-06-05); Genesis Biopharma, Inc (until 2013-09-23); FREIGHT MANAGEMENT CORP (until 2010-03-08)"
0001446847,IRONWOOD PHARMACEUTICALS INC,IRWD,edgar_current,Nasdaq,2834,active,2015-02-18,2026-02-26,2026-08-06,2026-09-23,
0001835579,"ImageneBio, Inc.",IMA,edgar_current,Nasdaq,2836,active,2022-03-17,2026-03-10,2026-08-05,2026-08-17,"Ikena Oncology, Inc. (until 2025-07-25)"
0001809196,Immatics N.V.,IMTX,edgar_current,Nasdaq,2836,active,2020-07-08,2026-03-05,2026-03-05,2026-08-27,Immatics B.V. (until 2020-07-08)
0001873835,"Immix Biopharma, Inc.",IMMX,edgar_current,Nasdaq,2834,active,2022-03-28,2026-03-25,2026-08-07,2026-09-30,"Immix Biopharma, Inc. (until 2026-09-30)"
0001790340,Immuneering Corp,IMRX,edgar_current,Nasdaq,2834,active,2022-03-10,2026-03-06,2026-08-05,2026-08-05,
0001326110,"ImmunityBio, Inc.",IBRX,edgar_current,Nasdaq,2836,active,2016-03-30,2026-02-23,2026-08-04,2026-10-02,"NantKwest, Inc. (until 2021-03-08); Conkwest, Inc. (until 2015-07-13); ZelleRx Corp (until 2009-10-09)"
0001671927,Immunocore Holdings plc,IMCR,edgar_current,Nasdaq,2836,active,2021-03-25,2026-02-25,2026-08-06,2026-09-14,Immunocore Ltd (until 2021-02-01)
0001472012,Immunome Inc.,IMNM,edgar_current,Nasdaq,2834,active,2021-03-25,2026-03-03,2026-08-11,2026-09-15,
0001764013,"Immunovant, Inc.",IMVT,edgar_current,Nasdaq,2836,active,2020-06-29,2026-05-20,2026-08-06,2026-09-25,Health Sciences Acquisitions Corp (until 2019-12-20)
0001660046,Immuron Ltd,IMRN,edgar_current,Nasdaq,2834,active,2017-11-02,2026-09-24,2026-09-24,2026-09-24,
0000749647,"Imunon, Inc.",IMNN,edgar_current,Nasdaq,2834,active,2012-03-15,2026-03-31,2026-08-11,2026-09-29,CELSION CORP (until 2022-09-19); Celsion CORP (until 2022-09-19); CHEUNG LABORATORIES INC (until 1998-02-17)
0001728328,InMed Pharmaceuticals Inc.,INM,edgar_current,Nasdaq,2834,active,2021-09-24,2026-09-09,2026-09-09,2026-10-01,
0001873875,Incannex Healthcare Inc.,IXHL,edgar_current,Nasdaq,2834,active,2022-10-28,2026-09-25,2026-09-25,2026-09-25,Incannex Healthcare Ltd (until 2023-11-29)
0001857044,"Indaptus Therapeutics, Inc.",INDP,edgar_current,Nasdaq,2834,active,2022-03-21,2026-03-17,2026-08-13,2026-09-30,Intec Parent Inc. (until 2021-08-03)
0001625297,"Indivior Pharmaceuticals, Inc.",INDV,edgar_current,Nasdaq,2834,active,2024-03-06,2026-02-26,2026-08-03,2026-09-30,INDIVIOR PLC (until 2026-01-08)
0001708688,InflaRx N.V.,IFRX,edgar_current,Nasdaq,2834,active,2018-03-29,2026-03-20,2026-03-20,2026-08-17,Fireman B.V. (until 2017-11-08)
0001750149,"Inhibikase Therapeutics, Inc.",IKT,edgar_current,Nasdaq,2836,active,2021-03-31,2026-03-26,2026-08-11,2026-09-08,
0001042418,"Inhibitor Therapeutics, Inc.",INTI,edgar_current,OTC,2834,active,2001-04-02,2026-03-26,2026-08-14,2026-09-18,"HedgePath Pharmaceuticals, Inc. (until 2019-08-12); COMMONWEALTH BIOTECHNOLOGIES INC (until 2013-05-20)"
0002007919,"Inhibrx Biosciences, Inc.",INBX,edgar_current,Nasdaq,2836,active,2025-03-17,2026-03-19,2026-08-13,2026-09-28,
0001711754,"Inmune Bio, Inc.",INMB,edgar_current,Nasdaq,2836,active,2019-03-29,2026-03-30,2026-08-06,2026-09-23,
0001598599,Innate Pharma SA,IPHA|IPHYF,edgar_current,Nasdaq|OTC,2836,active,2020-04-24,2026-04-01,2026-04-01,2026-09-17,"Innate Pharma, SA (until 2014-01-31)"
0001080014,"Innoviva, Inc.",INVA,edgar_current,Nasdaq,2834,active,2013-02-26,2026-02-25,2026-08-05,2026-08-24,THERAVANCE INC (until 2015-12-07); ADVANCED MEDICINE INC (until 2000-08-02)
0001789769,"Instil Bio, Inc.",TIL,edgar_current,Nasdaq,2836,active,2022-03-07,2026-03-27,2026-08-13,2026-08-13,
0001857030,Intercure Ltd.,INCR,edgar_current,Nasdaq,2834,active,2022-04-28,2026-04-30,2026-04-30,2026-09-08,
0001355790,International Stem Cell CORP,ISCO,edgar_current,OTC,2834,active,2009-03-30,2026-03-30,2026-08-13,2026-09-17,BTHC III INC. (until 2007-01-19)
0001756594,Inventiva S.A.,IVA|IVEVF,edgar_current,Nasdaq|OTC,2834,active,2021-03-15,2026-04-08,2026-04-08,2026-09-28,
0001832038,"Invivyd, Inc.",IVVD,edgar_current,Nasdaq,2836,active,2022-03-31,2026-03-05,2026-08-13,2026-09-29,"Adagio Therapeutics, Inc. (until 2022-09-12)"
0001659323,Iterum Therapeutics plc,ITRMF,edgar_current,OTC,2834,active,2019-03-25,2025-02-07,2025-11-14,2026-06-23,Iterum Therapeutics Ltd (until 2018-05-01)
0000200406,JOHNSON & JOHNSON,JNJ,edgar_current,NYSE,2834,active,2019-02-20,2026-02-11,2026-07-23,2026-09-10,JOHNSON & JOHNSON ET AL (until 1996-01-23)
0001679628,"JUPITER NEUROSCIENCES, INC.",JUNS,edgar_current,Nasdaq,2834,active,2025-03-28,2026-04-01,2026-08-14,2026-09-25,"Jupiter Orphan Therapeutics, Inc. (until 2017-12-05)"
0001798749,"Jade Biosciences, Inc.",JBIO,edgar_current,Nasdaq,2834,active,2022-03-30,2026-03-06,2026-08-10,2026-09-30,"Aerovate Therapeutics, Inc. (until 2025-04-30)"
0001585608,"Jaguar Health, Inc.",JAGX,edgar_current,Nasdaq,2834,active,2017-02-15,2026-04-07,2026-08-19,2026-09-29,"Jaguar Animal Health, Inc. (until 2017-07-31)"
0001817713,"Janux Therapeutics, Inc.",JANX,edgar_current,Nasdaq,2834,active,2022-03-18,2026-02-26,2026-08-06,2026-08-14,
0001788028,"Jasper Therapeutics, Inc.",JSPR|JSPRW,edgar_current,Nasdaq|Nasdaq,2836,active,2020-03-26,2026-03-30,2026-08-14,2026-10-01,Amplitude Healthcare Acquisition Corp (until 2021-09-29)
0001232524,Jazz Pharmaceuticals plc,JAZZ,edgar_current,Nasdaq,2834,active,2018-02-27,2026-02-24,2026-08-03,2026-10-01,JAZZ PHARMACEUTICALS INC (until 2012-01-18)
0001867066,Journey Medical Corp,DERM,edgar_current,Nasdaq,2834,active,2022-03-28,2026-03-26,2026-08-12,2026-08-12,
0001954488,Jyong Biotech Ltd.,MENS,edgar_current,Nasdaq,2834,active,2026-05-15,2026-05-15,2026-05-15,2026-05-15,
0001479419,"KALA BIO, Inc.",KALA,edgar_current,Nasdaq,2834,active,2018-04-02,2026-04-15,2026-08-19,2026-09-24,"KALA BIO, Inc. (until 2026-09-24); Kala Pharmaceuticals, Inc. (until 2023-06-23)"
0001567529,KAMADA LTD,KMDA,edgar_current,Nasdaq,2834,active,2014-03-26,2026-03-11,2026-03-11,2026-09-29,
0001075880,KAZIA THERAPEUTICS LTD,KZIA,edgar_current,Nasdaq,2834,active,2007-12-14,2025-11-07,2025-11-07,2026-10-02,NOVOGEN LTD (until 2017-11-17)
0001372514,KIORA PHARMACEUTICALS INC,KPRX|KPHMW,edgar_current,Nasdaq|OTC,2834,active,2015-03-31,2026-03-25,2026-08-07,2026-09-17,EYEGATE PHARMACEUTICALS INC (until 2021-11-04)
0000921299,"KYNTRA BIO, INC.",KYNB,edgar_current,Nasdaq,2834,active,2016-02-29,2026-03-16,2026-08-13,2026-10-01,FIBROGEN INC (until 2026-01-07)
0001962011,"Kairos Pharma, LTD.",KAPA,edgar_current,NYSE,2834,active,2025-04-15,2026-03-31,2026-08-12,2026-09-14,
0001348911,"KalVista Pharmaceuticals, Inc.",KALV,xbrl_cover:2026-05-14,,2834,active,2016-03-30,2025-07-10,2026-05-14,2026-08-14,"Carbylan Therapeutics, Inc. (until 2016-11-21); Carbylan Biosurgery, Inc (until 2013-01-03); Carbylan Biosurgery Inc (until 2005-12-29)"
0001754068,"Kalaris Therapeutics, Inc.",KLRS,edgar_current,Nasdaq,2836,active,2021-02-12,2026-03-17,2026-08-11,2026-08-28,"Allovir, Inc. (until 2025-03-12); ViraCyte, Inc. (until 2018-10-02)"
0001503802,Karyopharm Therapeutics Inc.,KPTI,edgar_current,Nasdaq,2834,active,2015-03-13,2026-02-13,2026-08-13,2026-10-02,
0001530746,"Kaya Holdings, Inc.",KAYS,edgar_current,,2834,active,2013-04-24,2025-04-29,2025-11-20,2026-03-30,"Alternative Fuels Americas, Inc. (until 2015-04-23); Alternative Fuels America, Inc. (until 2012-01-09)"
0001567892,Keenova Therapeutics plc,,,,2834,active,2016-11-29,2026-04-15,2026-08-11,2026-08-11,Mallinckrodt plc (until 2025-11-10)
0001664710,"Keros Therapeutics, Inc.",KROS,edgar_current,Nasdaq,2834,active,2021-03-25,2026-03-04,2026-08-03,2026-09-29,
0001645666,"Kezar Life Sciences, Inc.",KZR,edgar_current,Nasdaq,2834,active,2019-03-26,2026-03-27,2026-05-11,2026-05-28,
0001730430,"Kiniksa Pharmaceuticals International, plc",KNSA,edgar_current,Nasdaq,2834,active,2019-03-12,2026-02-24,2026-07-28,2026-09-03,"Kiniksa Pharmaceuticals, Ltd. (until 2024-06-28)"
0001468748,Kodiak Sciences Inc.,KOD,edgar_current,Nasdaq,2836,active,2019-03-27,2026-03-31,2026-08-13,2026-09-30,"Oligasis, LLC (until 2009-07-28)"
0001703647,"Korro Bio, Inc.",KRRO,edgar_current,Nasdaq,2834,active,2020-03-26,2026-03-12,2026-08-06,2026-09-15,"Frequency Therapeutics, Inc. (until 2023-11-06)"
0001755237,"Korsana Biosciences, Inc.",KRSA,edgar_current,Nasdaq,2834,active,2020-03-12,2026-03-30,2026-08-04,2026-09-23,"Cyclerion Therapeutics, Inc. (until 2026-08-27)"
0001711279,"Krystal Biotech, Inc.",KRYS,edgar_current,Nasdaq,2836,active,2018-03-12,2026-02-17,2026-08-03,2026-09-16,
0001422143,"Kura Oncology, Inc.",KURA,edgar_current,Nasdaq,2834,active,2009-03-31,2026-03-05,2026-08-12,2026-09-29,ZETA ACQUISITION CORP III (until 2015-03-10)
0001811623,"Kuvatris Therapeutics, Inc.",PXMD,xbrl_cover:2026-01-14,,2834,active,2023-03-30,2024-03-11,2026-01-14,2026-01-14,"PaxMedica, Inc. (until 2025-06-13)"
0001815442,"Kymera Therapeutics, Inc.",KYMR,edgar_current,Nasdaq,2836,active,2021-03-11,2026-02-26,2026-08-05,2026-10-01,"Kymera Therapeutics, Inc. (until 2026-10-01)"
0001994702,"Kyverna Therapeutics, Inc.",KYTX,edgar_current,Nasdaq,2836,active,2024-03-26,2026-03-26,2026-08-11,2026-09-24,"Kyverna Therapeutics, Inc. (until 2026-09-24)"
0001840748,LAVA Therapeutics NV,LVTX,xbrl_cover:2025-11-06,,2834,active,2022-03-24,2025-03-28,2025-11-06,2025-12-16,LAVA Therapeutics BV (until 2021-03-24)
0001691082,LB PHARMACEUTICALS INC,LBRX,edgar_current,Nasdaq,2834,active,2026-03-26,2026-03-26,2026-08-11,2026-10-01,LB PHARMACEUTICALS INC. (until 2018-12-12)
0001815776,"LENZ Therapeutics, Inc.",LENZ,edgar_current,Nasdaq,2836,active,2022-03-21,2026-03-24,2026-08-11,2026-09-08,"Graphite Bio, Inc. (until 2024-03-19)"
0001062822,"LEXICON PHARMACEUTICALS, INC.",LXRX,edgar_current,Nasdaq,2834,active,2010-03-08,2026-03-05,2026-08-06,2026-08-14,"LEXICON PHARMACEUTICALS, INC./DE (until 2014-12-05); LEXICON GENETICS INC/TX (until 2007-04-02)"
0001391135,LFTD PARTNERS INC.,LIFD,edgar_current,OTC,2834,active,2008-12-30,2026-04-01,2026-08-14,2026-10-01,Acquired Sales CORP (until 2021-09-02); ACQUIRED SALES CORP (until 2021-09-02)
0001005286,"LIFECORE BIOMEDICAL, INC. \DE\",LFCR,edgar_current,Nasdaq,2834,active,2012-08-08,2025-08-07,2026-08-05,2026-09-29,LANDEC CORP \CA\ (until 2022-11-07)
0000886163,LIGAND PHARMACEUTICALS INC,LGND|LGNDZ|LGNXZ|LGNYZ|LGNZZ,edgar_current,Nasdaq|OTC|OTC|OTC|OTC,2834,active,2016-02-26,2026-02-27,2026-08-07,2026-09-24,LIGAND PHARMACEUTICALS (until 1994-09-13)
0001347242,LIPELLA PHARMACEUTICALS INC.,LIPO,edgar_current,OTC,2834,active,2023-03-31,2025-03-28,2025-11-14,2026-07-15,LIPELLA PHARMACEUTICALS INC (until 2023-09-11)
0000320017,"LISATA THERAPEUTICS, INC.",LSTA,edgar_current,Nasdaq,2834,active,2012-03-20,2026-03-12,2026-08-06,2026-10-02,"Caladrius Biosciences, Inc. (until 2022-09-15); CALADRIUS BIOSCIENCES, INC. (until 2022-09-15); NeoStem, Inc. (until 2015-06-05); PHASE III MEDICAL INC/DE (until 2006-09-01); CORNICHE GROUP INC /DE (until 2003-08-14)"
0001946399,"LakeShore Biopharma Co., Ltd.",LSBCF,edgar_current,,2834,active,2023-07-26,2025-07-31,2025-07-31,2026-06-25,"YS Biopharma Co., Ltd. (until 2024-05-24); YishengBio Co., Ltd (until 2023-02-21)"
0001421876,Lakefront Biotherapeutics NV,LKFT|GLPGF,edgar_current,Nasdaq|OTC,2834,active,2016-03-25,2026-03-26,2026-03-26,2026-09-29,GALAPAGOS NV (until 2026-05-06)
0001763950,Lantern Pharma Inc.,LTRN,edgar_current,Nasdaq,2834,active,2021-03-10,2026-03-30,2026-08-14,2026-10-01,Lantern Pharma (until 2019-01-14)
0001374690,"Larimar Therapeutics, Inc.",LRMR,edgar_current,Nasdaq,2834,active,2015-03-25,2026-03-19,2026-08-04,2026-10-01,"ZAFGEN, INC. (until 2020-05-19); ZAFGEN INC (until 2008-11-03)"
0001801198,Legend Biotech Corp,LEGN,edgar_current,Nasdaq,2834,active,2021-04-02,2026-03-10,2026-03-10,2026-10-01,
0001620463,"LeonaBio, Inc.",LONA,edgar_current,Nasdaq,2836,active,2021-03-25,2026-03-31,2026-08-14,2026-09-22,"Athira Pharma, Inc. (until 2026-01-08); M3 Biotechnology, Inc. (until 2019-01-23)"
0001348362,Lexaria Bioscience Corp.,LEXX,edgar_current,Nasdaq,2834,active,2010-01-20,2025-11-28,2026-07-13,2026-10-02,Lexaria Corp. (until 2016-05-11); LEXARIA CORP. (until 2016-05-11)
0001907108,"Lexeo Therapeutics, Inc.",LXEO,edgar_current,Nasdaq,2836,active,2024-03-11,2026-03-30,2026-08-12,2026-09-29,
0000849146,Lifevantage Corp,LFVN,edgar_current,Nasdaq,2834,active,2009-09-28,2026-08-27,2026-08-27,2026-09-18,"LIFELINE THERAPEUTICS, INC. (until 2006-12-06); YAAK RIVER RESOURCES INC (until 2004-09-28)"
0001971387,"Liminatus Pharma, Inc.",LIMN|LIMNW,edgar_current,Nasdaq|Nasdaq,2836,active,2026-03-31,2026-03-31,2026-08-14,2026-09-29,Iris Parent Holding Corp. (until 2025-02-07)
0000876343,"Lineage Cell Therapeutics, Inc.",LCTX,edgar_current,NYSE,2836,active,2013-03-18,2026-03-05,2026-08-06,2026-08-06,BIOTIME INC (until 2019-08-08)
0001535955,Lipocine Inc.,LPCN,edgar_current,Nasdaq,2834,active,2012-03-05,2026-03-10,2026-08-04,2026-10-01,MARATHON BAR CORP (until 2013-07-09)
0001819576,Liquidia Corp,LQDA,edgar_current,Nasdaq,2834,active,2021-03-25,2026-03-05,2026-08-12,2026-09-30,
0001262104,"Lite Strategy, Inc.",LITS,edgar_current,Nasdaq,2834,active,2004-09-10,2026-09-28,2026-09-28,2026-09-28,"MEI Pharma, Inc. (until 2025-09-10); MARSHALL EDWARDS INC (until 2012-06-06)"
0001900520,"Lomond Therapeutics Holdings, Inc.",,,,2834,active,2022-03-31,2026-04-15,2026-05-15,2026-07-10,Venetian-1 Acquisition Corp. (until 2024-10-28)
0001721484,Longeveron Inc.,LGVN,edgar_current,Nasdaq,2834,active,2021-03-30,2026-03-17,2026-08-12,2026-09-23,LONGEVERON LLC (until 2021-02-10)
0001527728,Lunai Bioworks Inc.,LNAI,edgar_current,Nasdaq,2834,active,2012-07-17,2025-09-29,2026-05-15,2026-09-29,"RENOVARO INC. (until 2025-08-26); RENOVARO BIOSCIENCES INC. (until 2024-02-07); Enochian Biosciences Inc (until 2023-08-01); DanDrit Biotech USA, Inc. (until 2018-02-23); Putnam Hills Corp. (until 2014-02-11)"
0001806952,"Lyell Immunopharma, Inc.",LYEL,edgar_current,Nasdaq,2834,active,2022-03-29,2026-03-12,2026-08-06,2026-09-10,
0001125345,MACROGENICS INC,MGNX,edgar_current,Nasdaq,2834,active,2014-03-20,2026-03-09,2026-08-14,2026-09-21,
0001157601,"MADRIGAL PHARMACEUTICALS, INC.",MDGL,edgar_current,Nasdaq,2834,active,2011-03-11,2026-02-19,2026-07-30,2026-09-28,"MADRIGAL PHARMACEUTICALS, INC. (until 2026-09-28); SYNTA PHARMACEUTICALS CORP (until 2016-08-01)"
0001878313,"MAIA Biotechnology, Inc.",MAIA,edgar_current,NYSE,2834,active,2023-03-24,2026-03-23,2026-08-10,2026-10-02,
0000899460,MANNKIND CORP,MNKD,edgar_current,Nasdaq,2834,active,2014-03-03,2026-02-26,2026-08-05,2026-09-28,
0001823239,"MARAVAI LIFESCIENCES HOLDINGS, INC.",MRVI,edgar_current,Nasdaq,2834,active,2021-03-22,2026-02-26,2026-08-07,2026-10-01,
0001776111,"MBX Biosciences, Inc.",MBX,edgar_current,Nasdaq,2834,active,2025-03-17,2026-03-12,2026-08-06,2026-08-27,
0001226616,MEDICINOVA INC,MNOV,edgar_current,Nasdaq,2834,active,2005-03-22,2026-03-10,2026-08-13,2026-09-29,
0001133519,MEDICURE INC,MCUJF,edgar_current,OTC,2834,active,2002-10-29,2026-04-24,2026-04-24,2026-08-19,
0001345099,MESOBLAST LTD,MESO|MEOBF,edgar_current,Nasdaq|OTC,2836,active,2016-08-25,2026-08-27,2026-08-27,2026-09-24,
0001904286,"MIRA PHARMACEUTICALS, INC.",MIRA,edgar_current,Nasdaq,2834,active,2024-04-01,2026-03-31,2026-08-12,2026-09-17,"Mira1a Therapeutics, Inc. (until 2023-05-02)"
0001745114,MOLECULAR PARTNERS AG,MOLN,edgar_current,Nasdaq,2836,active,2022-03-15,2026-03-12,2026-03-12,2026-08-25,
0001680048,"MUSTANG BIO, INC.",MBIO,edgar_current,Nasdaq,2834,active,2017-03-31,2026-03-19,2026-08-05,2026-08-05,
0001770069,"MapLight Therapeutics, Inc.",MPLT,edgar_current,Nasdaq,2834,active,2026-03-26,2026-03-26,2026-08-13,2026-09-23,"Alvarado Therapeutics, Inc. (until 2019-03-22)"
0001094038,"Marker Therapeutics, Inc.",MRKR,edgar_current,Nasdaq,2834,active,2009-05-08,2026-03-18,2026-08-14,2026-08-14,TAPIMMUNE INC. (until 2018-10-17); TAPIMMUNE INC (until 2017-06-29); GENEMAX CORP (until 2007-06-28); EDUVERSE COM (until 2002-06-17)
0001582554,"Matinas BioPharma Holdings, Inc.",MTNB,edgar_current,NYSE,2834,active,2015-03-31,2026-03-31,2026-08-13,2026-09-28,
0001842295,"Maze Therapeutics, Inc.",MAZE,edgar_current,Nasdaq,2836,active,2025-03-31,2026-03-25,2026-08-11,2026-10-02,
0001997296,Medicus Pharma Ltd.,MDCX|MDCXW,edgar_current,Nasdaq|Nasdaq,2834,active,2025-03-28,2026-03-25,2026-08-12,2026-09-14,
0001735438,MeiraGTx Holdings plc,MGTX,edgar_current,Nasdaq,2836,active,2019-03-26,2026-03-30,2026-08-13,2026-09-24,
0000310158,"Merck & Co., Inc.",MRK,edgar_current,NYSE,2834,active,2019-02-27,2026-02-24,2026-08-07,2026-10-01,Merck & Co. Inc. (until 2014-12-09); SCHERING PLOUGH CORP (until 2009-10-29)
0001719714,Mereo BioPharma Group plc,MREO,edgar_current,Nasdaq,2834,active,2019-04-29,2026-03-19,2026-08-11,2026-08-19,
0001442836,"Mersana Therapeutics, Inc.",MRSN,xbrl_cover:2025-11-14,,2834,active,2018-03-28,2025-03-03,2025-11-14,2026-05-15,MERSANA THERAPEUTICS INC (until 2014-04-08)
0001651311,Merus N.V.,MRUS,xbrl_cover:2025-10-31,,2834,active,2017-04-28,2025-02-27,2025-10-31,2026-02-17,Merus B.V. (until 2016-05-23)
0001638287,MetaVia Inc.,MTVA,edgar_current,Nasdaq,2834,active,2017-03-21,2026-03-26,2026-08-06,2026-09-09,"NeuroBo Pharmaceuticals, Inc. (until 2024-11-18); Gemphire Therapeutics Inc. (until 2019-12-31)"
0001785279,"Metagenomi Therapeutics, Inc.",MGX,edgar_current,Nasdaq,2836,active,2024-03-27,2026-03-05,2026-08-10,2026-09-22,"Metagenomi, Inc. (until 2026-01-12); Metagenomi Technologies, LLC (until 2024-01-18)"
0002040807,"Metsera, Inc.",MTSR,xbrl_cover:2025-11-12,,2834,active,2025-03-26,2025-03-26,2025-11-12,2026-02-17,
0001840229,"MiNK Therapeutics, Inc.",INKT,edgar_current,Nasdaq,2836,active,2022-03-18,2026-03-31,2026-08-13,2026-09-02,"AgenTus Therapeutics, Inc. (until 2021-03-18); AgenTus Therapeutics, Inc. (until 2021-03-18)"
0001408443,Milestone Pharmaceuticals Inc.,MIST,edgar_current,Nasdaq,2834,active,2020-03-06,2026-03-20,2026-08-12,2026-09-03,
0001715925,MindWalk Holdings Corp.,HYFT,edgar_current,Nasdaq,2834,active,2021-07-28,2026-07-23,2026-07-23,2026-10-01,ImmunoPrecise Antibodies Ltd. (until 2025-09-03)
0001933414,"Mineralys Therapeutics, Inc.",MLYS,edgar_current,Nasdaq,2834,active,2023-03-15,2026-03-12,2026-08-11,2026-10-02,
0001598646,"Minerva Neurosciences, Inc.",NERV,edgar_current,Nasdaq,2834,active,2015-03-26,2026-03-11,2026-08-07,2026-08-20,
0001759425,"Mirum Pharmaceuticals, Inc.",MIRM,edgar_current,Nasdaq,2834,active,2020-03-12,2026-02-25,2026-08-05,2026-09-28,
0001682852,"Moderna, Inc.",MRNA,edgar_current,Nasdaq,2836,active,2022-02-25,2026-02-20,2026-07-31,2026-09-30,"Moderna Therapeutics, Inc. (until 2016-08-24)"
0001659617,"Moleculin Biotech, Inc.",MBRX,edgar_current,Nasdaq,2834,active,2017-04-03,2026-03-18,2026-08-13,2026-09-29,
0001645469,Monopar Therapeutics,MNPR,edgar_current,Nasdaq,2834,active,2018-03-26,2026-03-27,2026-08-12,2026-10-02,
0001826457,"Monte Rosa Therapeutics, Inc.",GLUE,edgar_current,Nasdaq,2836,active,2022-03-29,2026-03-17,2026-08-06,2026-10-01,"Monte Rosa Therapeutics, Inc. (until 2026-10-01)"
0001821586,MoonLake Immunotherapeutics,MLTX,edgar_current,Nasdaq,2834,active,2021-03-31,2026-02-25,2026-08-10,2026-09-30,Helix Acquisition Corp (until 2022-03-31)
0000836564,Mosaic ImmunoEngineering Inc.,CPMV,edgar_current,OTC,2836,active,2002-08-28,2026-04-15,2026-08-14,2026-08-14,PATRIOT SCIENTIFIC CORP (until 2020-11-19)
0001971543,Mural Oncology plc,MURA,xbrl_cover:2025-11-06,,2834,active,2024-03-26,2025-03-11,2025-11-06,2025-12-16,Mural Oncology Ltd (until 2023-08-24)
0001379006,"NANOVIRICIDES, INC.",NNVC,edgar_current,NYSE,2834,active,2008-10-29,2026-09-28,2026-09-28,2026-09-29,
0000275053,NATURES SUNSHINE PRODUCTS INC,NATR,edgar_current,Nasdaq,2834,active,2012-03-05,2026-03-10,2026-08-06,2026-09-15,
0000906709,NEKTAR THERAPEUTICS,NKTR,edgar_current,Nasdaq,2834,active,2016-02-29,2026-03-13,2026-08-14,2026-10-01,INHALE THERAPEUTIC SYSTEMS INC (until 2003-01-10); INHALE THERAPEUTIC SYSTEMS (until 1998-05-14)
0001979414,"NEONC TECHNOLOGIES HOLDINGS, INC.",NTHI,edgar_current,Nasdaq,2834,active,2026-03-31,2026-03-31,2026-08-10,2026-09-28,
0001751912,NERVGEN PHARMA CORP.,NGEN,edgar_current,Nasdaq,2834,active,2026-03-31,2026-03-31,2026-03-31,2026-09-25,
0000914475,NEUROCRINE BIOSCIENCES INC,NBIX,edgar_current,Nasdaq,2836,active,2018-02-13,2026-02-11,2026-07-31,2026-09-28,
0001145604,"NIKA PHARMACEUTICALS, INC",NIKA,edgar_current,OTC,2834,active,2021-03-24,2026-03-25,2026-08-10,2026-08-10,CENTENNIAL GROWTH EQUITIES INC (until 2022-08-15)
0001845459,"NKGen Biotech, Inc.",NKGN|NKGNW,xbrl_cover:2026-01-20,,2836,active,2022-03-31,2025-10-08,2026-01-20,2026-09-02,Graf Acquisition Corp. IV (until 2023-09-29)
0001335105,"NOMAD POWER SOLUTIONS, INC.",NMAD,edgar_current,Nasdaq,2834,active,2009-03-31,2026-03-31,2026-08-14,2026-09-30,"LIXTE BIOTECHNOLOGY HOLDINGS, INC. (until 2026-07-02); SRKP 7 INC (until 2006-12-01)"
0001072379,NORTHWEST BIOTHERAPEUTICS INC,NWBO,edgar_current,OTC,2834,active,2002-04-01,2026-04-15,2026-08-14,2026-08-14,
0001114448,NOVARTIS AG,NVS|NVSEF,edgar_current,NYSE|OTC,2834,active,2010-01-26,2026-02-04,2026-02-04,2026-09-08,
0001000694,NOVAVAX INC,NVAX,edgar_current,Nasdaq,2836,active,2013-03-12,2026-02-26,2026-08-06,2026-08-07,
0000353278,NOVO NORDISK A S,NVO|NONOF,edgar_current,NYSE|OTC,2834,active,2017-02-09,2026-02-04,2026-02-04,2026-09-28,
0001719406,"NRX Pharmaceuticals, Inc.",NRXP,edgar_current,Nasdaq,2834,active,2018-03-23,2026-03-23,2026-08-14,2026-09-16,Big Rock Partners Acquisition Corp. (until 2021-05-24)
0001760854,Nanobiotix S.A.,NBTX|NNBXF,edgar_current,Nasdaq|OTC,2834,active,2021-04-07,2026-03-31,2026-03-31,2026-10-01,
0002029039,Nasus Pharma Ltd,NSRX,edgar_current,NYSE,2834,active,2026-03-25,2026-03-25,2026-03-25,2026-09-23,
0001885522,"Neumora Therapeutics, Inc.",NMRA,edgar_current,Nasdaq,2836,active,2024-03-07,2026-03-30,2026-08-14,2026-08-21,
0001191070,Neuphoria Therapeutics Inc.,NEUP,edgar_current,Nasdaq,2834,active,2022-10-14,2026-09-18,2026-09-18,2026-09-18,BIONOMICS LIMITED/FI (until 2024-12-23)
0001875091,NeuroSense Therapeutics Ltd.,NRSN|NRSNW,edgar_current,Nasdaq|Nasdaq,2834,active,2022-04-14,2026-03-31,2026-03-31,2026-10-02,
0001404644,Neurogene Inc.,NGNE,edgar_current,Nasdaq,2834,active,2015-03-16,2026-03-24,2026-08-11,2026-10-02,"Neoleukin Therapeutics, Inc. (until 2023-12-06); AQUINOX PHARMACEUTICALS, INC (until 2019-08-12); AQUINOX PHARMACEUTICALS (USA) INC (until 2013-12-24)"
0001936258,NewAmsterdam Pharma Co N.V.,NAMS|NAMSW,edgar_current,Nasdaq|Nasdaq,2834,active,2022-11-28,2026-02-18,2026-08-05,2026-10-02,NewAmsterdam Pharma Co B.V. (until 2022-11-22)
0001783036,NewcelX Ltd.,NCEL,edgar_current,Nasdaq,2834,active,2021-05-14,2026-04-29,2026-04-29,2026-09-22,NLS Pharmaceutics Ltd. (until 2025-10-30)
0001789192,Nexentis Technologies Inc.,NXTS,edgar_current,Nasdaq,2834,active,2020-03-30,2026-03-31,2026-08-13,2026-09-03,"N2OFF, Inc. (until 2026-02-25); Save Foods, Inc. (until 2024-03-19); Save Foods Inc. (until 2023-04-10)"
0001661059,"NextCure, Inc.",NXTC,edgar_current,Nasdaq,2834,active,2020-03-12,2026-03-05,2026-08-06,2026-10-01,
0001787400,"Nkarta, Inc.",NKTX,edgar_current,Nasdaq,2834,active,2021-03-25,2026-03-25,2026-08-10,2026-08-10,
0001039466,NovAccess Global Inc.,,,,2834,active,2006-12-14,2026-01-14,2026-01-14,2026-01-14,XSUNX INC (until 2020-08-21); SUN RIVER MINING INC (until 2003-08-12)
0001778016,NovaBridge Biosciences,NBP,edgar_current,Nasdaq,2834,active,2020-04-29,2026-04-07,2026-04-07,2026-09-21,I-Mab (until 2025-10-28)
0001709626,NuCana plc,NCNA,edgar_current,Nasdaq,2834,active,2018-03-22,2026-03-19,2026-03-19,2026-09-30,NuCana BioMed Ltd (until 2017-08-04)
0001549595,"Nurix Therapeutics, Inc.",NRIX,edgar_current,Nasdaq,2834,active,2021-02-16,2026-01-28,2026-07-09,2026-10-02,"Nurix, Inc. (until 2015-09-18)"
0001861560,"Nuvalent, Inc.",NUVL,edgar_current,Nasdaq,2834,active,2022-03-29,2026-02-26,2026-05-07,2026-07-27,
0001811063,Nuvation Bio Inc.,NUVB,edgar_current,NYSE,2834,active,2021-03-11,2026-03-02,2026-08-06,2026-08-21,Panacea Acquisition Corp (until 2021-02-11)
0001875558,"Nuvectis Pharma, Inc.",NVCT,edgar_current,Nasdaq,2834,active,2022-03-23,2026-02-11,2026-08-04,2026-08-28,
0001393434,"OCULAR THERAPEUTIX, INC",OCUL,edgar_current,Nasdaq,2834,active,2015-03-20,2026-02-05,2026-08-03,2026-10-02,I-THERAPEUTIX INC (until 2009-07-02)
0001849296,OKYO Pharma Ltd,OKYO,edgar_current,Nasdaq,2836,active,2022-08-15,2026-07-20,2026-07-20,2026-09-29,
0001285819,OMEROS CORP,OMER,edgar_current,Nasdaq,2834,active,2010-03-31,2026-03-31,2026-08-12,2026-09-24,
0001129928,ONCOLYTICS BIOTECH INC,ONCY,edgar_current,Nasdaq,2834,active,2008-05-23,2026-03-30,2026-08-12,2026-09-29,
0000944809,"OPKO HEALTH, INC.",OPK,edgar_current,Nasdaq,2834,active,2017-03-01,2026-02-26,2026-08-28,2026-10-02,EXEGENICS INC (until 2007-06-13); eXegenics Inc (until 2007-06-13); CYTOCLONAL PHARMACEUTICS INC /DE (until 2001-06-04)
0001174940,ORAGENICS INC,OGEN,edgar_current,NYSE,2834,active,2009-04-01,2026-03-16,2026-08-13,2026-09-16,
0001176309,ORAMED PHARMACEUTICALS INC.,ORMP,edgar_current,Nasdaq,2834,active,2009-11-25,2026-03-26,2026-08-10,2026-10-02,"Integrated Security Technologies, Inc. (until 2006-04-10); IGUANA VENTURES LTD (until 2004-06-10)"
0001620737,ORGANIGRAM GLOBAL INC.,OGI,edgar_current,Nasdaq,2834,active,2019-11-27,2025-12-16,2025-12-16,2026-09-30,ORGANIGRAM HOLDINGS INC. (until 2025-04-01); ORGANIGRAM HOLDINGS INC (until 2016-07-21)
0001795091,OS Therapies Inc,OSTX,edgar_current,NYSE,2834,active,2025-03-31,2026-03-31,2026-08-14,2026-09-21,
0001372299,"Ocugen, Inc.",OCGN,edgar_current,Nasdaq,2836,active,2015-03-27,2026-03-04,2026-08-06,2026-09-23,HISTOGENICS CORP (until 2019-09-26)
0001953530,Oculis Holding AG,OCS|OCSAW,edgar_current,Nasdaq|Nasdaq,2834,active,2023-03-08,2026-03-04,2026-03-04,2026-09-30,
0001750284,"Olema Pharmaceuticals, Inc.",OLMA,edgar_current,Nasdaq,2834,active,2021-03-17,2026-03-16,2026-08-10,2026-09-02,
0001637715,"OnKure Therapeutics, Inc.",OKUR,edgar_current,Nasdaq,2834,active,2022-03-23,2026-03-12,2026-08-04,2026-09-23,"Reneo Pharmaceuticals, Inc. (until 2024-10-02)"
0001782107,"Onconetix, Inc.",ONCO,edgar_current,Nasdaq,2834,active,2022-03-31,2026-03-13,2026-08-13,2026-09-17,"Blue Water Biotech, Inc. (until 2023-12-18); Blue Water Vaccines Inc. (until 2023-04-20)"
0000908259,"Oncotelic Therapeutics, Inc.",OTLC,edgar_current,OTC,2834,active,2006-03-14,2026-04-15,2026-08-13,2026-08-13,MATEON THERAPEUTICS INC (until 2021-03-26); OXIGENE INC (until 2016-06-03)
0001622244,"One World Products, Inc.",OWPC,edgar_current,,2834,active,2015-10-22,2025-06-03,2026-01-02,2026-07-27,"One World Pharma, Inc. (until 2021-11-30); PUNTO GROUP, CORP. (until 2019-01-08)"
0001815620,Opthea Ltd,CKDXF|OPTEY,edgar_current,OTC|OTC,2836,active,2021-10-28,2025-09-15,2025-09-15,2026-07-07,
0001228627,"Opus Genetics, Inc.",IRD,edgar_current,Nasdaq,2834,active,2009-03-16,2026-03-12,2026-08-06,2026-10-02,"Ocuphire Pharma, Inc. (until 2024-10-22); REXAHN PHARMACEUTICALS, INC. (until 2020-11-09); CORPORATE ROAD SHOW DOT COM INC (until 2005-04-29); FERRARO FRANK (until 2003-04-29)"
0001661181,Organogenesis Holdings Inc.,ORGO,edgar_current,Nasdaq,2834,active,2017-03-28,2026-02-26,2026-08-06,2026-08-06,Avista Healthcare Public Acquisition Corp. (until 2018-12-10)
0001821825,Organon & Co.,OGN,edgar_current,NYSE,2834,active,2022-03-21,2026-02-24,2026-07-31,2026-08-14,
0001460602,Orgenesis Inc.,ORGS,xbrl_cover:2026-03-26,,2834,active,2010-03-15,2026-03-26,2026-03-26,2026-06-02,"Business Outsourcing Service, Inc. (until 2011-08-19)"
0001796280,"Oric Pharmaceuticals, Inc.",ORIC,edgar_current,Nasdaq,2834,active,2021-03-23,2026-02-23,2026-08-03,2026-10-02,
0000907654,"Oruka Therapeutics, Inc.",ORKA,edgar_current,Nasdaq,2834,active,2010-03-04,2026-03-12,2026-08-10,2026-10-02,"ARCA biopharma, Inc. (until 2024-08-30); NUVELO INC (until 2009-01-27); HYSEQ INC (until 2003-01-28)"
0001649989,"Outlook Therapeutics, Inc.",OTLK,edgar_current,Nasdaq,2836,active,2016-12-29,2025-12-19,2026-08-18,2026-09-30,"Oncobiologics, Inc. (until 2018-11-13)"
0001636651,Ovid Therapeutics Inc.,OVID,edgar_current,Nasdaq,2834,active,2018-03-29,2026-03-18,2026-08-13,2026-08-24,
0000911216,PALATIN TECHNOLOGIES INC,PTN,edgar_current,Nasdaq,2834,active,2003-09-29,2026-09-28,2026-09-28,2026-09-28,INTERFILM INC (until 1996-06-14)
0001357459,"PALISADE BIO, INC.",PALI,edgar_current,Nasdaq,2836,active,2012-03-30,2026-03-20,2026-08-10,2026-08-21,"PALISADE BIO, INC. (until 2026-08-21); Seneca Biopharma, Inc. (until 2021-04-26); Neuralstem, Inc. (until 2020-01-23)"
0001583648,"PALVELLA THERAPEUTICS, INC.",PVLA,edgar_current,Nasdaq,2834,active,2014-09-12,2026-03-31,2026-08-04,2026-09-18,"PIERIS PHARMACEUTICALS, INC. (until 2024-12-12); Marika Inc. (until 2014-12-18)"
0001472091,PDS Biotechnology Corp,PDSB,edgar_current,Nasdaq,2834,active,2016-03-08,2026-03-30,2026-08-13,2026-09-22,"Edge Therapeutics, Inc. (until 2019-03-18)"
0001585364,PERRIGO Co plc,PRGO,edgar_current,NYSE,2834,active,2017-05-22,2026-02-26,2026-08-05,2026-09-15,PERRIGO Co Ltd (until 2013-11-12)
0000078003,PFIZER INC,PFE,edgar_current,NYSE,2834,active,2021-02-25,2026-02-26,2026-08-04,2026-10-01,PFIZER INC (until 2026-10-01)
0001069899,PHIBRO ANIMAL HEALTH CORP,PAHC,edgar_current,Nasdaq,2834,active,1999-09-28,2026-08-26,2026-08-26,2026-09-18,PHILIPP BROTHERS CHEMICALS INC (until 2003-05-14)
0001746473,"PLIANT THERAPEUTICS, INC.",PLRX,edgar_current,Nasdaq,2834,active,2021-03-16,2026-03-11,2026-08-11,2026-10-02,
0001840563,PMGC Holdings Inc.,ELAB,edgar_current,Nasdaq,2834,active,2024-03-29,2026-03-30,2026-08-14,2026-09-29,Elevai Labs Inc. (until 2024-11-27); Reactive Medical Labs Inc. (until 2021-10-14)
0001699382,"PMV Pharmaceuticals, Inc.",PMVP,edgar_current,Nasdaq,2834,active,2021-03-03,2026-03-06,2026-08-14,2026-09-15,
0001356090,"PRECIGEN, INC.",PGEN,edgar_current,Nasdaq,2834,active,2016-02-29,2026-03-25,2026-08-04,2026-09-24,INTREXON CORP (until 2020-01-22)
0001357874,PRECISION BIOSCIENCES INC,DTIL,edgar_current,Nasdaq,2836,active,2020-03-10,2026-03-12,2026-08-06,2026-09-30,
0001801834,PRF Technologies Ltd.,PRFX,edgar_current,Nasdaq,2834,active,2021-03-18,2026-03-26,2026-03-26,2026-09-28,PAINREFORM LTD. (until 2026-01-20)
0001850270,PROKIDNEY CORP.,PROK,edgar_current,Nasdaq,2836,active,2022-03-24,2026-03-18,2026-08-10,2026-08-20,Social Capital Suvretta Holdings Corp. III (until 2022-07-11)
0001559053,PROTHENA CORP PUBLIC LTD CO,PRTA,edgar_current,Nasdaq,2834,active,2013-03-29,2026-02-27,2026-08-06,2026-10-02,Prothena Corp plc (until 2020-05-22); Neotope Corp Ltd (until 2012-10-01)
0000315545,"PROVECTUS BIOPHARMACEUTICALS, INC.",PVCT,edgar_current,OTC,2834,active,2009-03-31,2026-03-26,2026-08-13,2026-09-18,PROVECTUS PHARMACEUTICALS INC (until 2013-12-18); PROVECTUS PHARMACEUTICAL INC (until 2002-05-15); ZAMAGE DIGITAL IMAGING INC (until 2002-04-01); SPM GROUP INC (until 2001-11-14)
0001985062,PSYENCE BIOMEDICAL LTD.,PBM|PBMWW,edgar_current,Nasdaq|Nasdaq,2834,active,2024-01-31,2026-06-22,2026-06-22,2026-09-28,
0001070081,"PTC THERAPEUTICS, INC.",PTCT,edgar_current,Nasdaq,2834,active,2018-03-06,2026-02-19,2026-07-30,2026-10-02,PTC THERAPEUTICS INC (until 2005-10-12)
0001401667,"PUMA BIOTECHNOLOGY, INC.",PBYI,edgar_current,Nasdaq,2834,active,2013-04-01,2026-02-26,2026-08-06,2026-09-16,INNOVATIVE ACQUISITIONS CORP (until 2011-10-04)
0001614744,PURPLE BIOTECH LTD.,PPBT,edgar_current,Nasdaq,2834,active,2016-03-18,2026-03-19,2026-03-19,2026-09-09,Kitov Pharma Ltd. (until 2020-12-10); Kitov Pharmaceuticals Holdings Ltd. (until 2017-12-21)
0001396814,"Pacira BioSciences, Inc.",PCRX,edgar_current,Nasdaq,2834,active,2014-02-25,2026-02-26,2026-08-04,2026-08-18,"Pacira Pharmaceuticals, Inc. (until 2019-04-09); PACIRA INC (until 2008-11-05); Blue Acquisition Corp (until 2007-04-16)"
0001841330,Pasithea Therapeutics Corp.,KTTA|KTTAW,edgar_current,Nasdaq|Nasdaq,2834,active,2022-03-30,2026-03-30,2026-08-14,2026-09-16,
0001787297,"Passage BIO, Inc.",PASG,edgar_current,Nasdaq,2836,active,2021-03-03,2026-03-03,2026-08-10,2026-09-21,
0001919246,Pelthos Therapeutics Inc.,PTHS,edgar_current,NYSE,2836,active,2024-04-16,2026-03-19,2026-08-13,2026-10-01,Channel Therapeutics Corp (until 2025-05-27); Chromocell Therapeutics Corp (until 2024-11-15)
0001835597,PepGen Inc.,PEPG,edgar_current,Nasdaq,2834,active,2023-03-23,2026-03-04,2026-08-06,2026-08-06,
0000728387,"Perspective Therapeutics, Inc.",CATX,edgar_current,NYSE,2834,active,2008-09-29,2026-03-16,2026-08-10,2026-10-01,"IsoRay, Inc. (until 2023-02-16); Isoray, Inc. (until 2023-02-16); CENTURY PARK PICTURES CORP (until 2005-08-03)"
0001815903,"Petros Pharmaceuticals, Inc.",PTPI,edgar_current,OTC,2834,active,2021-03-31,2026-04-15,2026-08-13,2026-09-30,
0001157075,"PharmaCyte Biotech, Inc.",PMCB,edgar_current,Nasdaq,2836,active,2009-08-13,2026-07-29,2026-09-14,2026-09-14,"NUVILEX, INC. (until 2015-01-09); EFOODSAFETY COM INC (until 2009-03-17)"
0001828316,Pharming Group N.V.,PHAR,edgar_current,Nasdaq,2834,active,2021-04-07,2026-04-02,2026-04-02,2026-09-29,
0001830487,Pharvaris N.V.,PHVS,edgar_current,Nasdaq,2834,active,2021-04-29,2026-04-02,2026-04-02,2026-09-25,"Pharvaris, B.V. (until 2021-02-04)"
0001783183,"Phathom Pharmaceuticals, Inc.",PHAT,edgar_current,Nasdaq,2834,active,2020-03-19,2026-02-26,2026-07-30,2026-09-29,
0001533040,Phio Pharmaceuticals Corp.,PHIO,edgar_current,Nasdaq,2834,active,2013-03-29,2026-03-05,2026-08-06,2026-09-30,RXi Pharmaceuticals Corp (until 2018-11-14)
0001158780,Pluri Inc.,PLUR,edgar_current,Nasdaq,2836,active,2008-09-29,2026-09-10,2026-09-10,2026-09-11,PLURISTEM THERAPEUTICS INC (until 2022-07-13); PLURISTEM LIFE SYSTEMS INC (until 2007-12-28); AI SOFTWARE INC (until 2003-07-01)
0002075320,"Polaryx Therapeutics, Inc.",PLYX,edgar_current,Nasdaq,2834,active,2026-03-24,2026-03-24,2026-08-13,2026-09-14,
0001265521,"Polomar Health Services, Inc.",PMHS,edgar_current,OTC,2834,active,2009-03-11,2026-05-06,2026-08-14,2026-09-23,Trustfeed Corp. (until 2024-10-11); HEALTHMED SERVICES LTD (until 2011-04-05)
0001689548,"Praxis Precision Medicines, Inc.",PRAX,edgar_current,Nasdaq,2834,active,2021-03-17,2026-02-19,2026-08-06,2026-08-14,
0001678660,Prelude Therapeutics Inc,PRLD,edgar_current,Nasdaq,2834,active,2021-03-16,2026-03-10,2026-08-11,2026-09-10,Prelude Therapeutics Inc. (until 2017-10-20)
0001876431,Prenetics Global Ltd,PRE|PRENW,edgar_current,Nasdaq|Nasdaq,2834,active,2022-05-27,2026-04-30,2026-04-30,2026-10-02,
0001295947,Prestige Consumer Healthcare Inc.,PBH,edgar_current,NYSE,2834,active,2009-06-15,2026-05-14,2026-08-06,2026-08-14,"Prestige Brands Holdings, Inc. (until 2018-08-10)"
0001894562,"Prime Medicine, Inc.",PRME,edgar_current,Nasdaq,2836,active,2023-03-09,2026-03-03,2026-08-06,2026-08-06,
0001374339,ProMIS Neurosciences Inc.,PMN,edgar_current,Nasdaq,2834,active,2023-03-08,2026-03-25,2026-08-13,2026-08-14,AMORFIX LIFE SCIENCES LTD (until 2014-11-03)
0000868278,"ProPhase Labs, Inc.",PRPH,edgar_current,OTC,2834,active,1999-03-19,2026-06-01,2026-08-19,2026-08-19,QUIGLEY CORP (until 2010-05-18)
0001612940,ProQR Therapeutics N.V.,PRQR,edgar_current,Nasdaq,2834,active,2015-04-22,2026-03-12,2026-03-12,2026-09-23,ProQR Therapeutics B.V. (until 2014-10-03)
0001533743,"Processa Pharmaceuticals, Inc.",PCSA,edgar_current,Nasdaq,2834,active,2014-03-27,2026-03-18,2026-08-14,2026-08-18,"Heatwurx, Inc. (until 2017-10-20)"
0001517681,"Propanc Biopharma, Inc.",PPCB,edgar_current,Nasdaq,2834,active,2012-10-15,2026-09-25,2026-09-25,2026-09-25,Propanc Health Group Corp (until 2017-04-05)
0001022899,"Protagenic Therapeutics, Inc.\new",PTIX,edgar_current,OTC,2834,active,2009-03-27,2026-08-14,2026-08-19,2026-08-24,"Atrinsic, Inc. (until 2016-06-20); NEW MOTION, INC. (until 2009-06-30); MPLC, Inc. (until 2007-04-02); MILLBROOK PRESS INC (until 2005-05-23)"
0001377121,"Protagonist Therapeutics, Inc",PTGX,edgar_current,Nasdaq,2834,active,2017-03-07,2026-02-25,2026-08-05,2026-10-02,Protagonist Therapeutics Inc (until 2013-06-11); Protagonist Inc (until 2006-09-28)
0001006281,"Protalix BioTherapeutics, Inc.",PLX,edgar_current,NYSE,2836,active,2003-03-28,2026-03-18,2026-08-12,2026-09-09,ORTHODONTIX INC (until 2007-02-22); EMBASSY ACQUISITION CORP (until 1998-03-31)
0001359931,"Protara Therapeutics, Inc.",TARA,edgar_current,Nasdaq,2836,active,2015-03-20,2026-03-10,2026-08-11,2026-08-13,"Protara Therapeutics, Inc. (until 2026-08-13); ArTara Therapeutics, Inc. (until 2020-04-23); PROTEON THERAPEUTICS INC (until 2019-12-31)"
0001128189,"ProtoKinetix, Inc.",PKTX,edgar_current,,2834,active,2007-04-17,2026-09-03,2026-09-03,2026-09-03,RJV NETWORK INC (until 2004-05-24)
0001574235,"Pulmatrix, Inc.",PULM,edgar_current,Nasdaq,2834,active,2014-06-30,2026-02-26,2026-08-13,2026-09-25,"Ruthigen, Inc. (until 2015-06-16)"
0001782999,PureTech Health plc,PRTC,xbrl_cover:2026-04-29,,2834,active,2021-04-15,2026-04-29,2026-04-29,2026-05-22,
0001782223,"Pyxis Oncology, Inc.",PYXS,edgar_current,Nasdaq,2834,active,2022-03-29,2026-03-23,2026-08-13,2026-10-02,
0001661998,Q32 Bio Inc.,QTTB,edgar_current,Nasdaq,2834,active,2019-03-12,2026-03-10,2026-08-05,2026-09-30,"Q32 Bio Inc. (until 2026-09-30); Homology Medicines, Inc. (until 2024-03-22)"
0001015820,QIAGEN N.V.,QGEN,edgar_current,NYSE,2836,active,2002-04-02,2026-03-20,2026-03-20,2026-09-09,QIAGEN NV (until 2020-02-14)
0001771885,Quantum Biopharma Ltd.,QNTM,edgar_current,Nasdaq,2834,active,2020-03-04,2026-03-26,2026-03-26,2026-09-24,FSD Pharma Inc. (until 2024-08-15)
0001874252,Quantum Cyber N.V.,QUCY,edgar_current,Nasdaq,2834,active,2022-05-03,2026-03-31,2026-08-14,2026-09-25,MAINZ BIOMED N.V. (until 2026-04-15); Mainz Biomed B.V. (until 2021-11-12)
0001662774,"Quince Therapeutics, Inc.",QNCX,edgar_current,Nasdaq,2836,active,2020-03-16,2026-04-10,2026-08-14,2026-10-02,"Cortexyme, Inc. (until 2022-08-01)"
0001671502,Quoin Pharmaceuticals Ltd.,QNRX,edgar_current,Nasdaq,2834,active,2017-03-23,2026-03-26,2026-08-14,2026-10-02,"Quoin Pharmaceuticals, Ltd. (until 2026-09-01); Cellect Biotechnology Ltd. (until 2021-10-15); Cellect Biomed Ltd. (until 2016-07-07)"
0001673772,"RAPT Therapeutics, Inc.",RAPT,xbrl_cover:2025-11-06,,2834,active,2020-03-30,2025-03-06,2025-11-06,2026-05-15,"RAPT Therapeutics, Inc. (until 2026-05-15); FLX Bio, Inc. (until 2019-01-02)"
0001601830,"RECURSION PHARMACEUTICALS, INC.",RXRX,edgar_current,Nasdaq,2836,active,2022-03-23,2026-02-25,2026-08-05,2026-10-02,"Recursion Pharmaceuticals, LLC (until 2015-12-04)"
0001357878,"REGENEREX PHARMA, INC.",,,,2834,active,2009-03-10,2025-06-30,2025-11-17,2026-09-04,"PEPTIDE TECHNOLOGIES, INC. (until 2021-12-22); Eternelle Skincare Products Inc. (until 2018-02-08); CREENERGY Corp (until 2011-10-06); ONLINE ORIGINALS, INC (until 2010-07-19)"
0000872589,"REGENERON PHARMACEUTICALS, INC.",REGN,edgar_current,Nasdaq,2834,active,2018-02-08,2026-02-04,2026-07-30,2026-09-30,REGENERON PHARMACEUTICALS INC (until 2019-06-19)
0001590877,REGENXBIO Inc.,RGNX,edgar_current,Nasdaq,2836,active,2016-03-03,2026-03-05,2026-08-06,2026-09-23,"ReGenX Biosciences, LLC (until 2013-11-07)"
0001553643,"RELMADA THERAPEUTICS, INC.",RLMD,edgar_current,Nasdaq,2834,active,2013-12-16,2026-03-19,2026-08-06,2026-09-11,"CAMP NINE, INC. (until 2014-07-14)"
0000730272,REPLIGEN CORP,RGEN,edgar_current,Nasdaq,2836,active,2010-06-10,2026-02-26,2026-07-29,2026-09-30,
0001733861,REST EZ Inc.,RTEZ,xbrl_cover:2026-08-28,,2834,active,2022-07-14,2026-08-28,2026-08-28,2026-08-28,
0001810560,"REVELATION BIOSCIENCES, INC.",REVB|REVBW,edgar_current,Nasdaq|Nasdaq,2834,active,2021-03-31,2026-02-26,2026-08-06,2026-08-19,Petra Acquisition Inc. (until 2022-01-11)
0001742927,"REVIVA PHARMACEUTICALS HOLDINGS, INC.",RVPH,edgar_current,OTC,2834,active,2019-05-22,2026-03-30,2026-08-12,2026-08-13,Tenzing Acquisition Corp. (until 2020-12-14)
0001649904,"RHYTHM PHARMACEUTICALS, INC.",RYTM,edgar_current,Nasdaq,2834,active,2018-03-12,2026-02-26,2026-08-04,2026-09-14,"RHYTHM METABOLIC, INC. (until 2015-08-12)"
0001034842,RIGEL PHARMACEUTICALS INC,RIGL,edgar_current,Nasdaq,2834,active,2008-03-07,2026-03-03,2026-08-04,2026-09-03,RIGEL PHARMACEUTICALS INC (until 2026-09-03)
0001281895,"ROCKET PHARMACEUTICALS, INC.",RCKT,edgar_current,Nasdaq,2834,active,2015-03-31,2026-02-26,2026-08-10,2026-09-15,INOTEK PHARMACEUTICALS CORP (until 2017-12-22)
0001041024,"ROCKWELL MEDICAL, INC.",RMTI,edgar_current,Nasdaq,2834,active,2010-03-12,2026-03-26,2026-08-13,2026-10-01,ROCKWELL MEDICAL TECHNOLOGIES INC (until 2012-06-14)
0001949257,Radiopharm Theranostics Ltd,RADX|RDPTF,edgar_current,Nasdaq|OTC,2834,active,2025-09-18,2026-09-30,2026-09-30,2026-10-01,
0001713863,"Rafael Holdings, Inc.",RFL,edgar_current,NYSE,2834,active,2018-10-15,2025-10-29,2026-06-11,2026-09-30,
0001739410,Rallybio Corp,RLYB,edgar_current,Nasdaq,2834,active,2022-03-15,2026-03-16,2026-08-06,2026-10-01,"Rallybio Holdings, LLC (until 2021-06-07)"
0001856725,"Rani Therapeutics Holdings, Inc.",RANI,edgar_current,Nasdaq,2834,active,2022-03-31,2026-03-26,2026-08-13,2026-09-29,
0002012593,"Rapport Therapeutics, Inc.",RAPP,edgar_current,Nasdaq,2834,active,2025-03-11,2026-03-10,2026-08-05,2026-10-01,"Rapport Therapeutics, Inc. (until 2026-10-01)"
0001553846,RedHill Biopharma Ltd.,RDHL,edgar_current,Nasdaq,2834,active,2013-02-19,2026-04-27,2026-04-27,2026-09-30,
0001589150,Regen BioPharma Inc,RGBP|RGBPP,edgar_current,OTC|OTC,2834,active,2014-12-18,2025-12-30,2026-08-17,2026-08-17,
0001420565,"Rein Therapeutics, Inc.",RNTX,edgar_current,Nasdaq,2834,active,2018-04-02,2026-03-26,2026-08-14,2026-09-04,"Aileron Therapeutics, Inc. (until 2024-12-09); AILERON THERAPEUTICS INC (until 2024-03-29)"
0001812364,"Relay Therapeutics, Inc.",RLAY,edgar_current,Nasdaq,2836,active,2021-03-25,2026-02-26,2026-08-06,2026-09-09,
0001808158,Repare Therapeutics Inc.,RPTX,xbrl_cover:2025-11-14,,2834,active,2021-03-04,2025-03-03,2025-11-14,2026-05-14,
0001737953,"Replimune Group, Inc.",REPL,edgar_current,Nasdaq,2836,active,2019-06-28,2026-06-29,2026-08-14,2026-09-16,
0001839140,Revium Rx.,RVRC,edgar_current,OTC,2834,active,2026-03-31,2026-03-31,2026-08-13,2026-08-13,
0001628171,"Revolution Medicines, Inc.",RVMD|RVMDW,edgar_current,Nasdaq|Nasdaq,2836,active,2020-03-30,2026-02-25,2026-08-05,2026-10-01,
0001509261,"Rezolute, Inc.",RZLT,edgar_current,Nasdaq,2834,active,2011-09-22,2026-09-24,2026-09-24,2026-09-24,"AntriaBio, Inc. (until 2017-12-07); FITS MY STYLE INC (until 2013-01-11)"
0001711786,Rocket One Inc.,RKTO,edgar_current,Nasdaq,2834,active,2019-04-01,2026-03-27,2026-08-14,2026-10-02,"Hoth Therapeutics, Inc. (until 2026-05-27)"
0001635088,Roivant Sciences Ltd.,ROIV,edgar_current,Nasdaq,2834,active,2022-06-28,2026-05-20,2026-08-06,2026-10-02,
0001802768,Royalty Pharma plc,RPRX,edgar_current,Nasdaq,2834,active,2021-02-24,2026-02-11,2026-08-05,2026-09-30,
0001833214,"SAB Biotherapeutics, Inc.",SABS|SABSW,edgar_current,Nasdaq|Nasdaq,2836,active,2021-04-02,2026-03-09,2026-08-06,2026-09-18,Big Cypress Acquisition Corp. (until 2021-10-22)
0001001233,"SANGAMO THERAPEUTICS, INC",SGMOQ,edgar_current,OTC,2836,active,2013-02-26,2026-03-30,2026-05-14,2026-09-21,SANGAMO BIOSCIENCES INC (until 2017-01-06)
0001178253,SCYNEXIS INC,SCYX,edgar_current,Nasdaq,2834,active,2015-03-30,2026-03-04,2026-08-10,2026-09-28,
0001390478,"SELLAS Life Sciences Group, Inc.",SLS,edgar_current,Nasdaq,2834,active,2012-03-28,2026-03-19,2026-08-11,2026-08-11,"GALENA BIOPHARMA, INC. (until 2017-12-15); Galena Biopharma, Inc. (until 2017-12-15); RXI PHARMACEUTICALS CORP (until 2011-09-21)"
0001010086,SIGA TECHNOLOGIES INC,SIGA,edgar_current,Nasdaq,2834,active,2005-03-30,2026-03-10,2026-08-06,2026-08-06,SIGA PHARMACEUTICALS INC (until 2000-05-25)
0001084201,SINOVAC BIOTECH LTD,SVA,edgar_current,Nasdaq,2834,active,2002-04-22,2026-06-05,2026-06-05,2026-08-17,NET FORCE SYSTEMS INC (until 2004-01-13)
0001085277,"SKINVISIBLE, INC.",SKVI,edgar_current,OTC,2834,active,2000-03-31,2026-03-31,2026-08-13,2026-08-13,SKINVISIBLE INC (until 2019-08-14)
0002070534,SL Science Holding Ltd,SLBT,edgar_current,Nasdaq,2836,active,2026-06-18,2026-06-18,2026-06-18,2026-10-01,
0001484565,SOLENO THERAPEUTICS INC,SLNO,xbrl_cover:2026-05-07,,2834,active,2016-03-25,2026-02-25,2026-05-07,2026-08-13,"Capnia, Inc. (until 2017-05-11)"
0000812796,"SOLIGENIX, INC.",SNGX,edgar_current,Nasdaq,2834,active,2009-03-30,2026-03-31,2026-08-07,2026-09-21,"SOLIGENIX, INC. (until 2026-09-21); DOR BIOPHARMA INC (until 2009-09-29); ENDOREX CORP (until 2001-10-24); IMMUNOTHERAPEUTICS INC (until 1996-04-30)"
0001683553,"SPRUCE BIOSCIENCES, INC.",SPRB,edgar_current,Nasdaq,2834,active,2021-03-22,2026-03-09,2026-08-12,2026-08-14,
0001162194,STANDARD BIOTOOLS INC.,LAB,edgar_current,Nasdaq,2834,active,2017-03-03,2026-03-16,2026-08-05,2026-09-30,FLUIDIGM CORP (until 2022-04-01)
0001356576,"SUPERNUS PHARMACEUTICALS, INC.",SUPN,edgar_current,Nasdaq,2834,active,2015-03-12,2026-03-02,2026-08-03,2026-09-11,SUPERNUS PHARMACEUTICALS INC (until 2019-06-12)
0001382101,"SUTRO BIOPHARMA, INC.",STRO,edgar_current,Nasdaq,2836,active,2019-04-01,2026-03-23,2026-08-12,2026-09-22,SUTRO BIOPHARMA INC (until 2018-11-08); Fundamental Applied Biology Inc (until 2007-10-24)
0001527599,"SYNLOGIC, INC.",SYBX,edgar_current,OTC,2834,active,2016-03-30,2026-03-12,2026-08-11,2026-08-14,"Mirna Therapeutics, Inc. (until 2017-08-25)"
0001597553,"Sage Therapeutics, Inc.",SAGE,xbrl_cover:2025-07-30,,2834,active,2015-03-06,2025-02-11,2025-07-30,2025-11-14,
0001400118,Sagimet Biosciences Inc.,SGMT,edgar_current,Nasdaq,2834,active,2024-03-25,2026-03-11,2026-08-11,2026-10-01,"3-V Biosciences, Inc. (until 2019-02-25)"
0001770121,"Sana Biotechnology, Inc.",SANA,edgar_current,Nasdaq,2836,active,2021-03-24,2026-03-03,2026-08-10,2026-09-08,
0001121404,Sanofi,SNY|SNYNF,edgar_current,Nasdaq|OTC,2834,active,2011-03-01,2026-02-17,2026-02-17,2026-10-01,SANOFI-AVENTIS (until 2011-05-09); SANOFI SYNTHELABO SA (until 2004-08-24)
0000873303,"Sarepta Therapeutics, Inc.",SRPT,edgar_current,Nasdaq,2834,active,2012-03-13,2026-03-02,2026-08-05,2026-09-08,"Sarepta Therapeutics, Inc. (until 2026-09-08); AVI BIOPHARMA INC (until 2012-07-12); ANTIVIRALS INC (until 1998-05-12)"
0001421642,Satellos Bioscience Inc.,MSLE,edgar_current,Nasdaq,2834,active,2026-03-27,2026-03-27,2026-03-27,2026-09-30,ICO THERAPEUTICS INC (until 2019-09-10)
0001160308,Savara Inc,SVRA,edgar_current,Nasdaq,2834,active,2010-03-18,2026-03-13,2026-08-11,2026-09-25,"Mast Therapeutics, Inc. (until 2017-04-25); ADVENTRX PHARMACEUTICALS INC (until 2013-03-01); BIOKEYS PHARMACEUTICALS INC (until 2003-05-15)"
0001727196,Scholar Rock Holding Corp,SRRK,edgar_current,Nasdaq,2836,active,2019-03-19,2026-03-03,2026-08-06,2026-10-01,
0001490978,"Schrodinger, Inc.",SDGR,edgar_current,Nasdaq,2834,active,2020-03-16,2026-02-25,2026-08-05,2026-09-21,
0001611746,SciSparc Ltd.,SPRC,edgar_current,Nasdaq,2834,active,2017-05-01,2026-04-29,2026-04-29,2026-09-30,SciSparc Ltd./ADR (until 2021-08-27); Therapix Biosciences Ltd. (until 2021-01-28)
0001382574,"Scienture Holdings, Inc.",SCNX,edgar_current,Nasdaq,2834,active,2009-04-15,2026-03-30,2026-08-13,2026-09-18,"TRxADE HEALTH, INC (until 2024-08-28); TRXADE GROUP, INC. (until 2021-05-28); XCELLINK INTERNATIONAL INC. (until 2014-01-31); Bluebird Exploration Co. (until 2008-12-10)"
0001820190,Scilex Holding Co,SCLX|SCLXW,edgar_current,Nasdaq|Nasdaq,2836,active,2021-03-31,2026-04-10,2026-08-14,2026-09-29,Scilex Holding Company/DE (until 2022-11-30); Vickers Vantage Corp. I (until 2022-11-15)
0001611747,Scinai Immunotherapeutics Ltd.,SCNI,edgar_current,Nasdaq,2836,active,2016-04-27,2026-04-01,2026-04-01,2026-09-24,BiondVax Pharmaceuticals Ltd. (until 2023-08-28)
0001476963,"Scorpius Holdings, Inc.",,,,2834,active,2014-03-31,2025-04-30,2026-02-17,2026-04-24,"NightHawk Biosciences, Inc. (until 2024-01-30); HEAT BIOLOGICS, INC. (until 2022-04-25)"
0001913577,"Semnur Pharmaceuticals, Inc.",SMNR|SMNRW,edgar_current,OTC|OTC,2834,active,2023-03-17,2026-02-27,2026-08-10,2026-08-10,Denali Capital Acquisition Corp. (until 2025-09-23)
0001854270,"Senti Biosciences Holdings, Inc.",SNTI,edgar_current,Nasdaq,2836,active,2022-03-07,2026-03-27,2026-08-14,2026-09-24,"Senti Biosciences, Inc. (until 2026-05-08); Senti Biosciences, Inc.\ (until 2022-06-28); Dynamics Special Purpose Corp. (until 2022-06-13)"
0001984086,"Septerna, Inc.",SEPN,edgar_current,Nasdaq,2834,active,2025-03-27,2026-03-09,2026-08-10,2026-10-01,
0001609809,"Seres Therapeutics, Inc.",MCRB,edgar_current,Nasdaq,2834,active,2016-03-14,2026-03-12,2026-08-05,2026-08-21,"Seres Therapeutics, Inc. (until 2026-08-21); Seres Health, Inc. (until 2015-05-14)"
0001708599,"Serina Therapeutics, Inc.",SER,edgar_current,NYSE,2834,active,2019-04-01,2026-03-25,2026-08-13,2026-09-09,"AgeX Therapeutics, Inc. (until 2024-04-01)"
0001680367,"Shattuck Labs, Inc.",STTK,edgar_current,Nasdaq,2834,active,2021-03-16,2026-03-05,2026-08-11,2026-08-14,"Shattuck Labs, Inc. (until 2026-08-14)"
0001757499,"Shuttle Pharmaceuticals Holdings, Inc.",SHPH,edgar_current,Nasdaq,2834,active,2023-03-15,2026-03-31,2026-09-24,2026-09-24,"Shuttle Pharmaceuticals Holdings, Inc. (until 2026-09-24)"
0001479615,Silence Therapeutics plc,SLN|SLNCF,edgar_current,Nasdaq|OTC,2834,active,2021-03-30,2026-03-05,2026-08-10,2026-08-13,
0002022416,Silexion Therapeutics Corp,SLXN|SLXNW,edgar_current,Nasdaq|Nasdaq,2836,active,2025-03-18,2026-03-17,2026-08-14,2026-09-30,Biomotion Sciences (until 2024-08-15)
0001514183,"Silo Pharma, Inc.",SILO,edgar_current,Nasdaq,2834,active,2012-01-26,2026-03-27,2026-08-13,2026-10-02,"Uppercut Brands, Inc. (until 2020-08-14); Point Capital, Inc. (until 2019-05-14); Gold Swap Inc (until 2013-01-07)"
0002036042,"Sionna Therapeutics, Inc.",SION,edgar_current,Nasdaq,2834,active,2025-03-20,2026-03-02,2026-08-06,2026-09-21,
0001516551,"Skye Bioscience, Inc.",SKYE,edgar_current,Nasdaq,2834,active,2014-01-27,2026-03-10,2026-08-14,2026-09-24,"Emerald Bioscience, Inc. (until 2021-01-07); Nemus Bioscience, Inc. (until 2019-03-14); LOAD GUARD LOGISTICS, INC. (until 2014-10-30); LOAD GUARD TRANSPORTATION, INC. (until 2012-11-07)"
0001863362,Sofgen Pharma S.A.,PROCF|PROCW,xbrl_cover:2026-03-16,,2834,active,2021-09-30,2026-03-16,2026-03-16,2026-03-30,"Procaps Group, S.A. (until 2025-11-19)"
0001684693,Sol-Gel Technologies Ltd.,SLGL,edgar_current,Nasdaq,2834,active,2018-03-26,2026-03-19,2026-03-19,2026-09-30,
0001707502,Solid Biosciences Inc.,SLDB,edgar_current,Nasdaq,2836,active,2018-03-29,2026-03-19,2026-08-06,2026-08-14,"Solid Biosciences, LLC (until 2018-01-25)"
0001106838,"Sonnet BioTherapeutics Holdings, Inc.",SONN,xbrl_cover:2025-12-16,,2834,active,2012-04-06,2025-12-16,2026-07-17,2026-07-17,"Chanticleer Holdings, Inc. (until 2020-03-31); TULVINE SYSTEMS INC (until 2005-03-31)"
0001701108,"Spero Therapeutics, Inc.",SPRO,edgar_current,Nasdaq,2834,active,2018-04-02,2026-03-26,2026-08-12,2026-09-10,"Spero Therapeutics, LLC (until 2017-03-21)"
0001636282,"Spyre Therapeutics, Inc.",SYRE,edgar_current,Nasdaq,2834,active,2017-03-23,2026-02-19,2026-08-04,2026-10-02,"Aeglea BioTherapeutics, Inc. (until 2023-11-24)"
0001623526,"Stoke Therapeutics, Inc.",STOK,edgar_current,Nasdaq,2834,active,2020-03-23,2026-03-16,2026-08-03,2026-10-02,"ASOthera Pharmaceuticals, Inc. (until 2014-11-24)"
0001888886,Structure Therapeutics Inc.,GPCR,edgar_current,Nasdaq,2834,active,2023-03-30,2026-02-26,2026-08-06,2026-09-22,ShouTi Inc. (until 2022-05-13)
0001599298,Summit Therapeutics Inc.,SMMT,edgar_current,Nasdaq,2834,active,2015-05-07,2026-02-23,2026-07-23,2026-09-29,Summit Therapeutics plc (until 2020-09-17); Summit Corp plc (until 2015-01-30)
0001402328,Sunshine Biopharma Inc.,SBFM|SBFMW,edgar_current,Nasdaq|Nasdaq,2834,active,2009-10-30,2026-04-03,2026-08-13,2026-10-02,"Sunshine Biopharma, Inc (until 2024-10-17); Mountain West Business Solutions, Inc (until 2009-11-02); mountain west business solutions,inc (until 2007-10-19); mountain state business solutions,inc (until 2007-05-25)"
0001824893,"Surrozen, Inc./DE",SRZN,edgar_current,Nasdaq,2836,active,2021-03-31,2026-03-23,2026-08-06,2026-10-02,Consonance-HFW Acquisition Corp. (until 2021-08-11)
0001395937,Syndax Pharmaceuticals Inc,SNDX,edgar_current,Nasdaq,2834,active,2017-03-14,2026-02-26,2026-08-04,2026-08-07,
0001395064,TAKEDA PHARMACEUTICAL CO LTD,TAK|TKPHF,edgar_current,NYSE|OTC,2834,active,2019-06-27,2026-06-17,2026-06-17,2026-09-15,
0001427925,"TALPHERA, INC.",TLPH,edgar_current,Nasdaq,2834,active,2011-03-30,2026-03-23,2026-08-12,2026-08-12,ACELRX PHARMACEUTICALS INC (until 2023-12-14)
0000034956,"TENAX THERAPEUTICS, INC.",TENX,edgar_current,Nasdaq,2834,active,1996-08-02,2026-03-10,2026-07-31,2026-09-17,"OXYGEN BIOTHERAPEUTICS, INC. (until 2014-09-15); SYNTHETIC BLOOD INTERNATIONAL INC (until 2008-06-30)"
0000818686,TEVA PHARMACEUTICAL INDUSTRIES LTD,TEVA,edgar_current,NYSE,2834,active,2018-02-12,2026-02-03,2026-07-29,2026-09-22,TEVA PHARMACEUTICAL INDUSTRIES LIMITED (until 2001-01-16)
0001001316,"TG THERAPEUTICS, INC.",TGTX,edgar_current,Nasdaq,2834,active,2008-03-31,2026-02-27,2026-08-05,2026-09-14,MANHATTAN PHARMACEUTICALS INC (until 2012-04-27); ATLANTIC TECHNOLOGY VENTURES INC (until 2003-03-10); ATLANTIC PHARMACEUTICALS INC (until 2000-02-04)
0000910267,TITAN PHARMACEUTICALS INC,TTNP,xbrl_cover:2025-08-14,,2836,active,2000-03-30,2025-03-20,2025-08-14,2025-11-14,
0001695473,"TRAFALGAR INTERNATIONAL, INC.",GCAN,edgar_current,OTC,2834,active,2018-04-17,2026-03-31,2026-08-14,2026-09-21,"Greater Cannabis Company, Inc. (until 2026-07-31)"
0001783328,"TScan Therapeutics, Inc.",TCRX,edgar_current,Nasdaq,2836,active,2022-03-09,2026-03-04,2026-08-12,2026-10-02,
0001819133,"Tango Therapeutics, Inc.",TNGX,edgar_current,Nasdaq,2834,active,2021-03-31,2026-03-05,2026-08-11,2026-09-24,BCTG Acquisition Corp. (until 2021-08-09)
0001819790,"Tarsus Pharmaceuticals, Inc.",TARS,edgar_current,Nasdaq,2836,active,2021-03-31,2026-02-23,2026-08-06,2026-09-17,
0001806310,"Taysha Gene Therapies, Inc.",TSHA,edgar_current,Nasdaq,2836,active,2021-03-03,2026-03-19,2026-08-11,2026-08-14,
0001681087,"Tectonic Therapeutic, Inc.",TECX,edgar_current,Nasdaq,2836,active,2019-03-25,2026-02-26,2026-08-06,2026-10-02,"AvroBio, Inc. (until 2024-06-18); AVROBIO, Inc. (until 2024-06-18)"
0002007191,Telix Pharmaceuticals Ltd,TLX|TLPPF,edgar_current,Nasdaq|OTC,2834,active,2025-02-24,2026-02-20,2026-02-20,2026-09-30,
0001971532,"Telomir Pharmaceuticals, Inc.",TELO,edgar_current,Nasdaq,2834,active,2024-03-29,2026-03-17,2026-08-13,2026-09-17,
0001544227,"Tempest Therapeutics, Inc.",TPST,edgar_current,Nasdaq,2834,active,2013-02-25,2026-03-30,2026-08-13,2026-10-02,"Millendo Therapeutics, Inc. (until 2021-07-01); OvaScience, Inc. (until 2018-12-06)"
0001858848,"Tenaya Therapeutics, Inc.",TNYA,edgar_current,Nasdaq,2836,active,2022-03-23,2026-03-11,2026-08-05,2026-09-11,
0001831363,"Terns Pharmaceuticals, Inc.",TERN,xbrl_cover:2026-04-27,,2834,active,2021-03-30,2026-03-30,2026-04-27,2026-06-05,
0001860871,Tevogen Inc.,TVGN|TVGNW,edgar_current,Nasdaq|Nasdaq,2836,active,2022-04-01,2026-03-31,2026-08-14,2026-09-30,Tevogen Bio Holdings Inc. (until 2026-07-30); Semper Paratus Acquisition Corp (until 2024-02-15)
0000025743,"TherapeuticsMD, Inc.",TXMD,edgar_current,Nasdaq,2834,active,2009-03-18,2026-03-30,2026-08-11,2026-08-11,"AMHN, Inc. (until 2011-09-14); CROFF ENTERPRISES INC (until 2009-09-04); CROFF OIL CO (until 1997-04-01)"
0001583107,"Theravance Biopharma, Inc.",TBPH,edgar_current,Nasdaq,2834,active,2016-03-11,2026-03-23,2026-08-11,2026-09-28,
0000894158,"Theriva Biologics, Inc.",TOVX,edgar_current,NYSE,2834,active,1999-03-24,2026-03-12,2026-08-11,2026-08-24,"Synthetic Biologics, Inc. (until 2022-10-12); ADEONA PHARMACEUTICALS, INC. (until 2012-02-17); PIPEX PHARMACEUTICALS, INC. (until 2008-10-16); SHEFFIELD PHARMACEUTICALS INC (until 2006-12-08); SHEFFIELD MEDICAL TECHNOLOGIES INC (until 1997-05-14)"
0001723069,Tiziana Life Sciences Ltd,TLSA,edgar_current,Nasdaq,2834,active,2019-04-04,2026-05-01,2026-05-01,2026-09-30,Tiziana Life Sciences plc (until 2021-10-21)
0001430306,Tonix Pharmaceuticals Holding Corp.,TNXP,edgar_current,Nasdaq,2834,active,2018-03-09,2026-03-12,2026-08-10,2026-10-02,TAMANDARE EXPLORATIONS INC. (until 2011-10-17)
0001827506,"Tourmaline Bio, Inc.",TRML,xbrl_cover:2025-08-13,,2836,active,2022-03-17,2025-03-13,2025-08-13,2025-11-14,"Talaris Therapeutics, Inc. (until 2023-10-18)"
0001829635,"Transcode Therapeutics, Inc.",RNAZ,edgar_current,Nasdaq,2834,active,2022-03-31,2026-04-15,2026-08-14,2026-10-01,
0001438533,"Travere Therapeutics, Inc.",TVTX,edgar_current,Nasdaq,2834,active,2016-02-26,2026-02-19,2026-08-04,2026-09-21,"Retrophin, Inc. (until 2020-11-13); Desert Gateway, Inc. (until 2013-02-19)"
0001130598,"Traws Pharma, Inc.",TRAW,edgar_current,Nasdaq,2834,active,2014-03-20,2026-04-15,2026-08-14,2026-08-14,"Onconova Therapeutics, Inc. (until 2024-04-01); ONCONOVA THERAPEUTICS INC (until 2009-05-26)"
0001563880,"Trevi Therapeutics, Inc.",TRVI,edgar_current,Nasdaq,2834,active,2020-03-16,2026-03-17,2026-08-06,2026-09-17,
0001498382,"TuHURA Biosciences, Inc./NV",HURA,edgar_current,Nasdaq,2834,active,2011-09-28,2026-03-31,2026-08-14,2026-09-24,"Kintara Therapeutics, Inc. (until 2024-10-22); DelMar Pharmaceuticals, Inc. (until 2020-08-18); Berry Only Inc. (until 2013-01-18)"
0002023016,Turn Therapeutics Inc.,TTRX,edgar_current,Nasdaq,2834,active,2026-03-31,2026-03-31,2026-08-12,2026-09-10,"Global Health Solutions, Inc (until 2025-09-30)"
0001764974,Turnstone Biologics Corp.,TSBX,xbrl_cover:2025-08-08,,2836,active,2024-03-22,2025-03-31,2025-08-08,2025-11-14,
0001346830,"Tvardi Therapeutics, Inc.",TVRD,edgar_current,Nasdaq,2834,active,2014-03-28,2026-03-31,2026-08-14,2026-08-14,"Cara Therapeutics, Inc. (until 2025-04-11); Cara Therapeutics Inc (until 2010-07-21)"
0001581280,Twist Bioscience Corp,TWST,edgar_current,Nasdaq,2836,active,2022-11-28,2025-11-17,2026-08-03,2026-10-02,
0001863127,"Tyra Biosciences, Inc.",TYRA,edgar_current,Nasdaq,2834,active,2022-03-03,2026-03-02,2026-08-04,2026-09-21,
0001082554,UNITED THERAPEUTICS Corp,UTHR,edgar_current,Nasdaq,2834,active,2024-02-21,2026-02-25,2026-08-05,2026-10-02,
0001515673,Ultragenyx Pharmaceutical Inc.,RARE,edgar_current,Nasdaq,2834,active,2016-02-26,2026-02-18,2026-08-05,2026-09-17,
0001766140,"Unicycive Therapeutics, Inc.",UNCY,edgar_current,Nasdaq,2834,active,2022-03-31,2026-03-30,2026-08-12,2026-10-01,"Unicycive Therapeutics, Inc. (until 2026-10-01)"
0001809616,Universe Pharmaceuticals INC,UPC,edgar_current,Nasdaq,2834,active,2022-01-31,2026-01-29,2026-01-29,2026-09-29,
0002022626,"Upstream Bio, Inc.",UPB,edgar_current,Nasdaq,2834,active,2025-03-12,2026-03-26,2026-08-11,2026-09-17,
0001668243,UroGen Pharma Ltd.,URGN,edgar_current,Nasdaq,2834,active,2018-03-15,2026-03-02,2026-08-05,2026-09-09,
0000875320,VERTEX PHARMACEUTICALS INC / MA,VRTX,edgar_current,Nasdaq,2834,active,2021-02-11,2026-02-13,2026-08-04,2026-09-10,
0000863894,VERU INC.,VERU,edgar_current,Nasdaq,2834,active,2008-12-19,2025-12-17,2026-08-10,2026-09-08,FEMALE HEALTH CO (until 2017-08-01)
0001787740,"Valion Bio, Inc.",VBIO,edgar_current,Nasdaq,2834,active,2022-03-31,2026-03-30,2026-08-14,2026-10-01,"Tivic Health Systems, Inc. (until 2026-04-23)"
0001836564,Valneva SE,VALN,edgar_current,Nasdaq,2836,active,2022-03-24,2026-03-17,2026-03-17,2026-08-14,
0001347178,Vanda Pharmaceuticals Inc.,VNDA,edgar_current,Nasdaq,2834,active,2010-03-15,2026-02-12,2026-08-06,2026-08-19,
0000072444,"Vaxart, Inc.",VXRT,edgar_current,OTC,2836,active,2012-03-14,2026-03-13,2026-08-06,2026-09-14,"Aviragen Therapeutics, Inc. (until 2018-02-15); Biota Pharmaceuticals, Inc. (until 2016-04-13); NABI BIOPHARMACEUTICALS (until 2012-11-08); NABI  BIOPHARMACEUTICALS (until 2010-06-29); NABI /DE/ (until 2002-02-14); NORTH AMERICAN BIOLOGICALS INC (until 1996-02-14)"
0001649094,"Vaxcyte, Inc.",PCVX,edgar_current,Nasdaq,2836,active,2021-03-29,2026-02-24,2026-08-05,2026-10-02,"SutroVax, Inc. (until 2020-04-03)"
0001851194,"Ventyx Biosciences, Inc.",VTYX,xbrl_cover:2025-11-06,,2834,active,2022-03-24,2025-02-27,2025-11-06,2026-05-15,
0001831828,"Vera Therapeutics, Inc.",VERA,edgar_current,Nasdaq,2834,active,2022-03-28,2026-02-26,2026-08-10,2026-09-17,
0001827635,"Veradermics, Inc",MANE,edgar_current,NYSE,2834,active,2026-03-30,2026-03-30,2026-08-11,2026-09-03,
0001526119,"Verastem, Inc.",VSTM,edgar_current,Nasdaq,2834,active,2012-03-30,2026-03-04,2026-08-06,2026-10-02,
0002079109,Veraxa Biotech AG - Post de-SPAC,VRXA|VRXAW,edgar_current,Nasdaq|Nasdaq,2834,active,2026-06-16,2026-06-16,2026-06-16,2026-09-14,Veraxa Biotech Holding AG (until 2026-08-13)
0000887359,Vericel Corp,VCEL,edgar_current,Nasdaq,2836,active,2014-03-13,2026-02-26,2026-07-30,2026-08-14,AASTROM BIOSCIENCES INC (until 2014-11-14)
0001657312,Verona Pharma plc,VRNA,xbrl_cover:2025-08-06,,2834,active,2018-02-27,2025-02-27,2025-08-06,2025-11-14,
0001660334,Verrica Pharmaceuticals Inc.,VRCA,edgar_current,Nasdaq,2834,active,2019-03-07,2026-03-11,2026-08-06,2026-08-18,
0001792044,Viatris Inc,VTRS,edgar_current,Nasdaq,2834,active,2020-05-07,2026-02-26,2026-08-06,2026-10-02,Upjohn Inc (until 2020-11-10)
0001827087,"Vigil Neuroscience, Inc.",VIGL,xbrl_cover:2025-08-05,,2836,active,2022-03-25,2025-03-13,2025-08-05,2025-11-14,
0001607678,"Viking Therapeutics, Inc.",VKTX,edgar_current,Nasdaq,2834,active,2016-03-08,2026-02-11,2026-07-29,2026-09-28,
0001706431,"Vir Biotechnology, Inc.",VIR,edgar_current,Nasdaq,2836,active,2020-03-26,2026-02-23,2026-08-05,2026-10-01,
0001771706,Vireo Growth Inc.,VREOF,edgar_current,OTC,2834,active,2021-03-31,2026-03-17,2026-08-14,2026-10-02,"Goodness Growth Holdings, Inc. (until 2024-06-24); Vireo Health International, Inc. (until 2021-05-14)"
0001590750,"Viridian Therapeutics, Inc.\DE",VRDN,edgar_current,Nasdaq,2834,active,2015-03-27,2026-02-26,2026-08-06,2026-08-20,"MIRAGEN THERAPEUTICS, INC. (until 2021-01-15); SIGNAL GENETICS, INC. (until 2017-02-10); SIGNAL GENETICS LLC (until 2014-07-09)"
0000727510,"Viskase Holdings, Inc.",VISK|ENZN,edgar_current,OTC|,2836,active,2005-09-29,2026-03-02,2026-08-03,2026-08-03,"ENZON PHARMACEUTICALS, INC. (until 2026-03-25); ENZON PHARMACEUTICALS INC (until 2016-02-23); ENZON PHARMACEUTICALS  INC (until 2006-03-22); ENZON PHARMACEUTICAL  INC (until 2002-12-10); ENZON INC (until 2002-12-09)"
0001411685,"Vistagen Therapeutics, Inc.",VTGN,edgar_current,Nasdaq,2834,active,2009-03-31,2026-06-15,2026-08-14,2026-09-25,"Excaliber Enterprises, Ltd. (until 2011-06-08)"
0000793171,"Vitro Biopharma, Inc.",,,,2836,active,2009-03-17,2026-02-13,2026-09-18,2026-09-18,VITRO DIAGNOSTICS INC (until 2021-10-20)
0001497253,"VivoSim Labs, INC.",VIVS,edgar_current,Nasdaq,2836,active,2011-10-13,2026-07-14,2026-08-12,2026-09-01,"ORGANOVO HOLDINGS, INC. (until 2025-04-23); REAL ESTATE RESTORATION & RENTAL, INC. (until 2011-10-31)"
0001817229,Vor Biopharma Inc.,VOR,edgar_current,Nasdaq,2836,active,2021-03-25,2026-03-30,2026-08-11,2026-09-04,
0002006815,Voyager Acquisition Corp./Cayman Islands,VACHU|VACH|VACHW,xbrl_cover:2026-05-20,,2836,active,2025-03-31,2026-03-10,2026-05-20,2026-08-06,
0001640266,"Voyager Therapeutics, Inc.",VYGR,edgar_current,Nasdaq,2836,active,2016-03-17,2026-03-09,2026-08-06,2026-08-14,
0001427570,"Vyome Holdings, Inc",HIND,edgar_current,Nasdaq,2834,active,2017-02-23,2026-03-18,2026-08-12,2026-09-03,ReShape Lifesciences Inc. (until 2025-08-14); OBALON THERAPEUTICS INC (until 2021-06-21)
0000946486,WINDTREE THERAPEUTICS INC /DE/,WINT,edgar_current,,2836,active,2011-03-31,2025-04-15,2025-11-19,2026-07-22,DISCOVERY LABORATORIES INC /DE/ (until 2016-04-18); ANSAN PHARMACEUTICALS INC (until 1997-07-21); ANSAN INC (until 1996-05-15)
0001631574,"Wave Life Sciences, Inc.",WVE,edgar_current,Nasdaq,2834,active,2016-03-30,2026-02-26,2026-07-30,2026-08-14,Wave Life Sciences Ltd. (until 2026-07-30); Wave Life Sciences LTD. (until 2026-07-30); WAVE Life Sciences Ltd. (until 2026-07-30); Wave Life Sciences Pte Ltd (until 2015-11-02)
0001785530,"Werewolf Therapeutics, Inc.",HOWL,edgar_current,Nasdaq,2834,active,2022-03-24,2026-03-27,2026-07-31,2026-09-22,
0001422142,"Whitehawk Therapeutics, Inc.",WHWK,edgar_current,Nasdaq,2834,active,2009-03-31,2026-03-12,2026-08-06,2026-09-18,"Aadi Bioscience, Inc. (until 2025-03-18); Aerpio Pharmaceuticals, Inc. (until 2021-08-23); ZETA ACQUISITION CORP II (until 2017-03-13)"
0001501697,"X4 Pharmaceuticals, Inc",XFOR,edgar_current,Nasdaq,2836,active,2018-03-09,2026-03-17,2026-08-06,2026-10-01,"Arsanis, Inc. (until 2019-03-13)"
0001626878,XBiotech Inc.,XBIT,edgar_current,Nasdaq,2834,active,2016-03-30,2026-03-13,2026-08-13,2026-10-02,
0000791908,XOMA Royalty Corp,XOMA|XOMAP|XOMAO,xbrl_cover:2026-05-12,,2834,active,2012-03-14,2026-03-18,2026-05-12,2026-08-07,XOMA Corp (until 2024-07-09); XOMA LTD /DE/ (until 2012-01-17); XOMA CORP /DE/ (until 1998-03-19)
0001729214,XORTX Therapeutics Inc.,XRTX,edgar_current,Nasdaq,2834,active,2022-05-03,2026-03-20,2026-03-20,2026-09-18,
0001023549,XTL BIOPHARMACEUTICALS LTD,XTLB,edgar_current,Nasdaq,2834,active,2006-05-25,2026-06-30,2026-06-30,2026-08-05,
0001326732,Xencor Inc,XNCR,edgar_current,Nasdaq,2834,active,2014-03-31,2026-02-25,2026-08-05,2026-08-05,
0001534525,"Xenetic Biosciences, Inc.",XBIO,edgar_current,Nasdaq,2834,active,2012-12-14,2026-03-12,2026-08-06,2026-09-23,"General Sales & Leasing, Inc. (until 2014-01-10); GENERAL AIRCRAFT INC. (until 2013-02-12)"
0001582313,Xenon Pharmaceuticals Inc.,XENE,edgar_current,Nasdaq,2834,active,2015-03-12,2026-02-26,2026-08-06,2026-10-01,
0001867096,"Xeris Biopharma Holdings, Inc.",XERS,edgar_current,Nasdaq,2834,active,2022-03-11,2026-03-02,2026-08-06,2026-10-02,
0001840233,"Xilio Therapeutics, Inc.",XLO,edgar_current,Nasdaq,2834,active,2022-03-01,2026-03-23,2026-08-12,2026-10-02,
0001722964,"Y-mAbs Therapeutics, Inc.",YMAB,xbrl_cover:2025-08-08,,2834,active,2019-03-22,2025-03-04,2025-08-08,2025-11-14,
0001566044,"Yarrow Bioscience, Inc.",YARW,edgar_current,Nasdaq,2834,active,2018-03-28,2026-02-27,2026-08-13,2026-09-17,"VYNE Therapeutics Inc. (until 2026-07-24); Menlo Therapeutics Inc. (until 2020-09-02); Menlo Therapeutics, Inc. (until 2018-01-31); Tigercat Pharma, Inc. (until 2013-01-07)"
0001434647,"ZEVRA THERAPEUTICS, INC.",ZVRA,edgar_current,Nasdaq,2834,active,2016-03-16,2026-03-09,2026-08-05,2026-08-17,"KEMPHARM, INC (until 2023-02-24); KEMPHARM INC (until 2011-06-30)"
0001704292,Zai Lab Ltd,ZLAB,edgar_current,Nasdaq,2834,active,2018-04-30,2026-02-26,2026-08-06,2026-08-21,Zai Lab Ltd (until 2026-08-21)
0001953926,"Zenas BioPharma, Inc.",ZBIO,edgar_current,Nasdaq,2834,active,2025-03-11,2026-03-16,2026-08-13,2026-09-11,Zenas BioPharma (Cayman) Ltd (until 2022-11-15)
0001725160,"Zentalis Pharmaceuticals, Inc.",ZNTL,edgar_current,Nasdaq,2834,active,2021-03-25,2026-03-26,2026-08-06,2026-10-01,"Zentalis Pharmaceuticals, LLC (until 2020-04-06); Zeno Pharma, LLC (until 2019-09-05)"
0001557376,"Zeo ScientifiX, Inc.",ZEOX,edgar_current,OTC,2836,active,2013-02-13,2026-01-29,2026-06-15,2026-09-28,"Organicell Regenerative Medicine, Inc. (until 2024-01-29); Biotech Products Services & Research, Inc. (until 2018-06-15); BESPOKE TRICYCLES INC (until 2015-09-14)"
0001975641,Zhengye Biotechnology Holding Ltd,ZYBT,edgar_current,Nasdaq,2834,active,2025-07-03,2026-04-28,2026-04-28,2026-08-06,
0001101026,"Zivo Bioscience, Inc.",ZIVO|ZIVOW,edgar_current,OTC|OTC,2836,active,2009-05-18,2025-03-18,2025-11-14,2026-04-24,HEALTH ENHANCEMENT PRODUCTS INC (until 2014-10-16); WESTERN GLORY HOLE INC (until 2004-01-26)
0001555280,Zoetis Inc.,ZTS,edgar_current,NYSE,2834,active,2020-02-13,2026-02-12,2026-08-06,2026-10-02,
0001684144,Zomedica Corp.,ZOMDF,edgar_current,OTC,2834,active,2018-02-28,2026-03-16,2026-08-05,2026-08-07,Zomedica Pharmaceuticals Corp. (until 2020-09-28)
0001855644,Zura Bio Ltd,ZURA,edgar_current,Nasdaq,2836,active,2022-04-11,2026-03-19,2026-08-11,2026-09-30,JATT Acquisition Corp (until 2023-03-21)
0001859007,"ZyVersa Therapeutics, Inc.",ZVSA,edgar_current,OTC,2834,active,2022-04-15,2026-03-31,2026-05-13,2026-07-16,Larkspur Health Acquisition Corp. (until 2022-12-09)
0001937653,Zymeworks Inc.,ZYME,edgar_current,Nasdaq,2834,active,2023-03-07,2026-03-02,2026-08-06,2026-09-23,Zymeworks Delaware Inc. (until 2022-10-13)
0001339970,aTYR PHARMA INC,ATYR,edgar_current,Nasdaq,2836,active,2016-03-30,2026-03-05,2026-08-07,2026-10-01,
0001980845,enGene Therapeutics Inc.,ENGN|ENGNW,edgar_current,Nasdaq|Nasdaq,2836,active,2024-01-29,2025-12-22,2026-09-08,2026-09-24,enGene Holdings Inc. (until 2026-03-09)
0001420720,"iBio, Inc.",IBIO,edgar_current,Nasdaq,2834,active,2008-09-29,2026-08-28,2026-08-28,2026-09-14,"iBio, Inc. (until 2026-09-14); iBioPharma, Inc. (until 2009-08-14); InB:Biotechnologies, Inc. (until 2008-07-17)"
0001808865,"iTeos Therapeutics, Inc.",ITOS,xbrl_cover:2025-08-06,,2836,active,2021-03-24,2025-03-05,2025-08-06,2025-11-14,
0001604950,scPharmaceuticals Inc.,SCPH,xbrl_cover:2025-08-07,,2834,active,2018-03-21,2025-03-19,2025-08-07,2026-02-11,
0001590560,uniQure N.V.,QURE,edgar_current,Nasdaq,2834,active,2014-04-25,2026-03-02,2026-07-29,2026-09-29,uniQure B.V. (until 2014-02-06)
0001641489,vTv Therapeutics Inc.,VTVT,edgar_current,Nasdaq,2834,active,2016-03-04,2026-03-10,2026-08-06,2026-08-06,
0001551986,"9 METERS BIOPHARMA, INC.",NMTR,xbrl_cover:2023-05-15,,2834,bankrupt,2017-03-31,2023-03-28,2023-05-15,2024-02-07,"INNOVATE BIOPHARMACEUTICALS, INC. (until 2020-05-05); Monster Digital, Inc. (until 2018-01-11); Tandon Digital, Inc. (until 2015-08-12)"
0000003116,AKORN INC,AKRXQ,xbrl_cover:2020-08-07,,2834,bankrupt,2006-03-30,2020-02-26,2020-08-07,2021-02-10,
0001105533,ARGOS THERAPEUTICS INC,,,,2834,bankrupt,2014-03-31,2018-04-02,2018-11-19,2019-05-03,MERIX BIOSCIENCE INC (until 2004-10-12)
0001368148,"ATHERSYS, INC / NEW",ATHX,xbrl_cover:2023-08-16,,2834,bankrupt,2008-03-14,2023-04-03,2023-11-16,2024-04-05,BTHC VI Inc (until 2007-09-06)
0001301501,"Achaogen, Inc.",,,,2834,bankrupt,2015-03-16,2019-04-01,2019-04-01,2019-08-20,Achaogen Inc (until 2018-09-27)
0001008848,"Acorda Therapeutics, Inc.",ACORQ,xbrl_cover:2024-05-14,,2836,bankrupt,2012-02-28,2024-04-01,2024-05-14,2024-08-13,ACORDA THERAPEUTICS INC (until 2023-03-15)
0001624658,"Allena Pharmaceuticals, Inc.",ALNA,xbrl_cover:2022-08-15,,2836,bankrupt,2018-03-27,2022-03-31,2022-08-15,2023-06-12,
0001300699,"Athenex, Inc.",ATNX,xbrl_cover:2023-04-28,,2834,bankrupt,2018-03-26,2023-03-20,2023-04-28,2023-10-18,"Kinex Pharmaceuticals, Inc. (until 2015-06-16); Kinex Pharmaceuticals LLC (until 2012-08-06)"
0001377053,AtheroNova Inc.,,,,2834,bankrupt,2009-03-13,2014-02-27,2014-11-19,2021-09-07,"AtheroNova, Inc. (until 2010-05-24); Trist Holdings, Inc. (until 2010-05-20); LandBank Group Inc (until 2007-12-10)"
0001203957,BIONOVO INC,,,,2834,bankrupt,2008-03-13,2012-03-30,2012-05-15,2017-02-21,"BIONOVO (until 2006-01-06); BIONOVO, INC. (until 2005-11-15); LIGHTEN UP ENTERPRISES INTERNATIONAL INC (until 2005-06-29)"
0001580063,"BIORA THERAPEUTICS, INC.",BIOR,xbrl_cover:2024-11-14,,2834,bankrupt,2021-03-18,2024-04-01,2024-11-14,2025-08-04,"PROGENITY, INC. (until 2022-04-19); ASCENDANT MDX, INC. (until 2013-06-28)"
0000704384,BIOVEST INTERNATIONAL INC,,,,2834,bankrupt,2007-12-28,2013-12-27,2014-02-14,2017-10-04,CELLEX BIOSCIENCES INC (until 2001-05-16)
0001780097,"Baudax Bio, Inc.",BXRX,xbrl_cover:2023-11-20,,2834,bankrupt,2020-02-13,2023-02-23,2023-11-20,2024-02-28,"Recro Enterprises, Inc. (until 2019-06-24)"
0001478069,CONTRAFECT Corp,CFRX,xbrl_cover:2023-11-14,,2834,bankrupt,2015-03-26,2023-03-31,2023-11-14,2025-08-14,
0001434893,CURAXIS PHARMACEUTICAL Corp,,,,2834,bankrupt,2009-04-09,2012-03-29,2012-05-14,2012-07-30,"Auto Search Cars, Inc. (until 2010-07-27)"
0001817944,"Clarus Therapeutics Holdings, Inc.",CRXT|CRXTW,xbrl_cover:2022-08-19,,2836,bankrupt,2021-05-06,2022-03-31,2022-08-19,2023-03-06,Blue Water Acquisition Corp. (until 2021-09-09)
0001466301,"Clovis Oncology, Inc.",CLVS,xbrl_cover:2022-11-09,,2834,bankrupt,2012-03-15,2022-02-24,2022-11-09,2023-07-17,
0001659352,"Codiak BioSciences, Inc.",CDAK,xbrl_cover:2022-11-03,,2836,bankrupt,2021-03-17,2022-03-10,2022-11-03,2024-02-14,
0001107332,DENDREON CORP,,,,2834,bankrupt,2004-03-15,2014-03-03,2014-11-10,2015-06-10,
0000887247,DMK PHARMACEUTICALS Corp,DMK,xbrl_cover:2023-11-14,,2834,bankrupt,2005-03-31,2023-03-16,2023-11-14,2024-07-01,Adamis Pharmaceuticals Corp (until 2023-09-01); CELLEGY PHARMACEUTICALS INC (until 2009-04-03)
0001385228,"DNIB UNWIND, INC.",,,,2834,bankrupt,2014-03-25,2016-03-15,2016-08-15,2019-11-25,"BIND Therapeutics, Inc (until 2016-08-01); BIND Biosciences, Inc (until 2013-02-08); BIND Biosciences Inc (until 2011-11-22)"
0001135906,"EPIRUS Biopharmaceuticals, Inc.",,,,2834,bankrupt,2006-03-20,2016-03-29,2016-05-10,2024-05-14,"Zalicus Inc. (until 2014-07-02); COMBINATORX, INC (until 2010-08-10); COMBINATORX INC (until 2004-02-26)"
0001305253,"Eiger BioPharmaceuticals, Inc.",EIGRQ,xbrl_cover:2024-04-29,,2836,bankrupt,2014-03-31,2024-04-08,2024-04-29,2024-10-01,Celladon Corp (until 2016-03-23)
0001593034,Endo International plc,,,,2834,bankrupt,2015-03-02,2024-03-06,2024-03-06,2025-02-14,Endo International Ltd (until 2014-01-27)
0001561551,"Enumeral Biomedical Holdings, Inc.",,,,2834,bankrupt,2014-01-29,2017-03-28,2017-11-14,2021-06-01,"CERULEAN GROUP, INC. (until 2014-06-16)"
0001805087,"GELESIS HOLDINGS, INC.",GLS,xbrl_cover:2023-03-28,,2834,bankrupt,2021-03-31,2023-03-28,2023-08-14,2023-10-31,CAPSTAR SPECIAL PURPOSE ACQUISITION CORP. (until 2022-01-12)
0001600847,Gamida Cell Ltd.,GMDAQ,xbrl_cover:2024-05-23,,2836,bankrupt,2019-02-25,2024-03-27,2024-05-23,2024-05-24,
0001656634,"Gritstone bio, Inc.",GRTS,xbrl_cover:2024-08-13,,2836,bankrupt,2019-03-28,2024-03-05,2024-08-13,2025-04-08,"Gritstone Oncology, Inc. (until 2021-04-23)"
0001274563,HELICOS BIOSCIENCES CORP,,,,2834,bankrupt,2008-03-17,2012-03-30,2012-08-14,2013-02-11,
0001293310,"HUMANIGEN, INC",HGEN,xbrl_cover:2023-05-15,,2834,bankrupt,2013-04-01,2023-03-30,2023-05-15,2024-01-08,KALOBIOS PHARMACEUTICALS INC (until 2017-07-17)
0000777516,"Healthsport, Inc.",,,,2834,bankrupt,2008-04-15,2010-03-31,2010-11-15,2013-01-03,"Idea Sports Entertainment Group, Inc. (until 2006-05-16); TEAM SPORTS ENTERTAINMENT INC (until 2005-03-23); LOGISOFT CORP (until 2001-04-16); RECONVERSION TECHNOLOGIES INC (until 2000-02-11)"
0001208261,IMMUNE PHARMACEUTICALS INC,,,,2834,bankrupt,2006-03-16,2018-04-02,2018-11-14,2022-08-18,EPICEPT CORP (until 2013-08-16)
0001113148,"INFINITY PHARMACEUTICALS, INC.",INFI,xbrl_cover:2023-08-10,,2834,bankrupt,2007-03-14,2023-03-28,2023-08-10,2023-11-20,DISCOVERY PARTNERS INTERNATIONAL INC (until 2006-09-11)
0001445499,IPI Legacy Liquidation Co,IMPL,xbrl_cover:2023-11-14,,2834,bankrupt,2022-03-29,2023-03-27,2023-11-14,2024-04-09,IMPEL PHARMACEUTICALS INC (until 2024-02-15); IMPEL NEUROPHARMA INC (until 2022-04-14)
0001516479,"Insys Therapeutics, Inc.",,,,2834,bankrupt,2014-03-05,2019-03-13,2019-05-13,2020-02-11,
0001098880,IntelGenx Technologies Corp.,IGXT|IGX,xbrl_cover:2024-03-21,,2834,bankrupt,2009-03-25,2024-03-21,2024-05-15,2025-02-28,BIG FLASH CORP (until 2006-08-15)
0000057055,K-V Pharmaceutical Co,,,,2834,bankrupt,1995-06-29,2012-06-14,2012-06-14,2014-04-09,KV PHARMACEUTICAL CO /DE/ (until 2013-09-24)
0001792581,"Kiromic Biopharma, Inc.",KRBP,xbrl_cover:2025-02-14,,2836,bankrupt,2021-03-31,2025-02-14,2025-02-14,2025-03-21,"Kiromic, Inc. (until 2019-11-15)"
0000057725,LANNETT CO INC,LCI,xbrl_cover:2023-02-02,,2834,bankrupt,2009-09-28,2022-08-25,2023-05-15,2023-06-23,
0000799698,LadRx Corp,LADX,xbrl_cover:2025-05-14,,2836,bankrupt,1998-03-30,2025-03-28,2025-05-14,2025-07-31,CYTRX CORP (until 2022-09-23)
0001109196,"MABVAX THERAPEUTICS HOLDINGS, INC.",,,,2834,bankrupt,2004-03-05,2018-04-02,2019-04-24,2019-09-19,TELIK INC (until 2014-09-09)
0001461993,"MELINTA THERAPEUTICS, INC. /NEW/",,,,2834,bankrupt,2012-03-30,2019-03-14,2019-11-12,2020-06-24,"CEMPRA, INC. (until 2017-11-03); Cempra Holdings, LLC (until 2012-02-03)"
0001161924,"MiddleBrook Pharmaceuticals, Inc.",,,,2834,bankrupt,2004-03-08,2010-03-16,2010-05-07,2014-10-01,ADVANCIS PHARMACEUTICAL CORP (until 2007-05-23)
0001340752,"Molecular Insight Pharmaceuticals, Inc.",,,,2834,bankrupt,2007-04-02,2010-03-16,2010-11-04,2011-05-13,
0001183765,"Molecular Templates, Inc.",MTEM,xbrl_cover:2024-08-14,,2834,bankrupt,2009-03-13,2024-03-29,2024-08-14,2025-05-22,THRESHOLD PHARMACEUTICALS INC (until 2017-08-01)
0001415684,MusclePharm Corp,,,,2834,bankrupt,2008-12-12,2022-04-15,2022-05-16,2025-03-28,Tone in Twenty (until 2010-02-25)
0000356591,NEUROLOGIX INC/DE,,,,2834,bankrupt,2000-03-22,2011-03-25,2011-08-11,2019-04-29,CHANGE TECHNOLOGY PARTNERS INC (until 2004-02-06); ARINCO COMPUTER SYSTEMS INC (until 2000-07-13)
0000827809,NOVELION THERAPEUTICS INC.,,,,2834,bankrupt,2007-03-01,2019-03-15,2019-05-07,2023-03-10,QLT INC/BC (until 2016-12-05); QLT PHOTO THERAPEUTICS INC (until 2000-02-17); QLT PHOTOTHERAPEUTICS INC (until 1996-04-22); QUADRA LOGIC TECH. INC. (until 1994-12-01)
0001401708,"NS Wind Down Co., Inc.",NSTG,xbrl_cover:2023-11-06,,2836,bankrupt,2014-03-27,2023-02-28,2023-11-06,2024-11-06,NanoString Technologies Inc (until 2024-05-22)
0001467154,"NVN Liquidation, Inc.",NOVN,xbrl_cover:2023-05-15,,2834,bankrupt,2017-03-20,2023-03-30,2023-05-15,2024-05-01,"Novan, Inc. (until 2023-09-27)"
0000744962,NXXI Inc.,,,,2836,bankrupt,1995-09-28,2011-10-13,2011-10-13,2012-02-14,NUTRITION 21 INC (until 2011-11-30); AMBI INC (until 2001-05-14); APPLIED MICROBIOLOGY INC (until 1996-03-21)
0001338095,"NephroGenex, Inc.",,,,2834,bankrupt,2014-03-31,2016-03-29,2016-03-29,2017-05-24,NephroGenex Inc (until 2008-04-09)
0001603207,"Notable Labs, Ltd.",NTBL,xbrl_cover:2024-08-14,,2834,bankrupt,2015-03-25,2024-04-11,2024-08-14,2025-08-18,Vascular Biogenics Ltd. (until 2023-10-12)
0001444307,ONCOSEC MEDICAL Inc,ONCS,xbrl_cover:2023-03-14,,2834,bankrupt,2009-11-13,2022-10-31,2023-03-14,2024-02-13,"NetVentory Solutions, Inc. (until 2011-02-04)"
0001660719,Old API Wind-down Ltd.,,,,2834,bankrupt,2016-03-15,2018-03-14,2018-05-08,2019-05-30,Aralez Pharmaceuticals Inc. (until 2019-01-18)
0001850838,"Omega Therapeutics, Inc.",OMGA,xbrl_cover:2024-11-14,,2836,bankrupt,2022-03-10,2024-03-28,2024-11-14,2025-03-31,
0001382911,"Orexigen Therapeutics, Inc.",,,,2834,bankrupt,2008-03-27,2017-03-30,2017-11-14,2019-06-04,
0001024126,"PERNIX THERAPEUTICS HOLDINGS, INC.",,,,2834,bankrupt,1997-03-31,2018-03-08,2018-11-13,2019-09-25,GOLF TRUST OF AMERICA INC (until 2010-03-11)
0001429386,"PHASERX, INC.",,,,2834,bankrupt,2017-03-27,2017-03-27,2017-11-09,2018-04-19,PHASERX INC (until 2010-02-22)
0001497504,PLx Pharma Winddown Corp.,PLXP,xbrl_cover:2022-11-10,,2834,bankrupt,2015-03-23,2022-03-11,2022-11-10,2023-10-18,"PLx Pharma Inc. (until 2023-05-02); Dipexium Pharmaceuticals, Inc. (until 2017-04-20); Dipexium Pharmaceuticals, LLC (until 2014-03-13)"
0001076682,"POLARITYTE, INC.",PTE,xbrl_cover:2023-05-12,,2836,bankrupt,2010-01-29,2023-03-27,2023-05-12,2023-08-18,MAJESCO ENTERTAINMENT CO (until 2017-01-10); MAJESCO HOLDINGS INC (until 2005-04-22); CONNECTIVCORP (until 2004-04-15); CONNECTIV CORP (until 2004-04-05); SPINROCKET COM INC (until 2001-08-14); CDBEAT COM INC (until 2000-01-31); SMD GROUP INC (until 1999-02-08)
0001341843,"POLYMEDIX, INC",,,,2834,bankrupt,2008-03-27,2012-03-13,2012-11-09,2015-09-10,POLYMEDIX INC (until 2010-04-14); BTHC II ACQUISITION CORP (until 2005-11-28)
0001169245,PhaseBio Pharmaceuticals Inc,PHAS,xbrl_cover:2022-08-12,,2834,bankrupt,2019-03-26,2022-03-24,2022-08-12,2024-09-30,Phase Biosciences Inc (until 2008-04-23); DT BIOSCIENCES INC (until 2004-05-11)
0001335103,"Protea Biosciences Group, Inc.",,,,2834,bankrupt,2009-02-18,2017-04-14,2017-08-18,2020-12-08,Protea Biosciences Inc. (until 2011-09-09); SRKP 5 INC (until 2011-08-19)
0001739426,RVL Pharmaceuticals plc,RVLP,xbrl_cover:2023-08-14,,2834,bankrupt,2019-03-28,2023-03-20,2023-08-14,2024-02-13,Osmotica Pharmaceuticals plc (until 2022-01-18); Osmotica Pharmaceuticals Ltd (until 2018-08-22)
0001017491,"SEELOS THERAPEUTICS, INC.",SEEL,xbrl_cover:2024-08-14,,2834,bankrupt,2009-03-16,2024-03-06,2024-08-14,2025-09-29,"APRICUS BIOSCIENCES, INC. (until 2019-01-24); NEXMED INC (until 2010-09-13)"
0001347613,SYNERGY PHARMACEUTICALS LLC,,,,2834,bankrupt,2009-04-15,2018-03-01,2018-11-09,2019-05-02,"Synergy Pharmaceuticals, Inc. (until 2019-05-02); SYNERGY PHARMACEUTICALS, INC. (until 2019-05-02); PAWFECT FOODS INC (until 2008-07-23)"
0001656328,"Sienna Biopharmaceuticals, Inc.",,,,2834,bankrupt,2018-03-15,2019-03-14,2019-11-12,2020-02-14,"Sienna Labs, Inc. (until 2015-10-20)"
0000850261,"Sorrento Therapeutics, Inc.",SRNEQ,xbrl_cover:2023-08-14,,2836,bankrupt,2012-03-30,2023-03-16,2023-08-14,2025-02-21,QUIKBYTE SOFTWARE INC (until 2009-11-12)
0001296391,TENGION INC,,,,2836,bankrupt,2011-03-30,2014-03-26,2014-11-14,2021-02-11,
0001362659,"TETRAGENEX PHARMACEUTICALS, INC.",,,,2834,bankrupt,2009-03-31,2010-04-15,2010-11-19,2014-01-16,
0001504167,"TREX WIND-DOWN, INC.",TMBR,xbrl_cover:2023-08-21,,2834,bankrupt,2012-01-13,2023-03-31,2023-08-21,2024-05-10,"Timber Pharmaceuticals, Inc. (until 2024-01-26); BioPharmX Corp (until 2020-05-15); THOMPSON DESIGNS INC (until 2014-02-18)"
0000352998,"Teligent, Inc.",TLGT,xbrl_cover:2021-08-16,,2834,bankrupt,1997-04-10,2021-05-04,2021-08-16,2022-02-14,"IGI LABORATORIES, INC (until 2015-10-22); IGI INC (until 2010-04-07)"
0001595585,"Tricida, Inc.",TCDA,xbrl_cover:2022-11-14,,2834,bankrupt,2019-03-29,2022-03-29,2022-11-14,2023-06-16,
0001436161,United Cannabis Corp,,,,2834,bankrupt,2013-05-20,2019-03-28,2019-11-14,2022-02-02,"MySkin, Inc. (until 2014-05-08)"
0000764195,VBI Vaccines Inc/BC,VBIV,xbrl_cover:2024-05-15,,2834,bankrupt,2005-11-04,2024-04-16,2024-05-15,2025-01-08,SciVac Therapeutics Inc. (until 2016-06-13); LEVON RESOURCES LTD. (until 2015-07-17); LEVON RESOURCES LTD (until 2010-09-07)
0000881524,VIVUS INC,,,,2834,bankrupt,2011-03-01,2020-03-03,2020-05-06,2021-01-08,
0001587221,Zosano Pharma Corp,ZSAN,xbrl_cover:2022-05-13,,2834,bankrupt,2015-03-26,2022-03-17,2022-05-13,2022-07-19,ZP Holdings Inc (until 2014-05-13)
0001848948,10X Capital Venture Acquisition Corp. III,VCXB.U|VCXB,xbrl_cover:2023-11-27,,2836,delisted_or_deregistered,2022-03-31,2023-04-13,2023-11-27,2025-05-14,
0001383790,3SBio Inc.,,,,2834,delisted_or_deregistered,2007-06-29,2013-04-30,2013-04-30,2013-06-10,
0001830162,4D Pharma PLC,LBPS|LBPSW,xbrl_cover:2022-03-31,,2834,delisted_or_deregistered,2021-04-02,2022-03-31,2022-03-31,2023-02-23,
0001642271,ADVANZ PHARMA Corp.,,,,2834,delisted_or_deregistered,2016-03-24,2018-03-08,2018-03-08,2019-11-26,Concordia International Corp. (until 2018-11-29); Concordia Healthcare Corp. (until 2016-06-20)
0001261734,"AEOLUS PHARMACEUTICALS, INC.",,,,2834,delisted_or_deregistered,2003-12-17,2016-12-20,2017-08-14,2017-12-22,INCARA PHARMACEUTICALS CORP (until 2004-07-20); INCARA INC (until 2003-12-04)
0001158223,AFFYMAX INC,,,,2834,delisted_or_deregistered,2007-04-02,2014-03-31,2014-07-31,2014-11-14,
0000094784,ALSERES PHARMACEUTICALS INC /DE,,,,2834,delisted_or_deregistered,1997-03-31,2014-04-10,2014-08-14,2014-11-21,BOSTON LIFE SCIENCES INC /DE (until 2007-05-15)
0001090514,AMERICAN ORIENTAL BIOENGINEERING INC,,,,2834,delisted_or_deregistered,2007-03-13,2013-06-11,2014-01-30,2014-03-28,ORIENTAL BIOENGINEERING INC (until 2002-06-03); INTERNET GOLF ASSOCIATION INC (until 2002-04-11)
0001060426,"AOXING PHARMACEUTICAL COMPANY, INC.",,,,2834,delisted_or_deregistered,2004-10-15,2016-10-05,2017-05-15,2017-10-17,"CHINA AOXING PHARMACEUTICAL COMPANY, INC. (until 2010-03-29); CENTRAL AMERICAN EQUITIES CORP. (until 2006-06-28); CENTRAL AMERICAN EQUITIES INC (until 2006-04-24)"
0001410064,"ARYx Therapeutics, Inc.",,,,2834,delisted_or_deregistered,2008-03-17,2010-03-30,2010-11-15,2011-04-11,
0001722926,ASLAN Pharmaceuticals Ltd,ASLN,xbrl_cover:2024-04-12,,2834,delisted_or_deregistered,2019-04-29,2024-04-12,2024-04-12,2024-11-14,
0001514946,"AXIM BIOTECHNOLOGIES, INC.",AXIM,edgar_current,OTC,2834,delisted_or_deregistered,2012-04-16,2024-04-16,2024-08-19,2024-12-06,AXIM INTERNATIONAL INC. (until 2014-08-13)
0001492074,Abcam plc,ABCM,xbrl_cover:2023-03-20,,2836,delisted_or_deregistered,2021-09-01,2023-03-20,2023-03-20,2024-02-12,
0000861838,"Aceragen, Inc.",ACGN,xbrl_cover:2023-06-29,,2836,delisted_or_deregistered,2010-03-10,2023-04-13,2023-06-29,2023-08-28,"IDERA PHARMACEUTICALS, INC. (until 2023-01-13); HYBRIDON INC (until 2005-09-02)"
0001830749,Achilles Therapeutics plc,ACHL,xbrl_cover:2024-04-04,,2836,delisted_or_deregistered,2022-03-01,2024-04-04,2024-04-04,2025-03-21,Achilles Therapeutics Ltd (until 2021-02-03)
0001891512,Adastra Holdings Ltd.,,,,2834,delisted_or_deregistered,2022-05-17,2023-05-17,2023-05-17,2024-05-01,
0001608390,Affimed N.V.,AFMD,xbrl_cover:2024-03-28,,2834,delisted_or_deregistered,2015-03-25,2024-03-28,2024-03-28,2025-07-21,Affimed Therapeutics B.V. (until 2014-09-16)
0001601936,Altamira Therapeutics Ltd.,CYTOF,edgar_current,OTC,2834,delisted_or_deregistered,2015-03-31,2025-04-30,2025-04-30,2026-02-27,Auris Medical Holding Ltd. (until 2021-07-23); Auris Medical Holding AG (until 2019-03-14); Auris Medical AG (until 2014-04-18)
0001168220,Altrazeal Life Sciences Inc.,,,,2834,delisted_or_deregistered,2009-03-30,2018-03-30,2018-11-14,2023-09-18,ULURU INC. (until 2019-11-25); ULURU Inc. (until 2019-11-25); OXFORD VENTURES INC (until 2006-04-03)
0001424812,"Amarantus Bioscience Holdings, Inc.",,,,2834,delisted_or_deregistered,2009-02-12,2016-05-16,2016-06-01,2022-09-09,"AMARANTUS BIOSCIENCE, INC. (until 2013-04-11); Amarantus BioSciences, Inc. (until 2013-01-09); Jumpkicks, Inc. (until 2011-05-27)"
0001411906,"Ampio Pharmaceuticals, Inc.",AMPE,xbrl_cover:2024-03-27,,2834,delisted_or_deregistered,2009-03-31,2024-03-27,2024-03-27,2025-01-29,"Chay Enterprises, Inc. (until 2010-03-17)"
0001783010,Amryt Pharma plc,AMYT,xbrl_cover:2022-04-29,,2834,delisted_or_deregistered,2021-04-30,2022-04-29,2022-04-29,2023-04-24,Amryt Pharma Holdings Ltd (until 2019-08-08)
0001316175,Anthera Pharmaceuticals Inc,,,,2834,delisted_or_deregistered,2011-03-07,2018-03-05,2018-05-15,2018-09-12,
0001849011,Apeiron Capital Investment Corp.,APN,xbrl_cover:2023-05-15,,2836,delisted_or_deregistered,2022-03-22,2023-03-30,2023-05-15,2024-02-14,
0001674365,Aptinyx Inc.,APTX,xbrl_cover:2023-05-18,,2834,delisted_or_deregistered,2019-03-21,2023-03-30,2023-05-18,2024-02-09,
0001513818,"Aravive, Inc.",ARAV,xbrl_cover:2023-11-09,,2834,delisted_or_deregistered,2015-03-06,2023-03-15,2023-11-09,2024-02-14,"Versartis, Inc. (until 2018-10-05)"
0001614067,"Aridis Pharmaceuticals, Inc.",ARDS,xbrl_cover:2023-11-06,,2834,delisted_or_deregistered,2019-03-28,2023-05-22,2023-11-06,2026-08-14,
0001195116,"Arno Therapeutics, Inc",,,,2834,delisted_or_deregistered,2009-03-31,2016-03-30,2016-11-14,2018-01-03,LAURIER INTERNATIONAL INC (until 2008-04-29)
0001005201,"Assertio Therapeutics, Inc",ASRT,xbrl_cover:2020-05-11,,2834,delisted_or_deregistered,2007-03-16,2020-03-10,2020-05-11,2026-06-16,DEPOMED INC (until 2018-08-14)
0001633070,Axcella Health Inc.,AXLA,xbrl_cover:2023-08-03,,2836,delisted_or_deregistered,2020-03-23,2023-03-30,2023-08-03,2024-02-15,"Pronutria Biosciences, Inc. (until 2016-02-24)"
0001358403,"BELLICUM PHARMACEUTICALS, INC",BLCM,xbrl_cover:2023-08-10,,2834,delisted_or_deregistered,2015-03-20,2023-03-31,2023-11-14,2025-08-14,BELLICUM PHARMACEUTICALS INC (until 2008-07-29)
0001259942,BELLUS Health Inc.,BLU,xbrl_cover:2023-03-23,,2834,delisted_or_deregistered,2003-11-14,2023-03-23,2023-03-23,2024-01-30,NEUROCHEM INC (until 2008-04-16)
0001309304,BIO BRIDGE SCIENCE INC,,,,2834,delisted_or_deregistered,2009-03-31,2011-04-15,2011-11-21,2012-05-31,
0001451980,BIOCANCELL THERAPEUTICS INC.,,,,2834,delisted_or_deregistered,2010-03-18,2012-03-30,2012-05-10,2012-08-10,
0001091326,"BIOMOLECULAR LIFE HOLDINGS, INC.",BIOM,edgar_current,OTC,2834,delisted_or_deregistered,2000-08-29,2015-04-15,2015-11-19,2026-09-29,"SB Technology Holdings, Inc. (until 2026-05-04); VG Life Sciences Inc. (until 2026-03-06); VG Life Sciences, Inc. (until 2014-10-14); VIRAL GENETICS INC /DE/ (until 2009-03-25); 5 STARLIVING ONLINE INC (until 2001-10-18)"
0001600132,"Bellerophon Therapeutics, Inc.",BLPH,xbrl_cover:2023-11-14,,2834,delisted_or_deregistered,2015-03-31,2023-03-31,2023-11-14,2024-03-06,Bellerophon Therapeutics LLC (until 2015-02-13)
0001552795,Benitec Biopharma LTD/ADR,,,,2834,delisted_or_deregistered,2015-11-17,2019-10-30,2019-10-30,2020-04-27,
0001712641,Biofrontera AG,,,,2834,delisted_or_deregistered,2018-04-30,2021-04-12,2021-04-12,2025-09-18,
0001768946,Biophytis SA,BPTS,xbrl_cover:2024-04-08,,2834,delisted_or_deregistered,2021-03-12,2024-04-08,2024-04-08,2026-09-23,
0001568628,Bioquest Corp,BQST,edgar_current,OTC,2834,delisted_or_deregistered,2014-08-13,2022-08-15,2022-09-12,2024-10-08,"Select-TV Solutions, Inc. (until 2015-05-29); Sedition Films, Inc. (until 2014-04-10)"
0001418133,"Biostar Pharmaceuticals, Inc.",,,,2834,delisted_or_deregistered,2009-03-30,2017-04-13,2017-11-20,2019-01-08,
0001559356,Biostax Corp.,,,,2834,delisted_or_deregistered,2014-03-31,2024-04-16,2025-04-11,2026-06-08,"Immune Therapeutics, Inc. (until 2023-09-14); TNI BIOTECH, INC. (until 2014-10-30)"
0001413488,"CANNABIS GLOBAL, INC.",CBGL,xbrl_cover:2022-07-20,,2836,delisted_or_deregistered,2008-11-28,2021-12-14,2022-07-20,2024-02-05,"MCTC Holdings, Inc. (until 2020-04-06); MICROCHANNEL TECHNOLOGIES CORP (until 2019-01-11)"
0001086082,"CANNAPOWDER, INC.",,,,2834,delisted_or_deregistered,2008-03-31,2020-04-14,2020-04-21,2020-05-12,"Smart Energy Solutions, Inc. (until 2018-04-30); DATIGEN COM INC (until 2005-09-01); ATOMIC GIANT COM INC (until 2000-03-17)"
0001544238,"CARDAX, INC.",,,,2834,delisted_or_deregistered,2013-06-06,2021-04-15,2021-05-14,2021-09-30,Koffee Korner Inc. (until 2014-02-10)
0000895051,"CASI Pharmaceuticals, Inc (DE)",CASI,xbrl_cover:2022-11-14,,2836,delisted_or_deregistered,1997-04-10,2022-03-28,2022-11-14,2024-02-20,"CASI Pharmaceuticals, Inc. (until 2023-02-21); ENTREMED INC (until 2014-06-13)"
0001653821,CEN BIOTECH INC,,,,2834,delisted_or_deregistered,2016-04-14,2022-04-14,2022-11-14,2023-04-12,
0000798985,"CHINA SKY ONE MEDICAL, INC.",,,,2834,delisted_or_deregistered,2009-04-15,2011-03-14,2011-11-09,2014-08-15,COMET TECHNOLOGIES INC (until 2006-07-06)
0001358575,CIPHER PHARMACEUTICALS INC,,,,2834,delisted_or_deregistered,2015-03-31,2016-03-30,2016-03-30,2017-02-22,
0001550518,Cantabio Pharmaceuticals Inc.,,,,2834,delisted_or_deregistered,2013-06-28,2018-07-16,2019-06-17,2019-06-21,Lion Consulting Group Inc. (until 2015-08-26)
0001637890,Celyad Oncology SA,CYAD,xbrl_cover:2023-03-23,,2834,delisted_or_deregistered,2016-04-08,2023-03-23,2023-03-23,2024-02-09,CELYAD S.A. (until 2020-05-07); CARDIO3 BIOSCIENCES S.A. (until 2015-03-31)
0001369868,"China Biologic Products Holdings, Inc.",CBPO,xbrl_cover:2020-03-12,,2836,delisted_or_deregistered,2009-03-31,2020-03-12,2020-03-12,2023-07-11,"China Biologic Products, Inc. (until 2017-07-21)"
0001474952,China Nuokang Bio-Pharmaceutical Inc.,,,,2834,delisted_or_deregistered,2010-06-02,2012-04-24,2012-04-24,2013-02-20,
0001335106,China Shenghuo Pharmaceutical Holdings Inc,,,,2834,delisted_or_deregistered,2009-03-31,2012-03-30,2012-05-30,2012-07-25,SRKP 8 INC (until 2006-09-11)
0001647320,Clementia Pharmaceuticals Inc.,,,,2834,delisted_or_deregistered,2018-02-28,2019-03-29,2019-03-29,2019-04-29,
0001819615,Clever Leaves Holdings Inc.,CLVR|CLVRW,xbrl_cover:2024-04-01,,2834,delisted_or_deregistered,2021-03-30,2024-04-01,2024-04-01,2024-05-21,
0001522602,"CohBar, Inc.",CWBR,xbrl_cover:2023-08-14,,2834,delisted_or_deregistered,2015-03-31,2023-03-09,2023-08-14,2023-12-27,
0001907685,"Comera Life Sciences Holdings, Inc.",CMRA|CMRAW,xbrl_cover:2023-11-09,,2834,delisted_or_deregistered,2023-03-17,2023-03-17,2023-11-09,2024-02-27,
0001036141,Correvio Pharma Corp.,,,,2834,delisted_or_deregistered,2000-04-11,2020-04-30,2020-04-30,2020-06-09,CARDIOME PHARMA CORP (until 2018-05-15); Cardiome Pharma Corp (until 2018-05-15); NORTRAN PHARMACEUTICALS INC (until 2002-02-15)
0000922247,"Cyclo Therapeutics, Inc.",CYTH|CYTHW,xbrl_cover:2024-12-18,,2836,delisted_or_deregistered,2009-03-30,2024-03-18,2024-12-18,2025-04-07,CTD HOLDINGS INC (until 2019-09-30); CYCLODEXTRIN TECHNOLOGIES DEVELOPMENT INC (until 2000-03-30)
0000827871,"EAGLE PHARMACEUTICALS, INC.",EGRX,xbrl_cover:2023-08-09,,2834,delisted_or_deregistered,2014-12-22,2023-03-23,2023-08-09,2025-08-14,EAGLE PHARMACEUTICALS INC (until 2008-08-11)
0001441247,EARTH DRAGON RESOURCES INC.,,,,2834,delisted_or_deregistered,2009-08-25,2011-09-13,2012-10-09,2019-04-26,
0000813389,"EMBER THERAPEUTICS, INC. - NY",,,,2834,delisted_or_deregistered,2011-10-11,2015-04-15,2015-11-13,2018-10-01,AMERICAN HOME ALLIANCE CORP (until 2016-01-29)
0000805326,EMISPHERE TECHNOLOGIES INC,,,,2834,delisted_or_deregistered,1996-10-23,2017-03-30,2017-05-12,2017-08-15,
0000822411,"EOM Pharmaceutical Holdings, Inc.",,,,2834,delisted_or_deregistered,2009-03-30,2018-03-14,2018-08-13,2023-08-02,"ImmunoCellular Therapeutics, Ltd. (until 2022-09-12); Optical Molecular Imaging, Inc (until 2006-09-20); PATCO INDUSTRIES LTD (until 2006-01-26)"
0001095858,"ERBA Diagnostics, Inc.",,,,2834,delisted_or_deregistered,2002-04-01,2015-05-15,2015-08-05,2020-08-28,IVAX DIAGNOSTICS INC (until 2012-06-15); B2BSTORES COM INC (until 2001-03-14)
0001768225,Emerald Health Therapeutics Inc.,,,,2834,delisted_or_deregistered,2019-05-01,2020-06-10,2020-06-10,2021-04-01,
0001471968,EnzymeBioSystems,,,,2834,delisted_or_deregistered,2010-10-13,2017-10-13,2018-05-08,2018-09-17,Enzyme Bio Systems (until 2010-03-22)
0001694665,"Evelo Biosciences, Inc.",EVLO,xbrl_cover:2023-11-09,,2834,delisted_or_deregistered,2019-02-15,2023-03-16,2023-11-09,2024-03-08,
0001865408,Exscientia plc,EXAI,xbrl_cover:2024-03-21,,2836,delisted_or_deregistered,2022-03-23,2024-03-21,2024-03-21,2024-12-02,Exscientia Ltd (until 2021-10-12)
0001087477,FMI HOLDINGS LTD.,,,,2836,delisted_or_deregistered,2002-05-29,2010-04-06,2010-04-06,2012-01-26,Forbes Medi-Tech Inc. (until 2010-08-30); FORBES MEDI TECH INC (until 2008-02-27)
0001733257,"Finch Therapeutics Group, Inc.",FNCHQ,edgar_current,OTC,2836,delisted_or_deregistered,2022-03-31,2024-03-25,2024-08-13,2024-11-12,
0001604924,Forward Pharma A/S,FWP,xbrl_cover:2022-04-08,,2834,delisted_or_deregistered,2015-03-25,2022-04-08,2022-04-08,2023-02-14,
0001810031,Freeline Therapeutics Holdings plc,FRLN,xbrl_cover:2023-04-04,,2836,delisted_or_deregistered,2021-03-31,2023-04-04,2023-04-04,2024-03-01,Freeline Therapeutics Holdings Ltd (until 2020-07-10)
0001439449,"Fresenius Kabi Pharmaceuticals Holding, Inc.",,,,2834,delisted_or_deregistered,2009-02-19,2011-02-23,2011-02-23,2011-03-15,"Fresenius Kabi Pharmaceuticals Holding, LLC (until 2008-08-12)"
0000819050,"Fresh Tracks Therapeutics, Inc.",FRTX,xbrl_cover:2023-11-13,,2836,delisted_or_deregistered,2009-03-03,2024-03-15,2024-03-15,2024-06-11,"Brickell Biotech, Inc. (until 2022-09-06); VICAL INC (until 2019-08-30); VICAL, INC. (until 1994-02-11)"
0001166272,GENETIC TECHNOLOGIES LTD,,,,2836,delisted_or_deregistered,2005-12-30,2024-09-30,2024-09-30,2025-05-12,GENETIC TECHNOLOGIES LTD /FI (until 2002-12-30)
0001457612,"GENOCEA BIOSCIENCES, INC.",GNCA,xbrl_cover:2022-05-05,,2836,delisted_or_deregistered,2014-03-21,2022-03-18,2022-05-05,2022-06-13,GENOCEA BIOSCIENCES INC (until 2009-02-25)
0001245104,GLOBEIMMUNE INC,,,,2834,delisted_or_deregistered,2015-03-17,2016-03-16,2016-05-12,2017-03-23,
0001757064,Genfit S.A.,GNFT,xbrl_cover:2025-04-29,,2836,delisted_or_deregistered,2020-05-27,2025-04-29,2025-04-29,2025-11-20,
0001502152,GlobeStar Therapeutics Corp,GSTC,xbrl_cover:2024-10-11,,2834,delisted_or_deregistered,2011-12-29,2024-01-19,2024-10-11,2025-01-14,"AngioSoma, Inc. (until 2021-05-21); First Titan Corp. (until 2016-06-16)"
0001826492,Gracell Biotechnologies Inc.,GRCL,xbrl_cover:2023-04-25,,2834,delisted_or_deregistered,2021-04-23,2023-04-25,2023-04-25,2024-03-04,
0000831749,HELIX BIOMEDIX INC,,,,2834,delisted_or_deregistered,2008-03-21,2012-03-27,2012-11-08,2019-12-26,
0001504222,HIGH PERFORMANCE BEVERAGES CO.,,,,2834,delisted_or_deregistered,2011-10-14,2015-11-18,2016-07-13,2018-01-11,"DETHRONE ROYALTY HOLDINGS, INC. (until 2013-10-29); EXCLUSIVE BUILDING SERVICES, INC (until 2012-07-12)"
0001537663,"Health-Right Discoveries, Inc.",,,,2834,delisted_or_deregistered,2016-04-13,2020-03-30,2020-11-18,2021-04-14,"Four Plex Partners, Inc. (until 2012-06-26)"
0001305591,Helix BioPharma Corp,,,,2834,delisted_or_deregistered,2009-02-04,2011-11-01,2011-11-01,2012-07-19,
0001383701,Histogen Inc.,HSTO,xbrl_cover:2023-11-09,,2834,delisted_or_deregistered,2014-03-28,2023-03-09,2023-11-09,2024-01-04,Conatus Pharmaceuticals Inc. (until 2020-05-21); Conatus Pharmaceuticals Inc (until 2014-06-23)
0001586494,"Hoverink Biotechnologies, Inc.",,,,2834,delisted_or_deregistered,2014-03-26,2017-11-06,2017-11-06,2020-01-30,Hoverink International Holdings Inc. (until 2017-09-14); Sky Run Acqusition Corp (until 2014-07-17)
0001375850,Hubei Minkang Pharmaceutical Ltd.,,,,2834,delisted_or_deregistered,2009-07-14,2014-04-15,2014-11-14,2015-03-31,Nexgen Petroleum Corp. (until 2010-10-27); BLACKROCK PETROLEUM CORP. (until 2008-06-09); DGT Corp. (until 2007-09-21)
0000839441,IMAGENETIX INC /NV/,,,,2834,delisted_or_deregistered,2009-06-17,2015-06-29,2015-08-14,2015-11-02,CAPITAL GROWTH INC (until 2001-01-10)
0001564273,IMMAGE BIOTHERAPEUTICS CORP.,,,,2834,delisted_or_deregistered,2013-12-09,2016-12-08,2017-04-19,2017-06-22,"EPICURE CHARCOAL, INC. (until 2015-05-15)"
0001734768,IMV Inc.,IMV,xbrl_cover:2023-03-16,,2834,delisted_or_deregistered,2019-04-01,2023-03-16,2023-03-16,2023-09-22,Immunovaccine Inc. (until 2018-05-01)
0001411879,"INNOVUS PHARMACEUTICALS, INC.",,,,2834,delisted_or_deregistered,2009-03-09,2019-04-01,2019-11-14,2020-02-26,"North Horizon, Inc. (until 2011-12-12)"
0001091164,"Jiangbo Pharmaceuticals, Inc.",,,,2834,delisted_or_deregistered,2003-01-17,2010-09-28,2011-05-27,2013-07-03,"Genesis Pharmaceuticals Enterprises, Inc. (until 2009-04-21); GENESIS TECHNOLOGY GROUP INC (until 2007-10-26); NEWAGECITIES COM INC (until 2002-05-14)"
0001751299,"Kaleido Biosciences, Inc.",KLDO,xbrl_cover:2022-04-01,,2836,delisted_or_deregistered,2020-03-02,2022-04-01,2022-04-01,2022-05-10,
0001393526,"Kun Run Biotechnology, Inc.",,,,2834,delisted_or_deregistered,2009-03-31,2010-03-30,2010-11-19,2010-12-10,Aspen Racing Stables. Inc. (until 2008-11-14); Aspen Racing Stables (until 2008-03-07)
0001164888,"Kyto Technology & Life Science, Inc.",KBPH,xbrl_cover:2022-02-22,,2834,delisted_or_deregistered,2009-06-29,2021-08-10,2022-02-22,2022-05-12,KYTO BIOPHARMA INC (until 2018-06-28); B TWELVE INC (until 2003-05-21)
0001284519,LABOPHARM INC,,,,2834,delisted_or_deregistered,2007-03-30,2011-03-31,2011-03-31,2011-07-12,
0001831283,LianBio,LIAN,xbrl_cover:2023-11-13,,2834,delisted_or_deregistered,2022-03-31,2023-03-28,2023-11-13,2024-11-14,
0001556377,Life Stem Genetics Inc.,,,,2836,delisted_or_deregistered,2013-10-29,2013-10-29,2014-05-08,2023-06-20,MIAMI DAYS CORP. (until 2013-09-03)
0001351172,Liminal BioSciences Inc.,LMNL,xbrl_cover:2023-03-15,,2834,delisted_or_deregistered,2020-03-20,2023-03-15,2023-03-15,2023-10-06,ProMetic Life Sciences Inc (until 2019-06-24)
0001292087,"Lotus Pharmaceuticals, Inc.",,,,2834,delisted_or_deregistered,2008-04-14,2011-03-28,2011-11-10,2020-02-25,"S.E. ASIA TRADING COMPANY, INC. (until 2006-11-28)"
0001865127,"Lucy Scientific Discovery, Inc.",LSDI,xbrl_cover:2024-02-13,,2834,delisted_or_deregistered,2023-10-13,2023-10-13,2024-02-13,2025-04-03,
0001685428,LumiraDx Ltd,LMDX|LMDXW,xbrl_cover:2023-05-01,,2834,delisted_or_deregistered,2021-09-29,2023-05-01,2023-05-01,2024-11-12,
0001274792,MERRIMACK PHARMACEUTICALS INC,MACK,xbrl_cover:2024-05-15,,2834,delisted_or_deregistered,2012-03-30,2024-03-07,2024-05-15,2024-05-20,
0001501112,"MIX 1 LIFE, INC.",,,,2834,delisted_or_deregistered,2011-12-27,2015-12-16,2016-07-20,2018-08-06,Antaga International Corp (until 2013-10-03); Antaga Internatinal Corp (until 2012-09-13)
0000927761,MYMETICS CORP,MYMX,xbrl_cover:2023-11-20,,2836,delisted_or_deregistered,1998-03-31,2023-04-11,2023-11-20,2024-01-02,ICHOR CORP (until 2001-06-29); PDG REMEDIATION INC (until 1997-03-03)
0001606012,Macrocure Ltd.,,,,2836,delisted_or_deregistered,2015-03-18,2016-04-19,2016-04-19,2017-02-06,
0001807983,Medicenna Therapeutics Corp.,MDNAF,edgar_current,OTC,2834,delisted_or_deregistered,2021-05-28,2023-06-27,2023-06-27,2026-07-06,
0001031516,Merus Labs International Inc.,,,,2834,delisted_or_deregistered,2001-03-08,2016-12-29,2016-12-29,2017-07-31,ENVOY CAPITAL GROUP INC. (until 2011-11-18); ENVOY COMMUNICATIONS GROUP INC (until 2008-12-24)
0001404943,"MetaStat, Inc.",,,,2834,delisted_or_deregistered,2008-05-02,2018-05-29,2018-05-29,2018-07-16,"Photovoltaic Solar Cells, Inc. (until 2012-03-22)"
0001497165,"Modern Mobility Aids, Inc.",,,,2834,delisted_or_deregistered,2011-10-12,2014-10-17,2016-04-01,2018-10-11,"Galileo Life Sciences, Inc. (until 2017-10-05)"
0001191357,Molecular Pharmacology (USA) Ltd.,,,,2834,delisted_or_deregistered,2009-10-02,2014-09-08,2014-11-13,2015-03-05,Molecular Pharmacology (USA) LTD (until 2007-03-21); BLUE HAWK VENTURES INC (until 2005-08-08)
0001674657,Motif Bio plc,,,,2834,delisted_or_deregistered,2017-05-01,2019-04-15,2019-04-15,2020-03-26,
0000811779,"MultiCell Technologies, Inc.",,,,2834,delisted_or_deregistered,1996-05-20,2015-03-02,2015-10-15,2019-02-14,Multicell Technologies Inc. (until 2005-09-27); EXTEN INDUSTRIES INC (until 2004-06-07)
0000070793,NBTY INC,,,,2834,delisted_or_deregistered,1995-12-18,2015-11-17,2016-04-14,2016-05-13,NATURES BOUNTY INC (until 1995-12-18)
0000918112,NEUROBIOLOGICAL TECHNOLOGIES INC /CA/,,,,2836,delisted_or_deregistered,2001-09-28,2010-09-28,2010-09-28,2019-01-03,
0001625288,"NEXIEN BIOPHARMA, INC.",,,,2834,delisted_or_deregistered,2015-09-15,2024-10-22,2025-05-14,2025-09-19,Intiva BioPharma Inc. (until 2018-09-12); Kinder Holding Corp. (until 2017-11-06)
0001043873,NOVADEL PHARMA INC,,,,2834,delisted_or_deregistered,2000-11-13,2011-03-29,2011-11-01,2012-03-30,FLEMINGTON PHARMACEUTICAL CORP (until 2002-10-03)
0001641640,Nabriva Therapeutics plc,NBRV,xbrl_cover:2023-10-19,,2834,delisted_or_deregistered,2016-04-28,2023-04-17,2023-10-19,2023-10-25,Nabriva Therapeutics AG (until 2017-07-10)
0001622057,Nascent Biotech Inc.,,,,2834,delisted_or_deregistered,2015-07-02,2024-07-01,2024-08-14,2025-04-01,
0001401395,Neptune Wellness Solutions Inc.,NEPT,xbrl_cover:2024-02-16,,2834,delisted_or_deregistered,2007-11-21,2023-07-17,2024-02-16,2024-05-06,Neptune Technologies & Bioressources Inc. (until 2018-09-20)
0001173281,"NeuBase Therapeutics, Inc.",NBSE,xbrl_cover:2023-11-09,,2834,delisted_or_deregistered,2009-01-13,2022-12-21,2023-11-09,2025-01-13,"Ohr Pharmaceutical Inc (until 2019-07-12); BBM HOLDINGS, INC. (until 2009-08-17); PRIME RESOURCE INC (until 2007-03-23)"
0001598696,NeuroDerm Ltd.,,,,2834,delisted_or_deregistered,2015-04-28,2017-03-29,2017-03-29,2018-02-14,"NeuroDerm, Ltd. (until 2014-09-15)"
0001385830,NeurogesX Inc,,,,2834,delisted_or_deregistered,2008-03-26,2012-03-28,2012-11-14,2017-02-13,
0001538210,"NexImmune, Inc.",NEXI,xbrl_cover:2024-08-07,,2834,delisted_or_deregistered,2021-03-31,2024-04-16,2024-08-07,2024-09-06,
0001094847,"ONCOVISTA INNOVATIVE THERAPIES, INC",,,,2834,delisted_or_deregistered,2009-03-30,2015-04-15,2015-11-12,2016-05-09,AVIATION UPGRADE TECHNOLOGIES INC (until 2008-01-08)
0001493566,"OTONOMY, INC.",OTIC,xbrl_cover:2022-11-10,,2834,delisted_or_deregistered,2015-03-18,2022-02-28,2022-11-10,2023-04-04,
0001607245,Oasmia Pharmaceutical AB,,,,2834,delisted_or_deregistered,2016-08-26,2018-09-14,2018-09-14,2022-04-04,
0001685316,ObsEva SA,OBSVF,xbrl_cover:2023-03-31,,2834,delisted_or_deregistered,2017-04-21,2023-03-31,2023-03-31,2023-04-26,
0001869974,"Ocean Biomedical, Inc.",OCEA,edgar_current,OTC,2834,delisted_or_deregistered,2022-01-31,2025-04-08,2025-05-15,2025-08-14,"Ocean Biomedical, Inc./DE (until 2023-02-15); Aesther Healthcare Acquisition Corp. (until 2023-02-14)"
0001717452,"Odonate Therapeutics, Inc.",ODT,xbrl_cover:2021-11-10,,2834,delisted_or_deregistered,2018-02-14,2021-02-23,2021-11-10,2022-02-14,"Odonate Therapeutics, LLC (until 2017-12-06)"
0001403602,"Omnimmune Holdings, Inc.",,,,2834,delisted_or_deregistered,2009-04-15,2010-05-17,2010-11-22,2011-04-15,Roughneck Supplies Inc. (until 2008-08-12)
0001671818,"Oncorus, Inc.",ONCR,xbrl_cover:2023-05-22,,2834,delisted_or_deregistered,2021-03-10,2023-03-24,2023-05-22,2023-08-07,
0001260990,"Oncternal Therapeutics, Inc.",ONCT,xbrl_cover:2024-11-06,,2834,delisted_or_deregistered,2011-03-08,2024-03-07,2024-11-06,2025-03-31,GTX INC /DE/ (until 2019-06-11); GTX INC/TN (until 2004-01-15)
0001557340,"Optec International, Inc.",,,,2834,delisted_or_deregistered,2015-10-15,2018-10-15,2019-02-14,2020-11-04,"Green Meadow Products, Inc. (until 2017-08-28)"
0001764791,Orphazyme A/S,,,,2834,delisted_or_deregistered,2021-03-02,2022-06-28,2022-06-28,2023-02-10,
0001278129,"Osteologix, Inc.",,,,2834,delisted_or_deregistered,2008-03-25,2010-03-31,2010-11-15,2011-01-04,CASTLE & MORGAN HOLDINGS INC (until 2006-05-25)
0000882104,"PDL BIOPHARMA, INC.",PDLI,xbrl_cover:2020-11-13,,2836,delisted_or_deregistered,2009-03-02,2021-03-29,2021-03-29,2026-08-13,PROTEIN DESIGN LABS INC/DE (until 2006-01-19)
0000820096,PERRIGO CO,,,,2834,delisted_or_deregistered,2006-08-15,2013-08-15,2013-11-04,2024-10-15,
0000713275,PHARMOS CORP,,,,2834,delisted_or_deregistered,1996-03-29,2012-02-17,2012-12-10,2019-03-22,
0001624422,PHAXIAM Therapeutics S.A.,ERYP,xbrl_cover:2023-03-28,,2836,delisted_or_deregistered,2018-04-24,2023-03-28,2023-03-28,2024-03-11,Erytech Pharma S.A. (until 2023-06-28); Erytech Pharma (until 2015-10-23)
0000755806,"PONIARD PHARMACEUTICALS, INC.",,,,2834,delisted_or_deregistered,1996-03-27,2011-03-30,2011-10-28,2012-04-02,NEORX CORP (until 2006-06-07)
0001382943,"PREDICTIVE TECHNOLOGY GROUP, INC.",,,,2834,delisted_or_deregistered,2007-11-19,2020-10-20,2021-05-17,2022-05-20,"PREDICTIVE TECHNOLOGY GROUP, INC,. (until 2017-02-28); GLOBAL HOUSING GROUP (until 2015-12-01); Aussie Soles Group Inc. (until 2010-12-08); K-9 Concepts, Inc. (until 2008-04-14)"
0001515740,PREMIER BIOMEDICAL INC,,,,2836,delisted_or_deregistered,2012-03-23,2020-05-15,2020-06-01,2021-06-15,
0000812306,PROCYON CORP,,,,2834,delisted_or_deregistered,2008-09-09,2024-10-25,2024-10-25,2024-11-08,
0001493526,PROTECT PHARMACEUTICAL Corp,,,,2834,delisted_or_deregistered,2011-03-31,2019-02-19,2019-03-06,2019-06-12,
0001063104,PROTEO INC,,,,2834,delisted_or_deregistered,2009-03-30,2020-05-07,2020-06-05,2020-07-22,TRIVANTAGE GROUP INC (until 2002-02-15); PAGE ACTIVE HOLDINGS INC / (until 2001-07-26); AMERICAN FLINTLOCK CO (until 1999-03-02)
0001469559,"PROTEONOMIX, INC.",,,,2834,delisted_or_deregistered,2010-03-26,2012-03-30,2012-09-24,2012-11-13,
0001029125,"Panbela Therapeutics, Inc.",,,,2834,delisted_or_deregistered,2013-03-26,2024-03-26,2024-11-14,2025-09-29,"Sun BioPharma, Inc. (until 2020-12-02); Cimarron Medical, Inc. (until 2015-09-04); CIMARRON SOFTWARE INC (until 2015-05-26)"
0001603429,Parnell Pharmaceuticals Holdings Ltd,,,,2834,delisted_or_deregistered,2014-09-15,2017-03-31,2017-03-31,2017-08-07,PARNELL PHARMACEUTICALS HOLDINGS PTY LTD (until 2014-06-13)
0001346973,Praxsyn Corp,,,,2834,delisted_or_deregistered,2009-01-29,2015-04-15,2015-11-16,2019-03-05,"PAWS Pet Company, Inc. (until 2014-04-08); Pet Airways Inc. (until 2011-08-04); American Antiquities, Inc. (until 2010-10-25)"
0001743344,PyroGenesis Canada Inc.,PYRGF,edgar_current,OTC,2834,delisted_or_deregistered,2021-04-01,2023-03-31,2023-03-31,2023-11-14,
0001689084,Qrons Inc.,,,,2836,delisted_or_deregistered,2018-03-02,2025-04-16,2025-04-16,2026-08-14,BIOLABMART INC. (until 2017-07-18)
0000707511,REGENERX BIOPHARMACEUTICALS INC,RGRX,xbrl_cover:2023-05-15,,2834,delisted_or_deregistered,1996-04-01,2023-04-11,2023-05-15,2023-08-14,ALPHA 1 BIOMEDICALS INC (until 2001-05-11); ALPHA 1 BIOMEDICALS INC /DE/ (until 1995-02-07)
0000768710,RELIV INTERNATIONAL INC,,,,2834,delisted_or_deregistered,1997-03-31,2020-03-27,2020-11-13,2021-02-11,
0001575659,"Rapid Therapeutic Science Laboratories, Inc.",,,,2834,delisted_or_deregistered,2014-07-15,2023-03-30,2023-08-14,2024-02-14,"Holly Brothers Pictures, Inc. (until 2020-01-21); PowerMedChairs (until 2017-05-09)"
0001718903,Realm Therapeutics plc,,,,2834,delisted_or_deregistered,2019-04-10,2019-04-10,2019-04-10,2019-08-01,
0001452804,"Retrieve Medical Holdings, Inc.",,,,2834,delisted_or_deregistered,2009-12-23,2022-12-19,2023-02-09,2024-10-28,"PEAK PHARMACEUTICALS, INC. (until 2023-03-21); CANNABIS THERAPY CORP. (until 2014-12-29); FRAC WATER SYSTEMS, INC. (until 2014-03-20); SURF A MOVIE SOLUTIONS INC (until 2013-07-29)"
0001362959,Rosetta Genomics Ltd.,,,,2834,delisted_or_deregistered,2007-05-21,2017-03-30,2017-03-30,2019-04-22,
0001709401,"Rubius Therapeutics, Inc.",RUBY,xbrl_cover:2023-02-27,,2836,delisted_or_deregistered,2019-03-28,2023-02-27,2023-02-27,2023-04-10,
0001816901,"SAWAI GROUP HOLDINGS Co., Ltd.",,,,2834,delisted_or_deregistered,2021-06-28,2021-06-28,2021-06-28,2021-12-22,"Sawai Pharmaceutical Co., Ltd. (until 2021-04-01)"
0001076939,SKYSTAR BIO-PHARMACEUTICAL CO,,,,2834,delisted_or_deregistered,2008-04-02,2014-03-31,2014-11-14,2019-04-09,CYBER GROUP NETWORK CORP (until 2006-01-27); HOLLYWOOD ENTERTAINMENT NETWORK INC/CA (until 2000-05-15)
0001563855,SOPHIRIS BIO INC.,,,,2834,delisted_or_deregistered,2014-03-14,2019-03-13,2019-11-08,2022-09-01,
0001848097,SPK Acquisition Corp.,SPKAU|SPK|SPKAR,xbrl_cover:2022-11-14,,2836,delisted_or_deregistered,2022-02-24,2022-02-24,2022-11-14,2023-02-15,
0001532079,SUNOVION CNS DEVELOPMENT CANADA ULC,,,,2834,delisted_or_deregistered,2016-03-09,2016-03-09,2016-08-10,2020-03-17,Cynapsus Therapeutics Inc. (until 2016-10-21)
0001772028,Scopus BioPharma Inc.,,,,2834,delisted_or_deregistered,2021-03-29,2023-04-14,2023-08-11,2024-02-09,
0001499470,ShangPharma Corp,,,,2834,delisted_or_deregistered,2011-04-29,2012-04-30,2012-04-30,2013-04-15,
0001295079,"Shengtai Pharmaceutical, Inc.",,,,2834,delisted_or_deregistered,2007-09-28,2012-09-28,2013-05-15,2013-08-30,West Coast Car CO (until 2007-07-17)
0000936402,Shire plc,,,,2834,delisted_or_deregistered,2010-02-26,2018-02-20,2018-11-01,2019-02-15,Shire Ltd. (until 2008-10-01); SHIRE PHARMACEUTICALS GROUP PLC (until 2005-11-23)
0001313938,"Sibannac, Inc.",SNNC,edgar_current,OTC,2834,delisted_or_deregistered,2013-05-16,2016-12-14,2019-02-04,2024-05-22,"Sibannic, Inc. (until 2015-03-12); Naprodis, Inc. (until 2015-01-20)"
0001455694,"SignPath Pharma, Inc.",,,,2834,delisted_or_deregistered,2010-04-15,2016-04-08,2016-08-15,2021-05-12,
0001384360,Simcere Pharmaceutical Group,,,,2834,delisted_or_deregistered,2008-06-24,2013-04-26,2013-04-26,2014-01-03,
0001403612,"Sinobiopharma, Inc.",,,,2834,delisted_or_deregistered,2009-09-15,2010-09-14,2011-04-14,2011-11-21,"Buzz Media, Ltd. (until 2008-07-24)"
0001318641,"Statera Biopharma, Inc.",STAB,xbrl_cover:2022-11-14,,2834,delisted_or_deregistered,2008-03-21,2022-10-06,2022-11-14,2023-03-03,"Cytocom, Inc. (until 2021-08-17); CLEVELAND BIOLABS INC (until 2021-07-28)"
0001696396,Stealth BioTherapeutics Corp,MITO,xbrl_cover:2022-04-07,,2834,delisted_or_deregistered,2019-04-04,2022-04-07,2022-04-07,2022-11-28,
0001689066,Sunset Island Group,,,,2834,delisted_or_deregistered,2019-03-25,2019-03-25,2020-05-22,2021-06-16,
0001556263,"Syros Pharmaceuticals, Inc.",SYRS,xbrl_cover:2024-10-31,,2834,delisted_or_deregistered,2017-03-20,2024-03-27,2024-10-31,2025-03-27,"LS22, Inc. (until 2012-08-22)"
0000906338,TARO PHARMACEUTICAL INDUSTRIES LTD,TARO,xbrl_cover:2023-06-29,,2834,delisted_or_deregistered,2002-06-14,2023-06-29,2023-06-29,2024-07-05,
0001872812,TC BioPharm (Holdings) plc,TCBP|TCBPW,xbrl_cover:2024-05-15,,2836,delisted_or_deregistered,2022-05-13,2025-05-09,2025-05-09,2025-12-03,TC BioPharm (Holdings) Ltd (until 2021-12-23)
0001733413,"TFF Pharmaceuticals, Inc.",TFFP,xbrl_cover:2024-11-20,,2834,delisted_or_deregistered,2020-03-27,2024-03-28,2024-11-20,2025-03-07,
0001557796,"THAT MARKETING SOLUTION, INC.",,,,2834,delisted_or_deregistered,2013-11-14,2015-12-15,2016-01-22,2019-07-16,"VISTA HOLDING GROUP, CORP. (until 2014-08-26)"
0001362703,"THERALINK TECHNOLOGIES, INC.",,,,2834,delisted_or_deregistered,2009-05-22,2024-01-05,2024-02-20,2024-05-15,"OncBioMune Pharmaceuticals, Inc (until 2020-09-22); QUINT MEDIA INC. (until 2015-08-06); PediatRx Inc. (until 2013-08-06); Striker Energy Corp (until 2010-12-28)"
0001362718,"TIANYIN PHARMACEUTICAL CO., INC.",,,,2834,delisted_or_deregistered,2008-09-29,2014-12-09,2015-08-20,2019-07-17,"VISCORP, INC. (until 2008-03-04)"
0001489077,"TIBET PHARMACEUTICALS, INC.",,,,2834,delisted_or_deregistered,2011-03-30,2011-03-30,2011-11-14,2012-05-09,"Shangri-La Tibetan Pharmaceuticals, Inc. (until 2010-07-19)"
0001168556,TIENS BIOTECH GROUP USA INC,,,,2834,delisted_or_deregistered,2006-03-31,2011-03-31,2011-05-16,2011-08-16,STRATEGIKA INC (until 2003-12-15)
0001386608,TONGJITANG CHINESE MEDICINES CO,,,,2834,delisted_or_deregistered,2008-06-30,2010-06-30,2010-06-30,2011-04-21,
0001429560,TREVENA INC,TRVN,xbrl_cover:2024-11-07,,2834,delisted_or_deregistered,2014-03-20,2024-04-01,2024-11-07,2026-08-14,
0001722890,"Taiwan Liposome Company, Ltd.",TLC,xbrl_cover:2021-03-30,,2834,delisted_or_deregistered,2019-04-30,2021-03-30,2021-03-30,2022-03-08,
0001140028,"Talon Therapeutics, Inc.",,,,2834,delisted_or_deregistered,2006-03-16,2013-04-01,2013-05-15,2017-06-30,Hana Biosciences Inc (until 2010-11-15); EMAIL REAL ESTATE COM INC (until 2004-09-08)
0001420030,"Targeted Medical Pharma, Inc.",,,,2834,delisted_or_deregistered,2009-01-29,2016-04-14,2016-04-14,2019-05-17,"AFH Acquisition III, Inc. (until 2011-01-31)"
0001512717,Theratechnologies Inc.,THTX,xbrl_cover:2025-02-26,,2834,delisted_or_deregistered,2011-06-13,2025-02-26,2025-02-26,2025-11-28,
0001923840,"Third Harmonic Bio, Inc.",THRD,xbrl_cover:2025-05-08,,2834,delisted_or_deregistered,2023-03-29,2025-03-27,2025-05-08,2025-11-14,
0001394319,"Tracon Pharmaceuticals, Inc.",TCON,xbrl_cover:2024-08-13,,2836,delisted_or_deregistered,2015-03-11,2024-03-05,2024-08-13,2024-11-14,Tracon Pharmaceuticals Inc (until 2014-09-15)
0001159019,Tribute Pharmaceuticals Canada Inc.,,,,2834,delisted_or_deregistered,2009-04-10,2015-03-03,2016-01-29,2016-03-22,STELLAR PHARMACEUTICALS INC (until 2012-11-21); STELLAR INTERNATIONAL INC (until 2006-04-12)
0001298521,"Trubion Pharmaceuticals, Inc",,,,2834,delisted_or_deregistered,2007-03-26,2010-03-15,2010-08-16,2011-02-14,
0001463361,"Unity Biotechnology, Inc.",UBX,xbrl_cover:2025-04-22,,2834,delisted_or_deregistered,2019-03-06,2025-03-07,2025-04-22,2026-01-02,"Cenexys, Inc. (until 2013-07-15); Forge Inc (until 2009-05-05)"
0001205922,"VACCINEX, INC.",VCNX,edgar_current,OTC,2834,delisted_or_deregistered,2019-03-13,2025-04-15,2025-04-15,2025-04-15,VACCINEX INC (until 2005-05-09)
0000704159,VBI VACCINES INC.,,,,2836,delisted_or_deregistered,2006-03-29,2016-02-26,2016-03-09,2023-07-25,PAULSON CAPITAL (DELAWARE) CORP. (until 2014-07-29); PAULSON CAPITAL CORP (until 2014-03-21)
0001003929,"VIA Pharmaceuticals, Inc.",,,,2836,delisted_or_deregistered,2003-03-28,2011-03-24,2011-03-24,2011-03-25,CORAUTUS GENETICS INC (until 2007-06-20); GENSTAR THERAPEUTICS CORP (until 2002-12-19); UROGEN CORP (until 2000-02-14)
0001435717,"VIADERMA, INC.",,,,2834,delisted_or_deregistered,2009-04-09,2012-04-17,2012-08-20,2018-05-22,"DECOR PRODUCTS INTERNATIONAL, INC. (until 2014-03-21); D?COR PRODUCTS INTERNATIONAL, INC. (until 2009-08-14); MURALS BY MAURICE, INC. (until 2009-07-24)"
0001851657,"Vaxxinity, Inc.",VAXX,xbrl_cover:2024-04-29,,2834,delisted_or_deregistered,2022-03-24,2024-03-27,2024-04-29,2024-05-09,
0001468639,"Vicapsys Life Sciences, Inc.",,,,2834,delisted_or_deregistered,2010-05-24,2024-10-21,2025-01-10,2025-03-27,"SSGI, INC. (until 2016-11-07)"
0001796129,"Vincerx Pharma, Inc.",VINC,xbrl_cover:2025-03-27,,2834,delisted_or_deregistered,2020-09-23,2025-03-27,2025-05-15,2025-07-29,"Vincera Pharma, Inc. (until 2021-01-05); LifeSci Acquisition Corp. (until 2020-12-22)"
0001061027,"Viracta Therapeutics, Inc.",VIRX,xbrl_cover:2024-11-13,,2834,delisted_or_deregistered,2008-03-17,2024-03-07,2024-11-13,2025-07-10,SUNESIS PHARMACEUTICALS INC (until 2021-03-02)
0001708331,"Virpax Pharmaceuticals, Inc.",VRPX,xbrl_cover:2025-03-03,,2834,delisted_or_deregistered,2021-03-31,2025-03-03,2025-03-03,2025-07-21,
0001823857,Viveon Health Acquisition Corp.,VHAQ|VHAQW|VHAQR,xbrl_cover:2024-06-06,,2834,delisted_or_deregistered,2021-04-09,2023-08-24,2024-06-06,2025-03-14,
0001620602,Warner Chilcott Ltd,AGN,xbrl_cover:2020-05-07,,2834,delisted_or_deregistered,2015-02-18,2020-02-18,2020-05-07,2020-05-21,
0001516887,"Wellness Center USA, Inc.",,,,2834,delisted_or_deregistered,2011-12-13,2022-02-15,2022-08-15,2023-03-23,
0001302554,"Winston Pharmaceuticals, Inc.",,,,2834,delisted_or_deregistered,2006-12-19,2010-03-05,2010-05-13,2010-07-21,GETTING READY CORP (until 2008-11-12)
0001403132,WuXi PharmaTech (Cayman) Inc.,,,,2834,delisted_or_deregistered,2008-06-16,2015-04-15,2015-04-15,2017-08-31,
0001697805,"XYNOMIC PHARMACEUTICALS HOLDINGS, INC.",,,,2834,delisted_or_deregistered,2018-02-21,2020-06-01,2020-06-01,2020-07-06,Bison Capital Acquisition Corp. (until 2019-05-14); Bison Capital Acquisition Corp (until 2017-06-20)
0001540145,"Xstelos Holdings, Inc.",,,,2834,delisted_or_deregistered,2013-04-01,2013-04-01,2013-11-15,2014-03-05,
0001178347,YM BIOSCIENCES INC,,,,2834,delisted_or_deregistered,2004-11-15,2012-09-21,2012-09-21,2014-02-14,
0001674988,Zealand Pharma A/S,ZEAL,xbrl_cover:2022-03-25,,2834,delisted_or_deregistered,2018-03-13,2022-03-25,2022-03-25,2022-09-30,
0001371473,"Znomics, Inc.",,,,2834,delisted_or_deregistered,2009-03-31,2013-08-16,2013-10-30,2013-11-15,"Pacific Syndicated Resources, Inc. (until 2007-11-08)"
0001586105,Zyla Life Sciences,,,,2834,delisted_or_deregistered,2014-03-31,2020-03-26,2020-05-14,2021-01-29,Egalet Corp (until 2019-05-20)
0001828522,"eFFECTOR Therapeutics, Inc.",EFTR|EFTRW,xbrl_cover:2024-05-09,,2834,delisted_or_deregistered,2021-03-29,2024-03-26,2024-05-09,2024-08-01,Locust Walk Acquisition Corp. (until 2021-08-25)
0001520512,il2m INTERNATIONAL CORP.,,,,2834,delisted_or_deregistered,2012-08-29,2014-09-15,2015-04-21,2025-03-12,"Dynamic Nutra Enterprises Holdings, Inc. (until 2013-12-09)"
0000904973,"rEVO Biologics, Inc.",,,,2836,delisted_or_deregistered,1997-03-31,2010-03-12,2010-10-28,2015-09-10,GTC BIOTHERAPEUTICS INC (until 2010-12-15); GENZYME TRANSGENICS CORP (until 2002-04-18)
0001310094,ACCENTIA BIOPHARMACEUTICALS INC,,,,2834,stopped_filing,2005-12-29,2012-12-26,2013-02-14,2016-01-15,
0001582249,"ACTAVIA LIFE SCIENCES, INC.",,,,2834,stopped_filing,2014-10-03,2024-01-05,2024-05-20,2024-08-15,Rasna Therapeutics Inc. (until 2023-08-14); Active With Me Inc. (until 2016-09-26)
0000786947,"ACURA PHARMACEUTICALS, INC",ACUR,xbrl_cover:2023-06-30,,2834,stopped_filing,2004-04-22,2023-06-30,2023-06-30,2026-08-26,HALSEY DRUG CO INC/NEW (until 2004-08-16)
0000896747,AMERICAN BIO MEDICA CORP,ABMC,xbrl_cover:2023-06-12,,2834,stopped_filing,1998-08-13,2023-03-21,2023-06-12,2025-07-03,
0001321502,"ANDAIN, INC.",,,,2834,stopped_filing,2010-12-30,2013-05-13,2013-11-19,2016-01-14,
0000872947,APPLIED NEUROSOLUTIONS INC,,,,2836,stopped_filing,1998-12-24,2010-03-24,2010-06-11,2016-02-10,HEMOXYMED INC (until 2004-02-13); OPHIDIAN PHARMACEUTICALS INC (until 2002-08-19)
0000737207,"Adhera Therapeutics, Inc.",,,,2834,stopped_filing,2005-03-08,2023-03-31,2023-11-20,2024-01-30,"Marina Biotech, Inc. (until 2018-10-09); MDRNA, Inc. (until 2010-07-21); NASTECH PHARMACEUTICAL CO INC (until 2008-06-09)"
0001322734,"Advanced Life Sciences Holdings, Inc.",,,,2836,stopped_filing,2006-03-15,2011-03-24,2011-03-24,2017-07-28,
0001529293,Altovida Inc.,,,,2834,stopped_filing,2012-10-29,2014-11-21,2014-12-12,2019-03-11,"REMMINGTON ENTERPRISES, INC. (until 2014-10-29)"
0001085596,"AngioGenex, Inc.",,,,2834,stopped_filing,2009-04-14,2019-03-28,2019-08-14,2023-03-10,ECLIC INC/NV (until 2006-01-05)
0001444570,Aptalis Pharma Inc,,,,2834,stopped_filing,2008-12-22,2011-12-20,2012-04-27,2012-05-11,Axcan Intermediate Holdings Inc. (until 2011-04-28)
0001566049,Arcturus Therapeutics Ltd.,,,,2834,stopped_filing,2014-03-28,2019-03-18,2019-05-13,2024-01-10,ALCOBRA LTD. (until 2017-11-13)
0001643301,"Avenir Wellness Solutions, Inc.",AVRW,xbrl_cover:2024-10-09,,2834,stopped_filing,2016-06-24,2024-05-17,2024-11-19,2025-05-23,Cure Pharmaceutical Holding Corp. (until 2022-11-21); Makkanotti Group Corp. (until 2016-11-15)
0001355736,Avricore Health Inc.,AVCRF,edgar_current,OTC,2834,stopped_filing,2008-03-11,2025-06-16,2025-06-16,2026-09-17,Vanc Pharmaceuticals Inc. (until 2018-10-05); NUVA Pharmaceuticals Inc. (until 2014-06-17); ALDA Pharmaceuticals Corp. (until 2013-10-29)
0001529938,Azur Pharma Public Ltd Co,,,,2834,stopped_filing,2012-02-28,2012-02-28,2012-04-27,2012-04-27,Azur Pharma Ltd (until 2011-10-19)
0001327238,BANGI INC.,,,,2834,stopped_filing,2009-05-21,2011-05-18,2016-12-05,2020-05-26,"COMPASS BIOTECHNOLOGIES INC. (until 2016-12-05); CYPLASIN BIOMEDICAL LTD. (until 2011-03-24); Glass Wave Enterprises, Inc. (until 2007-02-21)"
0001080908,"BIOPHARM ASIA, INC.",,,,2834,stopped_filing,2008-04-11,2010-05-12,2011-04-01,2013-06-04,DOMAIN REGISTRATION CORP (until 2009-08-28); DOMAIN REGISTRATION  CORP (until 2007-03-16); BAHAMAS ENTERPRISES INC (until 2001-10-11)
0001715611,BODY & MIND INC.,,,,2834,stopped_filing,2018-11-14,2023-11-14,2024-06-20,2026-09-04,DEPLOY TECHNOLOGIES INC (until 2017-08-29)
0001352482,"Beijing Century Health Medical, Inc.",,,,2834,stopped_filing,2009-02-27,2011-02-18,2011-04-13,2013-03-05,"Super Luck, Inc. (until 2010-04-26)"
0000705868,"Benda Pharmaceutical, Inc.",,,,2834,stopped_filing,1997-09-18,2010-05-18,2010-11-22,2013-06-27,APPLIED SPECTRUM TECHNOLOGIES INC (until 2007-03-01)
0001443242,"Bohai Pharmaceuticals Group, Inc.",,,,2834,stopped_filing,2009-06-30,2014-10-14,2014-11-25,2019-05-10,Link Resources Inc. (until 2010-01-28)
0001024626,"CANNABIS SCIENCE, INC.",,,,2834,stopped_filing,2009-04-15,2017-04-17,2019-04-15,2019-10-25,"GULF ONSHORE, INC. (until 2009-05-15); Brighton Oil & Gas, Inc. (until 2008-05-15); NATIONAL HEALTHCARE TECHNOLOGY INC (until 2007-09-27)"
0001325279,CELLCYTE GENETICS CORP,,,,2834,stopped_filing,2009-05-18,2014-04-15,2014-11-19,2019-07-01,Shepard Inc. (until 2007-02-22)
0001173784,"CHINA HEALTH RESOURCE, INC.",,,,2834,stopped_filing,2009-04-14,2013-04-30,2013-12-30,2019-06-20,VOICE DIARY INC (until 2007-06-21)
0001354071,"CHINA PEDIATRIC PHARMACEUTICALS, INC.",,,,2834,stopped_filing,2009-08-31,2014-04-15,2014-05-20,2019-07-01,"Lid Hair Studios International, Inc. (until 2009-10-07)"
0001750384,"CareClix Holdings, Inc.",,,,2834,stopped_filing,2019-04-11,2021-02-16,2021-02-16,2022-04-20,"SOLEI SYSTEMS, INC. (until 2020-11-18)"
0001416083,"Catalent Pharma Solutions, Inc.",,,,2834,stopped_filing,2008-09-29,2013-09-10,2014-04-23,2014-08-05,
0001309057,"China Health Industries Holdings, Inc.",,,,2834,stopped_filing,2009-10-27,2023-11-13,2024-06-26,2025-02-14,UNIVERSAL FOG INC (until 2009-02-13); EDMONDS 6 INC. (until 2005-06-14)
0001017699,"China Kangtai Cactus Bio-tech, Inc.",,,,2834,stopped_filing,2009-04-15,2011-03-31,2012-07-23,2014-08-01,China Kangtai Cactus Bio-Tech Inc. (until 2006-06-22); INVESTNET INC (until 2005-08-22)
0001341808,China Pharmaceuticals Inc,,,,2834,stopped_filing,2009-06-22,2012-05-07,2012-08-27,2015-05-13,ALLSTAR RESTAURANTS (until 2010-03-31)
0001435530,"China Polypeptide Group, Inc.",,,,2834,stopped_filing,2009-03-24,2011-01-13,2011-08-22,2013-04-02,"Hamptons Extreme, Inc. (until 2010-01-13)"
0000019002,"Cybrdi, Inc.",,,,2836,stopped_filing,1996-01-26,2014-04-15,2014-11-19,2020-04-03,CERTRON CORP (until 2005-03-17)
0001036968,"Diadexus, Inc.",,,,2834,stopped_filing,2000-03-30,2016-03-29,2016-04-29,2020-12-08,VAXGEN INC (until 2010-10-12)
0001071272,EASTON PHARMACEUTICALS INC.,,,,2834,stopped_filing,2021-12-22,2021-12-22,2021-12-30,2021-12-30,LAM PHARMACEUTICAL CORP (until 2013-10-24); LAM PHARMICEUTICAL CORP (until 2000-05-17)
0001449447,"ENTEST GROUP, INC.",,,,2834,stopped_filing,2009-11-17,2019-12-20,2020-01-21,2020-01-21,"ENTEST BIOMEDICAL, INC. (until 2018-01-31); JB Clothing Corp (until 2009-10-23)"
0001483731,"Enterologics, Inc.",,,,2834,stopped_filing,2011-03-23,2013-03-29,2013-11-26,2015-09-01,
0001432254,"FIRST CHINA PHARMACEUTICAL GROUP, INC.",,,,2834,stopped_filing,2009-07-13,2011-07-14,2012-11-19,2015-06-03,E DISPATCH INC (until 2010-05-11)
0001273988,FUTUREWORLD CORP.,,,,2834,stopped_filing,2010-07-07,2016-07-14,2017-04-05,2022-02-15,"FUTUREWORLD ENERGY, INC.. (until 2014-07-17); Futureworld Energy, Inc. (until 2010-06-07); HATHAWAY CORP (until 2009-04-09)"
0000890725,GELSTAT CORP,,,,2834,stopped_filing,2012-10-05,2012-10-22,2012-11-21,2026-05-11,DEVELOPED TECHNOLOGY RESOURCE INC (until 2003-07-15)
0001059784,GENEREX BIOTECHNOLOGY CORP,,,,2834,stopped_filing,1999-10-28,2020-11-13,2021-06-21,2023-10-10,
0001017110,GENETHERA INC,,,,2836,stopped_filing,2003-05-19,2022-04-14,2023-02-01,2025-03-11,HAND BRAND DISTRIBUTION INC (until 2003-11-21)
0000880643,GENTA INC DE/,,,,2836,stopped_filing,1998-04-15,2012-03-28,2012-05-14,2014-11-24,GENTA INCORPORATED /DE/ (until 2002-10-09)
0001096294,GFR PHARMACEUTICALS INC,,,,2834,stopped_filing,2009-04-30,2013-03-29,2013-05-14,2016-08-26,LAREDO INVESTMENT CORP (until 2004-08-09)
0001522724,GLOBAL GREEN INC.,,,,2834,stopped_filing,2012-03-30,2015-04-15,2015-11-05,2015-12-31,
0000772320,"Gene Biotherapeutics, Inc.",,,,2836,stopped_filing,1997-01-13,2022-03-30,2022-04-14,2024-10-15,"Taxus Cardium Pharmaceuticals Group Inc. (until 2018-09-13); Cardium Therapeutics, Inc. (until 2014-03-04); ARIES VENTURES INC (until 2006-01-06); CASMYN CORP (until 2000-05-09)"
0001364587,Genova Biotherapeutics Inc.,,,,2834,stopped_filing,2009-04-13,2010-10-07,2010-10-07,2014-10-10,"Kinder Travel, Inc. (until 2009-07-01)"
0001164964,Global Future City Holding Inc.,,,,2834,stopped_filing,2003-03-31,2017-04-17,2017-05-22,2020-02-14,"FITT HIGHWAY PRODUCTS, INC. (until 2014-10-21); Whos Your Daddy Inc (until 2010-07-21); SNOCONE SYSTEMS INC (until 2005-06-28)"
0001301348,"HEMOBIOTECH, INC.",,,,2836,stopped_filing,2008-03-28,2010-05-27,2010-05-27,2013-12-06,HEMOBIOTECH INC (until 2007-01-22)
0001653629,HypGen Inc,,,,2834,stopped_filing,2016-09-08,2018-10-03,2018-10-03,2021-06-28,MEGA BRIDGE INC. (until 2017-07-12); Asset Solutions Inc (until 2017-01-31)
0001662907,"IASO BioMed, Inc.",,,,2834,stopped_filing,2018-04-16,2019-04-24,2019-11-19,2019-11-19,
0001375623,IMMUNOSYN CORP,,,,2836,stopped_filing,2009-03-16,2010-04-16,2010-11-19,2015-07-10,
0000072170,INERGETICS INC,,,,2834,stopped_filing,1996-11-13,2015-04-15,2015-08-19,2019-03-20,MILLENNIUM BIOTECHNOLOGIES GROUP INC (until 2010-05-14); REGENT GROUP INC /DE (until 2002-05-15); NMC CORP (until 1998-03-03)
0000793043,IR BIOSCIENCES HOLDINGS INC,,,,2834,stopped_filing,2009-03-31,2011-05-24,2011-05-24,2011-09-14,GPN NETWORK INC (until 2003-08-29); GOPUBLICNOW COM INC (until 2002-01-23); DERMARX CORP (until 2000-01-18)
0001603469,Innocoll AG,,,,2834,stopped_filing,2015-03-19,2015-03-19,2015-03-19,2019-03-28,Innocoll GmbH (until 2014-07-03)
0001355250,Innovation Pharmaceuticals Inc.,,,,2834,stopped_filing,2009-10-08,2023-09-28,2023-11-20,2024-02-01,"Cellceutix CORP (until 2017-05-09); EconoShare, Inc. (until 2008-05-15)"
0001629205,Innovation1 Biotech Inc.,,,,2834,stopped_filing,2016-12-06,2024-01-17,2025-05-06,2025-05-06,"GridIron BioNutrients, Inc. (until 2022-03-10); My Cloudz, Inc. (until 2018-02-02)"
0001337905,"Intellect Neurosciences, Inc.",,,,2834,stopped_filing,2009-10-13,2015-10-14,2016-05-09,2018-11-30,"GlobePan Resources, Inc. (until 2006-11-15)"
0001125280,"Intellicell Biosciences, Inc.",,,,2836,stopped_filing,2010-12-17,2014-05-12,2014-11-19,2017-10-04,"Media Exchange Group, Inc. (until 2011-06-27); CHINA WIRELESS COMMUNICATIONS INC (until 2010-12-17); I TRACK INC (until 2003-03-18)"
0001474835,Intellipharmaceutics International Inc.,,,,2834,stopped_filing,2010-06-01,2023-06-14,2023-06-14,2024-06-14,
0001440048,"LIFEHEALTHCARE, INC.",,,,2834,stopped_filing,2009-01-13,2010-01-14,2010-08-13,2021-06-16,
0001559057,"Live Brands, Inc.",,,,2834,stopped_filing,2013-04-15,2013-04-15,2014-02-18,2018-10-23,Harrogate Acquisition Corp (until 2013-05-07)
0001567098,Luckwel Pharmaceuticals Inc.,,,,2834,stopped_filing,2015-06-01,2021-09-09,2021-09-09,2021-10-01,Luckycom Pharmaceuticals Inc. (until 2018-03-19); LUCKYCOM INC (until 2017-04-03)
0001081369,"Metabolic Research, Inc.",,,,2834,stopped_filing,2008-04-16,2010-10-12,2010-12-17,2014-12-18,DATASTAND TECHNOLOGIES INC (until 2007-02-23); DIMGROUP COM INC (until 2001-02-12); MAS ACQUISITION VII CORP (until 1999-07-21)
0001854078,MindMaze Therapeutics Holding SA,MMTZF|RLFTY|RLFTF,edgar_current,|OTC|OTC,2834,stopped_filing,2023-05-12,2024-04-30,2024-04-30,2026-04-16,Relief Therapeutics Holding SA (until 2025-03-27); Relief Therapeutics Holding AG (until 2021-03-30)
0001473579,NANOMIX Corp,NNMX,xbrl_cover:2022-11-14,,2834,stopped_filing,2011-04-01,2023-04-07,2023-04-07,2025-04-09,"Boston Therapeutics, Inc. (until 2021-11-05); AVANYX Therapeutics, Inc. (until 2010-11-23)"
0001615999,"NEUROPATHIX, INC.",,,,2834,stopped_filing,2017-03-30,2022-04-15,2022-05-23,2025-11-17,Kannalife Inc (until 2020-11-06); TYG Solutions Corp. (until 2018-10-05); TYG Solutions Inc. (until 2014-08-21)
0001424151,NEXUS BIOPHARMA INC,,,,2834,stopped_filing,2009-02-04,2017-07-05,2017-10-27,2021-06-28,"Plata Resources, Inc. (until 2016-05-18)"
0001804585,"NUGENEREX IMMUNO-ONCOLOGY, INC.",,,,2834,stopped_filing,2020-10-29,2020-10-29,2021-06-14,2025-02-28,
0001389870,"OMNI BIO PHARMACEUTICAL, INC.",,,,2836,stopped_filing,2009-03-30,2014-06-16,2015-02-17,2020-08-19,"Across America Financial Services, Inc. (until 2009-06-05)"
0001584137,"Oncolix, Inc.",,,,2834,stopped_filing,2015-03-26,2018-03-14,2018-11-19,2021-07-06,Advanced Environmental Petroleum Producers Inc. (until 2017-10-02); Electric Vehicle Research Corp (until 2015-11-16)
0000878088,"PAR PHARMACEUTICAL COMPANIES, INC.",,,,2834,stopped_filing,1994-12-29,2015-03-13,2015-08-06,2015-09-21,PHARMACEUTICAL RESOURCES INC (until 2004-05-14)
0000745543,"PETRO USA, INC.",,,,2834,stopped_filing,1996-12-31,2023-10-13,2024-02-27,2025-06-02,"All State Properties Holdings, Inc. (until 2020-12-01); Colosseum Holdings, Inc. (until 2009-09-01); ALL STATE PROPERTIES LP (until 2008-09-29)"
0001317880,"Plandai Biotechnology, Inc.",,,,2834,stopped_filing,2009-07-06,2023-03-16,2023-03-20,2023-03-20,"Diamond Ranch Foods, Ltd., NEW (until 2012-01-09)"
0001504239,"Point of Care Nano-Technology, Inc.",,,,2836,stopped_filing,2011-11-10,2024-10-29,2024-12-23,2025-05-23,"Alternative Energy & Environmental Solutions, Inc. (until 2015-03-23)"
0001409565,Puramed Bioscience Inc.,,,,2834,stopped_filing,2008-09-05,2014-10-14,2014-11-19,2019-04-05,
0001364326,"Pure Minerals, Inc.",,,,2834,stopped_filing,2010-01-05,2011-01-25,2011-03-14,2015-09-24,Pure Pharmaceuticals CORP (until 2010-12-30); Pure Pharmaceutical CORP (until 2007-10-10)
0001596062,Q BioMed Inc.,QBIO,xbrl_cover:2023-06-23,,2834,stopped_filing,2015-02-27,2023-05-26,2023-06-23,2026-04-02,"ISMO Tech Solutions, Inc. (until 2015-07-15)"
0001366541,"Q Therapeutics, Inc.",,,,2834,stopped_filing,2008-09-09,2015-03-31,2015-11-13,2019-08-30,"Q Holdings, Inc. (until 2012-12-18); Grace 2, Inc. (until 2011-12-02)"
0000838879,RADIENT PHARMACEUTICALS Corp,,,,2834,stopped_filing,2008-03-31,2012-06-29,2012-07-09,2014-07-03,AMDL INC (until 2009-09-18)
0001205059,REPLICEL LIFE SCIENCES INC.,,,,2836,stopped_filing,2003-06-27,2023-05-02,2023-05-02,2024-12-16,NEWCASTLE RESOURCES LTD. (until 2011-06-13); PAN AMERICAN GOLD CORP (until 2008-11-28); TRI LATERAL VENTURE CORP (until 2004-05-10)
0001421204,"Rebus Holdings, Inc.",,,,2834,stopped_filing,2009-03-30,2023-03-31,2023-08-21,2023-08-21,"Inspyr Therapeutics, Inc. (until 2021-10-12); GENSPERA INC (until 2016-07-25)"
0001221749,"RegenoCELL Therapeutics, Inc.",,,,2834,stopped_filing,2009-03-31,2012-05-25,2012-05-25,2015-09-10,GOOD BUDDYS COFFEE EXPRESS INC (until 2008-09-08)
0000849636,RespireRx Pharmaceuticals Inc.,,,,2834,stopped_filing,2002-10-15,2023-04-17,2023-11-17,2025-11-14,CORTEX PHARMACEUTICALS INC/DE/ (until 2015-11-13)
0001504389,"Rich Pharmaceuticals, Inc.",,,,2834,stopped_filing,2012-07-11,2018-07-17,2018-07-17,2021-10-29,Nepia Inc. (until 2013-08-19)
0001104280,SANGUI BIOTECH INTERNATIONAL INC,,,,2834,stopped_filing,2010-12-03,2022-09-28,2023-05-12,2025-07-03,FELNAM INVESTMENTS INC (until 2000-01-28)
0001731911,SKYE LIFE VENTURES LTD.,,,,2834,stopped_filing,2019-04-16,2019-04-16,2019-11-14,2022-05-02,"EPHS HOLDINGS, INC. (until 2019-11-12)"
0000847464,"SPRING PHARMACEUTICAL GROUP, INC.",,,,2834,stopped_filing,2008-06-27,2018-06-29,2019-02-14,2020-09-25,"China YCT International Group, Inc. (until 2018-09-10); itLinkz Group, Inc. (until 2007-11-27); MEDICAL TECHNOLOGY & INNOVATIONS INC /FL/ (until 2007-03-30)"
0000806592,"SUNWIN STEVIA INTERNATIONAL, INC.",,,,2834,stopped_filing,2008-07-29,2022-08-10,2023-01-11,2025-04-23,"SUNWIN INTERNATIONAL NEUTRACEUTICALS, INC. (until 2012-05-14); NETWORK USA INC (until 2004-09-21)"
0001818674,SYBLEU Inc,,,,2834,stopped_filing,2021-09-24,2023-08-04,2024-01-23,2024-05-23,
0000912086,SYMBOLLON CORP,,,,2836,stopped_filing,2009-03-30,2011-04-15,2011-05-16,2014-08-26,
0001388486,Spotlight Innovation Inc.,,,,2834,stopped_filing,2009-04-15,2018-04-17,2018-08-22,2021-06-30,"Spotlight Innovation, Inc. (until 2016-12-28); American Exploration Corp (until 2013-11-19); MINHAS ENERGY CONSULTANTS, INC. (until 2008-07-30)"
0000708717,"TAMIR BIOTECHNOLOGY, INC.",,,,2836,stopped_filing,1997-10-29,2013-04-25,2013-06-11,2018-01-25,"Tamir Biotechnology, Inc. (until 2016-12-30); ALFACELL CORP (until 2010-04-30)"
0001405286,"TheraBiogen, Inc.",,,,2834,stopped_filing,2009-06-10,2012-07-16,2012-07-23,2016-04-21,Kushi Resources Inc (until 2009-11-30)
0001052284,"Tongli Pharmaceuticals (USA), Inc.",,,,2834,stopped_filing,2009-07-15,2013-06-28,2014-02-14,2021-01-07,"American Tony Pharmaceuticals, Inc. (until 2008-10-30); AIM SMART CORP (until 2008-09-03)"
0001453001,VACCINOGEN INC,,,,2834,stopped_filing,2014-03-28,2015-04-15,2015-11-16,2019-04-26,
0000932352,"Vaneltix Pharma, Inc.",,,,2834,stopped_filing,1998-09-28,2012-08-10,2012-08-10,2024-01-24,"Urigen Pharmaceuticals, Inc. (until 2020-11-20); VALENTIS INC (until 2007-07-31); MEGABIOS CORP (until 1999-02-24)"
0001139950,"Vyteris, Inc.",,,,2834,stopped_filing,2009-03-17,2011-04-15,2011-05-19,2014-04-23,"Vyteris Holdings (Nevada), Inc. (until 2010-02-16); TREASURE MOUNTAIN HOLDINGS INC (until 2005-05-02)"
0001384356,"Xenacare Holdings, Inc.",,,,2836,stopped_filing,2009-04-15,2011-04-15,2011-05-23,2014-08-07,
0001718644,"Zander Therapeutics, Inc",,,,2834,stopped_filing,2018-09-26,2019-08-30,2019-10-25,2020-01-22,
