ticker,date,direction,spike_ratio,contracts,whale_premium,one_sided,news_status,news_articles,trade,largest_print_symbol,largest_print_side,largest_print_premium
BMRN,2024-01-05,-1,3.0488081725312144,2379,55000.0,1.0,uncovered,0.0,True,BMRN240119C00100000,sold,55000.0
BHC,2024-01-05,-1,7.176608187134503,20354,127000.0,1.0,uncovered,0.0,True,BHC240209C00008500,sold,70000.0
CRNX,2024-01-05,-1,21.320388349514563,1116,194805.0,1.0,uncovered,0.0,True,CRNX240119P00035000,bought,194805.0
AVDL,2024-01-08,1,15.571090047393366,8359,152000.0,1.0,uncovered,0.0,True,AVDL240119C00012500,bought,76000.0
FOLD,2024-01-08,-1,191.2037037037037,10364,975435.0,0.8128065939811469,uncovered,0.0,True,FOLD240119C00012000,sold,209790.0
CYTK,2024-01-09,1,4.961194029850747,159833,86344229.0,0.6616685870227644,uncovered,0.0,True,CYTK240119C00050000,sold,16590000.0
AVDL,2024-01-10,-1,4.767699115044247,3281,238630.0,0.7186858316221766,uncovered,0.0,True,AVDL240119C00012500,sold,98000.0
SAGE,2024-01-11,-1,17.91946308724832,3065,1693644.0,0.6987218093058518,uncovered,0.0,True,SAGE240216C00017500,sold,789048.0
LLY,2024-01-11,1,11.983164983164984,43916,8477320.0,0.6722343853953844,uncovered,0.0,True,LLY240119C00460000,bought,475443.0
KURA,2024-01-12,1,315.11764705882354,10511,1132040.0,0.8791208791208791,uncovered,0.0,True,KURA240216C00017500,bought,995200.0
CYTK,2024-01-16,1,4.783564814814815,84192,7456178.0,0.6822852136845445,uncovered,0.0,True,CYTK240119C00100000,bought,1376440.0
BMRN,2024-01-18,-1,10.085987261146498,3331,987500.0,1.0,uncovered,0.0,True,BMRN240216P00095000,bought,575000.0
AXSM,2024-01-18,-1,12.989473684210529,2587,296206.0,1.0,uncovered,0.0,True,AXSM240315C00100000,sold,235750.0
VKTX,2024-01-19,-1,5.161120840630473,15950,561496.0,0.7689386923504352,uncovered,0.0,True,VKTX240419P00016000,bought,221556.00000000003
BPMC,2024-01-19,-1,37.88059701492537,2461,1270780.0,0.6804482286469727,uncovered,0.0,True,BPMC240119C00065000,sold,808300.0
CRNX,2024-01-19,1,28.785714285714285,2101,80631.0,1.0,uncovered,0.0,True,CRNX240216P00035000,sold,80631.0
PTCT,2024-01-25,-1,214.57142857142856,12079,3746500.0,0.8464566929133859,uncovered,0.0,True,PTCT240315P00027000,bought,1858500.0
DYN,2024-01-25,1,9.988888888888887,1823,51840.0,1.0,uncovered,0.0,True,DYN240216C00015000,bought,51840.0
FDMT,2024-01-26,-1,425.4,9409,1160000.0,0.8793103448275862,uncovered,0.0,True,FDMT240216P00017500,bought,640000.0
GSK,2024-02-01,-1,13.255972696245731,10595,131580.0,1.0,uncovered,0.0,True,GSK240202C00039500,sold,131580.0
ALT,2024-02-06,1,5.385321100917431,17695,202840.0,0.7426543088148294,uncovered,0.0,True,ALT250117C00013000,bought,78400.0
CTLT,2024-02-08,-1,15.296160877513712,15870,337260.0,1.0,uncovered,0.0,True,CTLT240315C00060000,sold,136140.0
OLMA,2024-02-09,1,85.52173913043478,4006,932250.0,0.7353177795655672,uncovered,0.0,True,OLMA240216C00012500,bought,461700.0
TEVA,2024-02-09,-1,3.601846508944028,12610,88970.0,1.0,uncovered,0.0,True,TEVA250117C00010000,sold,88970.0
BMRN,2024-02-12,1,15.13841368584759,5742,467590.0,1.0,uncovered,0.0,True,BMRN240315P00080000,sold,275310.0
CYRX,2024-02-13,1,334.6,3350,412500.0,1.0,uncovered,0.0,True,CYRX240315P00015000,sold,412500.0
BHC,2024-02-14,1,42.862032085561495,21900,900000.0,1.0,uncovered,0.0,True,BHC240216C00008000,bought,774000.0
AUPH,2024-02-14,-1,5.741522029372496,15832,233000.0,1.0,uncovered,0.0,True,AUPH250117P00012000,bought,100000.0
MRNA,2024-02-14,1,3.3685078318219293,37099,21783812.0,0.7854637654786958,uncovered,0.0,True,MRNA250117P00190000,sold,5504580.0
NVS,2024-02-15,1,4.49438202247191,3978,2836400.0,0.6769143985333521,uncovered,0.0,True,NVS240216P00115000,sold,1147500.0
VTRS,2024-02-15,1,6.75517890772128,10474,178640.0,1.0,uncovered,0.0,True,VTRS240315C00010000,bought,90915.0
ITCI,2024-02-16,1,16.274111675126903,3364,760000.0,1.0,uncovered,0.0,True,ITCI240419C00085000,bought,505000.0
ZTS,2024-02-16,1,10.242622950819673,2474,128990.0,1.0,uncovered,0.0,True,ZTS240315C00190000,bought,74000.0
SNY,2024-02-16,-1,55.54838709677419,1778,151360.0,1.0,uncovered,0.0,True,SNY240419C00047500,sold,151360.0
RXRX,2024-02-16,-1,8.057282145033517,23815,179680.0,0.666073018699911,uncovered,0.0,True,RXRX260116C00015000,sold,63000.0
ITCI,2024-02-20,1,12.923857868020304,3001,424083.0,1.0,uncovered,0.0,True,ITCI240419C00085000,bought,273129.0
AMGN,2024-02-20,1,5.055821371610845,16069,12852780.0,0.9503002463280318,uncovered,0.0,True,AMGN240315P00360000,sold,5842500.000000001
RNA,2024-02-21,-1,143.06849315068493,10943,789280.0,1.0,uncovered,0.0,True,RNA240315C00015000,sold,789280.0
ITCI,2024-02-22,-1,20.69035532994924,6477,193878.0,1.0,uncovered,0.0,True,ITCI240621P00060000,bought,84830.0
BMRN,2024-02-22,1,5.343151693667157,3917,131250.0,1.0,uncovered,0.0,True,BMRN240315C00090000,mid,305625.0
BMY,2024-02-26,-1,3.8270893371757926,22289,713700.0,1.0,uncovered,0.0,True,BMY240315P00060000,bought,276000.0
TGTX,2024-02-27,1,8.26984126984127,13848,55919.99999999999,1.0,uncovered,0.0,True,TGTX240315C00015000,bought,55919.99999999999
EOLS,2024-02-27,1,146.1159420289855,5042,524895.0,1.0,uncovered,0.0,True,EOLS240419P00015000,sold,524895.0
DNLI,2024-02-27,-1,32.27272727272727,2821,51612.0,1.0,uncovered,0.0,True,DNLI240315C00017500,sold,51612.0
ARWR,2024-02-28,1,8.303769401330378,4433,50000.0,1.0,uncovered,0.0,True,ARWR240419C00035000,bought,50000.0
IRWD,2024-02-29,-1,79.55775577557756,28236,499084.0,0.7513765217879155,uncovered,0.0,True,IRWD240517C00010000,sold,375000.0
VERA,2024-02-29,-1,6.308641975308642,1589,255000.0,1.0,uncovered,0.0,True,VERA240315P00045000,bought,180000.0
ARWR,2024-02-29,1,14.180710659898477,7756,260300.0,0.7118709181713407,uncovered,0.0,True,ARWR240315C00040000,bought,185300.0
IRON,2024-03-01,-1,24.86868686868687,2402,837600.0,0.8541666666666666,uncovered,0.0,True,IRON240419P00065000,bought,715450.0
SLNO,2024-03-01,1,38.31746031746032,1208,552000.0,0.9021739130434783,uncovered,0.0,True,SLNO240419P00050000,sold,498000.0
AVDL,2024-03-01,1,13.387788778877889,12287,169467.0,1.0,uncovered,0.0,True,AVDL240315C00012500,bought,88842.0
ROIV,2024-03-04,1,3.789203084832905,2318,304000.0,1.0,uncovered,0.0,True,ROIV240315C00010000,bought,304000.0
ARQT,2024-03-04,1,4.076225045372051,2747,82390.00000000001,1.0,uncovered,0.0,True,ARQT240419P00010000,sold,82390.00000000001
PRGO,2024-03-06,1,6.368421052631579,44884,2427950.0,0.8764389711484998,uncovered,0.0,True,PRGO240517C00030000,bought,2127950.0
ACAD,2024-03-06,1,3.1380281690140843,5327,320000.0,1.0,uncovered,0.0,True,ACAD240419C00025000,bought,320000.0
PRGO,2024-03-07,1,3.5698234349919744,8349,143530.0,1.0,uncovered,0.0,True,PRGO250117C00030000,bought,93480.0
BHVN,2024-03-08,1,5.3164556962025316,2456,880000.0,0.7159090909090909,uncovered,0.0,True,BHVN240419C00065000,bought,630000.0
ATXS,2024-03-08,1,25.45945945945946,1531,60000.0,1.0,uncovered,0.0,True,ATXS240315P00010000,sold,60000.0
PFE,2024-03-11,-1,9.540790879943,299306,11276798.0,0.6533633926935642,uncovered,0.0,True,PFE240621P00029000,bought,1400000.0
ORIC,2024-03-12,-1,71.64285714285714,1028,210000.0,1.0,uncovered,0.0,True,ORIC240315C00012500,sold,110000.0
RARE,2024-03-12,1,33.96875,2199,368374.0,1.0,uncovered,0.0,True,RARE240419C00055000,bought,267680.0
ARVN,2024-03-12,1,33.39325842696629,2149,76154.0,1.0,uncovered,0.0,True,ARVN240315P00045000,sold,76154.0
BMY,2024-03-13,1,11.629522431259044,42019,1695995.0,0.8806777142621293,uncovered,0.0,True,BMY250117C00055000,bought,551250.0
IMVT,2024-03-14,1,299.8,8263,395000.0,0.8481012658227848,uncovered,0.0,True,IMVT240419C00035000,bought,165000.00000000003
BHVN,2024-03-14,1,4.434137291280148,1806,234240.0,1.0,uncovered,0.0,True,BHVN240419C00060000,bought,159620.0
ARWR,2024-03-14,1,10.244220509780677,9431,940000.0,0.851063829787234,uncovered,0.0,True,ARWR240419C00030000,bought,800000.0
BMY,2024-03-14,1,3.756874095513748,25035,238770.0,0.7794949114210328,uncovered,0.0,True,BMY260116C00040000,bought,84600.0
ARDX,2024-03-15,-1,4.11554800339847,8382,51935.0,1.0,uncovered,0.0,True,ARDX250117C00002000,sold,51935.0
ARQT,2024-03-15,-1,12.203508771929824,9637,568860.0,0.9,uncovered,0.0,True,ARQT240419P00010000,bought,287424.0
IBRX,2024-03-18,-1,4.170656844689994,11592,1190000.0,1.0,uncovered,0.0,True,IBRX240419P00007500,bought,600000.0
QGEN,2024-03-20,-1,35.74757281553398,1887,162000.0,1.0,uncovered,0.0,True,QGEN240419P00045000,bought,102000.0
NKTX,2024-03-20,1,49.71098265895954,4314,682150.0,0.7696254489481785,uncovered,0.0,True,NKTX240419C00012500,bought,525000.0
ZTS,2024-03-20,1,3.697478991596639,2719,135642.0,1.0,uncovered,0.0,True,ZTS240419P00165000,sold,69930.0
FATE,2024-03-20,-1,16.06711409395973,1210,70000.0,1.0,uncovered,0.0,True,FATE240419C00007500,sold,70000.0
ABBV,2024-03-20,-1,3.846774193548387,17784,378690.0,0.7162850880667565,uncovered,0.0,True,ABBV250117C00145000,sold,183999.99999999997
GSK,2024-03-21,-1,36.30252100840336,5126,174019.99999999997,1.0,uncovered,0.0,True,GSK240419C00043000,sold,174019.99999999997
RGEN,2024-03-25,-1,169.33333333333334,2074,749300.0,1.0,uncovered,0.0,True,RGEN240517C00210000,sold,693440.0
IBRX,2024-03-25,1,3.683905483727151,14281,506920.00000000006,0.8157894736842105,uncovered,0.0,True,IBRX240517C00005500,bought,413540.00000000006
BHC,2024-03-27,1,43.236111111111114,77509,2339634.0,0.7286438819063152,uncovered,0.0,True,BHC240621C00010000,bought,1012500.0
LEGN,2024-04-01,-1,4.946466809421842,2270,549450.0,0.6996996996996997,uncovered,0.0,True,LEGN240621C00055000,sold,384450.0
CABA,2024-04-01,-1,42.654205607476634,2732,426680.0,1.0,uncovered,0.0,True,CABA240419P00017500,bought,222810.0
AUPH,2024-04-01,-1,7.977777777777778,3486,72500.0,1.0,uncovered,0.0,True,AUPH250117C00005000,sold,72500.0
GRFS,2024-04-02,1,7.894366197183099,8686,57600.0,1.0,uncovered,0.0,True,GRFS240517C00009000,bought,57600.0
APLT,2024-04-04,-1,42.08360128617363,6685,80000.0,1.0,uncovered,0.0,True,APLT240419P00005000,bought,80000.0
SAGE,2024-04-05,1,9.472118959107808,2542,65514.0,1.0,uncovered,0.0,True,SAGE240517C00017500,bought,65514.0
BHVN,2024-04-05,-1,7.576219512195122,2530,767500.0,0.7980456026058632,uncovered,0.0,True,BHVN240517C00060000,sold,562500.0
LQDA,2024-04-12,-1,9.31186440677966,6756,214800.0,1.0,uncovered,0.0,True,LQDA250117C00015000,sold,142800.0
GERN,2024-04-12,1,4.47,14083,69000.0,1.0,uncovered,0.0,True,GERN240621C00003000,bought,69000.0
ABBV,2024-04-12,1,5.011588275391956,62965,9208155.0,0.6826535826123692,uncovered,0.0,True,ABBV240517C00165000,bought,1998000.0
NVS,2024-04-15,1,14.39344262295082,3543,429850.0,1.0,uncovered,0.0,True,NVS240419P00115000,sold,164800.0
AVDL,2024-04-15,1,8.540469973890339,8477,367590.0,0.8626458826409859,uncovered,0.0,True,AVDL250117C00017500,bought,87500.0
HALO,2024-04-15,-1,29.77777777777778,1691,137470.99999999997,1.0,uncovered,0.0,True,HALO240517C00040000,sold,137470.99999999997
NVS,2024-04-16,1,17.34234234234234,6558,1049800.0,0.7058487330920176,uncovered,0.0,True,NVS240517C00092500,bought,512000.0
VTRS,2024-04-16,-1,4.149134487350199,2168,140700.0,1.0,uncovered,0.0,True,VTRS240517P00012000,bought,73500.0
GILD,2024-04-16,-1,9.32939787485242,14897,4621904.0,0.8040850697028757,uncovered,0.0,True,GILD240517P00077500,bought,1717000.0
ACLX,2024-04-16,-1,200.8,2009,1050000.0,1.0,uncovered,0.0,True,ACLX240419P00060000,bought,1050000.0
LQDA,2024-04-18,1,3.8313998453209592,5435,121440.0,1.0,uncovered,0.0,True,LQDA250117C00015000,bought,64440.0
NVS,2024-04-19,1,27.958333333333332,10020,419160.0,0.8282278843401087,uncovered,0.0,True,NVS240517C00090000,bought,143750.0
CYTK,2024-04-23,-1,123.42857142857144,9150,2015079.9999999998,0.8213470432935664,uncovered,0.0,True,CYTK240517P00065000,bought,1529999.9999999998
CORT,2024-04-23,-1,29.38653366583541,9766,1650000.0,1.0,uncovered,0.0,True,CORT240621P00022000,bought,1650000.0
GILD,2024-04-25,-1,3.618421052631579,106787,3467456.0,0.7198487882759003,uncovered,0.0,True,GILD240517P00066000,bought,1497692.0
CYTK,2024-04-30,1,99.96825396825396,7525,3015000.0,0.7512437810945274,uncovered,0.0,True,CYTK240517P00065000,sold,2265000.0
EXEL,2024-05-01,-1,14.676427525622255,13284,59250.0,1.0,uncovered,0.0,True,EXEL240621C00024000,sold,59250.0
LQDA,2024-05-03,-1,3.616244849911713,3755,239155.0,1.0,uncovered,0.0,True,LQDA240621P00010000,bought,135000.0
CRSP,2024-05-03,1,14.419753086419751,9735,221808.0,0.6808050205583207,uncovered,0.0,True,CRSP240524C00045000,bought,91200.0
TECH,2024-05-06,1,36.77777777777778,1533,56960.0,1.0,uncovered,0.0,True,TECH240517P00075000,sold,56960.0
GILD,2024-05-08,1,9.195175438596491,158626,118666116.0,0.7617085908499778,uncovered,0.0,True,GILD240517P00072500,sold,19200000.0
ADMA,2024-05-09,-1,12.819875776397517,1855,60000.0,1.0,uncovered,0.0,True,ADMA240517C00005000,sold,60000.0
RXRX,2024-05-13,-1,10.40692959823074,20378,60000.0,1.0,uncovered,0.0,True,RXRX240517C00009000,sold,60000.0
CYTK,2024-05-13,-1,20.40650406504065,6080,960000.0,1.0,uncovered,0.0,True,CYTK240517P00065000,bought,660000.0
NVS,2024-05-14,-1,4.745762711864407,6880,114920.0,1.0,uncovered,0.0,True,NVS240621C00105000,sold,114920.0
ANNX,2024-05-14,1,6.859504132231405,6306,293500.0,1.0,uncovered,0.0,True,ANNX240719C00007500,bought,94500.0
EOLS,2024-05-14,-1,16.099290780141843,1153,50000.0,1.0,uncovered,0.0,True,EOLS240517C00012500,sold,50000.0
ARQT,2024-05-15,-1,4.0071942446043165,4021,131625.0,1.0,uncovered,0.0,True,ARQT240920C00010000,sold,131625.0
EXEL,2024-05-15,-1,10.2172373081464,5368,306200.0,0.7772697583278902,uncovered,0.0,True,EXEL240517P00025000,bought,136000.0
IOVA,2024-05-16,-1,3.682626538987688,8526,147800.0,1.0,uncovered,0.0,True,IOVA240621C00011000,sold,90300.0
SAGE,2024-05-16,1,24.379888268156424,6629,540025.0,1.0,uncovered,0.0,True,SAGE240621C00010000,bought,114000.0
VKTX,2024-05-20,-1,10.1125,14896,240000.0,0.689,uncovered,0.0,True,VKTX240621C00090000,sold,109920.0
MRNA,2024-05-20,1,5.41044776119403,78234,16481364.0,0.7912501659450031,uncovered,0.0,True,MRNA240621C00100000,bought,8470000.0
BHVN,2024-05-22,1,4.0,3126,745000.0,0.7583892617449665,uncovered,0.0,True,BHVN240621C00040000,bought,500000.0
MRK,2024-05-28,1,8.009272137227631,33166,791770.0,0.7859984591484901,uncovered,0.0,True,MRK240621C00130000,bought,429400.0
BMRN,2024-05-29,1,6.133047210300429,2597,142500.0,1.0,uncovered,0.0,True,BMRN240920P00070000,sold,142500.0
HUMA,2024-05-30,1,4.83265306122449,10246,227380.0,0.7314627495821973,uncovered,0.0,True,HUMA240621C00005000,bought,101320.0
CYTK,2024-05-30,-1,90.53731343283582,6954,423100.0,1.0,uncovered,0.0,True,CYTK240621C00049000,sold,136500.0
CORT,2024-05-31,1,3.639880952380953,4425,84600.0,1.0,uncovered,0.0,True,CORT250117P00029000,sold,84600.0
BHVN,2024-06-03,-1,3.8962490023942538,2568,105000.0,1.0,uncovered,0.0,True,BHVN240621C00030000,sold,55000.0
BNTX,2024-06-05,1,3.17904993909866,3576,244020.0,0.6581632653061225,uncovered,0.0,True,BNTX240719P00105000,sold,160605.0
CABA,2024-06-05,1,115.02564102564102,4403,107570.0,1.0,uncovered,0.0,True,CABA240621C00012500,bought,107570.0
CYTK,2024-06-06,1,136.30188679245282,8105,62369.99999999999,1.0,uncovered,0.0,True,CYTK241115P00055000,sold,62369.99999999999
AKRO,2024-06-07,1,29.971014492753625,1099,371250.0,1.0,uncovered,0.0,True,AKRO240621C00017500,bought,187500.0
BPMC,2024-06-11,-1,36.950819672131146,2356,763615.0,0.8499636596976224,uncovered,0.0,True,BPMC241018C00125000,sold,371350.0
PFE,2024-06-14,1,3.371356147021546,129535,2107320.0,0.8888256173718277,uncovered,0.0,True,PFE241220P00030000,sold,1231200.0
CABA,2024-06-17,1,91.7741935483871,5897,145500.0,1.0,uncovered,0.0,True,CABA240621C00010000,bought,87500.0
MRK,2024-06-18,-1,14.831758034026466,22462,171700.0,0.7076295864880606,uncovered,0.0,True,MRK250620C00165000,sold,121500.0
SANA,2024-06-18,-1,84.92592592592592,4884,216730.0,1.0,uncovered,0.0,True,SANA240719P00005000,bought,114010.0
BNTX,2024-06-18,-1,3.5294117647058822,4257,53000.0,1.0,uncovered,0.0,True,BNTX250620C00095000,sold,53000.0
EXEL,2024-06-18,-1,8.102941176470589,2259,106227.0,1.0,uncovered,0.0,True,EXEL240816C00023000,sold,106227.0
SAGE,2024-06-20,1,20.496703296703295,9109,1134389.0,1.0,uncovered,0.0,True,SAGE240719C00007500,bought,271950.0
IBRX,2024-06-20,1,7.962264150943396,17343,58750.0,1.0,uncovered,0.0,True,IBRX250117C00005500,bought,58750.0
BMY,2024-06-20,-1,3.466142420270861,39874,12769260.0,0.7928932451841375,uncovered,0.0,True,BMY240621P00048000,bought,1631250.0
IONS,2024-06-21,-1,13.283842794759826,2316,122010.0,1.0,uncovered,0.0,True,IONS240816C00045000,sold,122010.0
ARWR,2024-06-21,-1,17.068493150684933,2521,83104.0,1.0,uncovered,0.0,True,ARWR240920C00025000,sold,83104.0
ABT,2024-06-21,-1,5.098841172460804,16812,814406.0,1.0,uncovered,0.0,True,ABT240719P00105000,bought,498000.0
GERN,2024-06-21,-1,4.557031607879066,7208,64500.0,1.0,uncovered,0.0,True,GERN240719C00004000,sold,64500.0
JNJ,2024-06-24,1,3.188262910798122,31571,2257535.0,0.6502424104166713,uncovered,0.0,True,JNJ250117P00180000,sold,457500.0
CERE,2024-06-25,-1,371.66101694915255,40838,5365000.0,0.8475302889095992,uncovered,0.0,True,CERE240816P00040000,bought,940000.0
LEGN,2024-07-01,-1,69.58904109589041,2553,525300.0,1.0,uncovered,0.0,True,LEGN240816C00045000,sold,525300.0
FDMT,2024-07-01,-1,118.38888888888889,4174,370000.0,1.0,uncovered,0.0,True,FDMT240719P00020000,bought,200000.0
VKTX,2024-07-02,1,3.1207598371777476,9698,500545.0,0.7438691825909758,uncovered,0.0,True,VKTX250117P00080000,sold,137340.0
BNTX,2024-07-03,-1,5.56797583081571,2692,468000.0,1.0,covered_neutral,1.0,True,BNTX240816C00080000,sold,468000.0
AXSM,2024-07-08,-1,12.370689655172416,6503,1957600.0,0.8786268900694728,uncovered,0.0,True,AXSM250117C00100000,sold,1340000.0
AGIO,2024-07-08,-1,106.1,1101,320000.0,1.0,uncovered,0.0,True,AGIO240816C00040000,sold,320000.0
BNTX,2024-07-09,1,4.256,4830,61250.0,1.0,uncovered,0.0,True,BNTX240719C00087500,bought,61250.0
IOVA,2024-07-11,1,5.990719257540603,5797,162594.0,0.6919074504594266,uncovered,0.0,True,IOVA260116C00005000,bought,57500.0
HUMA,2024-07-12,1,3.0988023952095807,4157,97500.0,1.0,uncovered,0.0,True,HUMA240719C00005000,bought,97500.0
GERN,2024-07-16,1,5.200953137410643,4177,158600.0,1.0,uncovered,0.0,True,GERN240816C00004500,bought,93600.0
NVAX,2024-07-16,-1,18.47619047619047,55475,1180926.0,0.7757725716937386,covered_opposite,1.0,True,NVAX240816P00015000,bought,717150.0
ZTS,2024-07-17,-1,39.62530413625304,16476,18624120.0,0.6763659168862743,uncovered,0.0,True,ZTS240719C00170000,mid,750000.0
CERE,2024-07-18,-1,9.232558139534884,4132,300000.0,0.7,uncovered,0.0,True,CERE240816P00040000,bought,210000.0
TEVA,2024-07-22,-1,3.399209486166008,15242,528909.0,1.0,covered_opposite,1.0,True,TEVA240920C00016000,sold,91500.0
VCEL,2024-07-24,1,160.6,1631,132000.0,1.0,uncovered,0.0,True,VCEL240816P00050000,sold,132000.0
BHVN,2024-07-24,1,8.585365853658537,1729,262500.0,1.0,uncovered,0.0,True,BHVN240816C00040000,bought,262500.0
ZTS,2024-07-25,1,8.469333333333333,2560,145919.99999999997,1.0,covered_same,1.0,False,ZTS240816C00190000,bought,145919.99999999997
SMMT,2024-07-26,-1,27.20930232558139,11118,1363060.0,0.8754273472921221,uncovered,0.0,True,SMMT240920P00010000,bought,675000.0
SRPT,2024-07-29,1,100.8,3211,79200.00000000001,1.0,uncovered,0.0,True,SRPT240830P00150000,sold,79200.00000000001
SNY,2024-07-29,-1,3.785063752276867,2394,402160.0,1.0,uncovered,0.0,True,SNY240816C00050000,sold,203500.00000000003
ALXO,2024-07-29,-1,13.52317880794702,5456,56250.0,1.0,uncovered,0.0,True,ALXO240816P00005000,bought,56250.0
GILD,2024-07-30,-1,6.302977232924693,17836,992739.0,0.9465922060078228,uncovered,0.0,True,GILD240816C00074000,sold,122120.0
MRK,2024-07-31,-1,24.744985673352435,65776,2211993.0,0.8431518544588522,covered_opposite,4.0,True,MRK250117P00135000,bought,1007205.0
PRGO,2024-08-01,1,4.4411764705882355,1280,72800.0,1.0,uncovered,0.0,True,PRGO240816P00027500,sold,72800.0
TGTX,2024-08-01,1,4.582623509369676,8841,154680.0,0.6702870442203258,uncovered,0.0,True,TGTX250117C00005000,bought,103680.0
BNTX,2024-08-02,1,8.15258855585831,8752,1319300.0,1.0,uncovered,0.0,True,BNTX240920C00082500,bought,1319300.0
BNTX,2024-08-05,-1,20.34878587196468,7157,50320.00000000001,1.0,uncovered,0.0,True,BNTX240816C00087500,sold,50320.00000000001
VTRS,2024-08-07,1,8.962962962962964,6958,63000.0,1.0,uncovered,0.0,True,VTRS240816C00011000,bought,63000.0
CYTK,2024-08-09,-1,6.4,4091,79040.0,1.0,uncovered,0.0,True,CYTK250117P00080000,bought,79040.0
ADMA,2024-08-09,-1,9.416309012875535,6407,331000.0,0.7552870090634441,uncovered,0.0,True,ADMA240816C00010000,sold,160000.0
PCRX,2024-08-12,1,3.846648301193756,9084,893095.0,0.7124885930388145,uncovered,0.0,True,PCRX240816P00015000,sold,124000.0
IOVA,2024-08-12,1,3.889862327909887,8945,423000.0,0.6973995271867612,uncovered,0.0,True,IOVA250117C00005000,bought,135000.0
SAGE,2024-08-12,1,5.758558558558558,9310,1227900.0,0.9159540679208404,uncovered,0.0,True,SAGE240920C00005000,bought,380900.0
GERN,2024-08-12,-1,12.633846153846154,6741,107500.0,1.0,uncovered,0.0,True,GERN240920C00004000,sold,107500.0
BMY,2024-08-14,1,5.2012847965738755,37008,2125114.0,0.8654091027587226,covered_neutral,1.0,True,BMY250620P00052500,sold,1653468.0
ARQT,2024-08-15,-1,81.11392405063292,13685,330140.0,1.0,uncovered,0.0,True,ARQT240920C00010000,sold,213620.00000000003
RCUS,2024-08-16,1,117.6734693877551,5065,484884.0,0.7182418887816467,uncovered,0.0,True,RCUS240920C00012500,bought,168820.0
IOVA,2024-08-16,1,3.04307116104869,7281,137250.0,1.0,uncovered,0.0,True,IOVA260116C00005000,bought,86250.0
VCEL,2024-08-16,1,242.0,2440,410815.0,1.0,uncovered,0.0,True,VCEL240816P00050000,sold,238814.99999999997
TEVA,2024-08-16,-1,3.577663068981699,29601,102910.0,1.0,uncovered,0.0,True,TEVA250117C00015000,sold,102910.0
RYTM,2024-08-16,-1,95.88235294117646,2495,423700.0,1.0,uncovered,0.0,True,RYTM241018C00050000,sold,223000.0
COGT,2024-08-16,1,106.8,1074,62122.0,1.0,uncovered,0.0,True,COGT240920C00010000,bought,62122.0
EXEL,2024-08-16,1,29.484988452655887,15710,3635000.0,0.6740027510316369,uncovered,0.0,True,EXEL240920C00024000,bought,2450000.0
TERN,2024-08-19,-1,134.11111111111111,10615,533091.0,0.7521792714564679,uncovered,0.0,True,TERN240920C00010000,sold,322739.99999999994
ELAN,2024-08-20,1,67.48837209302326,12089,550000.0,0.8181818181818182,covered_opposite,1.0,True,ELAN241018C00015000,bought,450000.0
NUVL,2024-08-21,1,165.1,3075,810370.0,1.0,uncovered,0.0,True,NUVL251219P00075000,sold,810370.0
TEVA,2024-08-22,-1,9.828249648052555,23251,162308.0,0.6661902062744904,covered_neutral,1.0,True,TEVA250321C00018000,sold,108128.0
AUPH,2024-08-23,-1,10.565957446808511,5223,55000.0,1.0,uncovered,0.0,True,AUPH241018C00006000,sold,55000.0
TEVA,2024-08-26,1,7.182544970019987,41260,996219.0,0.7342411658480715,covered_same,7.0,False,TEVA260116C00012000,bought,347760.00000000006
SNY,2024-08-26,-1,11.432525951557093,5263,70000.0,1.0,covered_opposite,6.0,True,SNY241220C00062500,sold,70000.0
IONS,2024-08-27,1,43.271523178807946,3665,452470.0,0.7273189382721507,uncovered,0.0,True,IONS240920C00047500,bought,167090.0
ELAN,2024-08-27,-1,8.984848484848484,6746,107300.0,1.0,uncovered,0.0,True,ELAN241018C00014000,mid,174300.0
IONS,2024-08-28,-1,20.91390728476821,1734,129600.0,1.0,uncovered,0.0,True,IONS240920C00047500,sold,129600.0
ELAN,2024-08-29,-1,5.391743892165122,6140,125000.0,1.0,covered_neutral,1.0,True,ELAN241018C00015000,sold,125000.0
ALNY,2024-09-03,1,9.20891364902507,3898,2398700.0,0.9456372201609204,covered_opposite,1.0,True,ALNY240920P00270000,sold,2188800.0
ARQT,2024-09-04,-1,3.7060773480662985,2398,58725.0,1.0,uncovered,0.0,True,ARQT241220C00012500,sold,58725.0
APLS,2024-09-06,1,26.19607843137255,7251,469775.0,1.0,uncovered,0.0,True,APLS240920C00045000,bought,469775.0
BMRN,2024-09-09,1,5.176681614349776,10094,964460.0,0.8960972979698484,uncovered,0.0,True,BMRN260116P00085000,sold,768000.0
IONS,2024-09-10,1,17.696369636963695,3935,449000.0,0.6659242761692651,uncovered,0.0,True,IONS240920P00047500,sold,199200.00000000003
VKTX,2024-09-12,-1,3.1699846860643186,20436,3079455.0,0.7193107221894783,covered_opposite,3.0,True,VKTX250117C00030000,sold,345000.0
ABT,2024-09-13,1,23.96352583586626,11332,90945.0,1.0,covered_same,7.0,False,ABT241018P00115000,sold,90945.0
VKTX,2024-09-17,1,5.178523489932886,20131,2033272.0,0.9086733108015062,covered_same,3.0,False,VKTX250117P00075000,sold,386000.0
ARWR,2024-09-17,-1,8.828947368421053,1682,73005.0,1.0,uncovered,0.0,True,ARWR241018P00020000,bought,73005.0
APLS,2024-09-18,-1,8.775652173913043,2798,185000.0,1.0,uncovered,0.0,True,APLS240920C00035000,sold,185000.0
ALT,2024-09-18,-1,5.087378640776699,6281,119880.0,1.0,covered_neutral,1.0,True,ALT241018C00007000,sold,119880.0
BHVN,2024-09-19,-1,23.099378881987576,10477,1374485.0,0.7968184447265703,uncovered,0.0,True,BHVN241018C00040000,sold,525000.0
NVAX,2024-09-20,-1,6.269789983844911,35104,335000.0,1.0,uncovered,0.0,True,NVAX250417C00012500,sold,185000.0
MRNA,2024-09-20,-1,4.075723830734967,77478,23203185.0,0.7704678043122097,covered_same,8.0,False,MRNA250117P00130000,bought,3098400.0
ROIV,2024-09-24,1,15.960104076322637,10106,130000.0,1.0,uncovered,0.0,True,ROIV241018C00012000,bought,130000.0
SNY,2024-09-24,-1,12.498876404494382,5628,306000.0,1.0,covered_opposite,3.0,True,SNY241018P00057500,bought,103500.0
AUPH,2024-09-24,1,3.3325443786982247,3823,160000.0,1.0,uncovered,0.0,True,AUPH250117P00007000,sold,160000.0
NVS,2024-09-26,-1,20.24561403508772,1863,375000.0,1.0,uncovered,0.0,True,NVS241115P00115000,bought,232500.0
RCKT,2024-09-30,-1,24.120481927710845,1167,50000.0,1.0,uncovered,0.0,True,RCKT241018C00020000,sold,50000.0
ALT,2024-10-01,1,3.018770226537217,9487,64260.0,1.0,uncovered,0.0,True,ALT250117C00007000,bought,64260.0
MRK,2024-10-01,-1,7.233806292412091,24875,5647010.0,0.6523549630689516,covered_opposite,1.0,True,MRK241115P00110000,sold,1609789.9999999998
RCKT,2024-10-02,-1,22.495726495726498,1483,92500.0,1.0,uncovered,0.0,True,RCKT241115C00020000,sold,92500.0
BMY,2024-10-02,-1,3.2953249714937285,91725,5156430.0,0.8503458788347752,covered_opposite,5.0,True,BMY260116C00047000,sold,1505999.9999999998
PRAX,2024-10-03,1,99.03030303030305,6863,12557794.0,0.7110885876930295,uncovered,0.0,True,PRAX241115C00065000,bought,1604999.9999999998
ZTS,2024-10-03,1,8.201492537313433,2629,853740.0,1.0,uncovered,0.0,True,ZTS260116P00185000,sold,462000.0
BMRN,2024-10-03,1,9.617579028527372,12983,16277800.0,0.7474720171030483,covered_same,1.0,False,BMRN241018P00085000,sold,6384000.0
VRNA,2024-10-04,-1,6.1347826086956525,2209,144000.0,1.0,uncovered,0.0,True,VRNA241018C00030000,sold,144000.0
AGIO,2024-10-04,1,109.2,1119,210000.0,1.0,uncovered,0.0,True,AGIO241115P00040000,sold,210000.0
PRAX,2024-10-08,-1,132.0,3042,2871000.0,0.6828631138975967,uncovered,0.0,True,PRAX241115C00065000,sold,1960500.0
VRNA,2024-10-08,-1,6.0875,1549,133400.0,1.0,uncovered,0.0,True,VRNA241018C00030000,sold,133400.0
EXEL,2024-10-08,-1,3.6394984326018807,6915,196755.0,1.0,covered_opposite,2.0,True,EXEL241115P00020000,bought,95000.0
QGEN,2024-10-09,1,26.2,3147,120370.0,1.0,covered_same,2.0,False,QGEN241018C00045000,bought,67500.0
PRAX,2024-10-09,1,262.3478260869565,5028,3996056.0,0.6590318053600851,uncovered,0.0,True,PRAX241220P00050000,sold,1520000.0
MRK,2024-10-10,1,3.420068303789234,83571,75408200.0,0.8528681230953663,covered_same,5.0,False,MRK241018P00125000,mid,10911500.0
TEVA,2024-10-11,-1,9.275737940964722,11518,282050.0,0.7573125332387874,covered_opposite,3.0,True,TEVA250117C00012000,sold,159600.0
ZTS,2024-10-14,-1,9.8141592920354,2014,280756.0,1.0,uncovered,0.0,True,ZTS241115C00210000,sold,130000.0
TEVA,2024-10-15,1,4.172786177105832,12073,65750.0,1.0,covered_same,2.0,False,TEVA250117C00005000,bought,65750.0
ABT,2024-10-15,-1,22.354098360655737,35851,749850.0,0.6812695872507835,covered_opposite,2.0,True,ABT241018P00116000,bought,264000.0
RCKT,2024-10-16,-1,29.55072463768116,2072,204120.0,1.0,uncovered,0.0,True,RCKT241115C00020000,sold,204120.0
ABBV,2024-10-17,-1,7.412115193644489,20626,11439110.0,0.8211110829426416,covered_opposite,6.0,True,ABBV241018P00212500,bought,3555000.0
QGEN,2024-10-18,-1,17.46611909650924,4287,356035.0,1.0,uncovered,0.0,True,QGEN241115C00045000,sold,226435.0
IOVA,2024-10-18,1,13.684408265497808,34650,106947.0,1.0,uncovered,0.0,True,IOVA241115C00012000,bought,55221.0
BBIO,2024-10-23,1,6.343703703703704,3592,552000.0,1.0,uncovered,0.0,True,BBIO241220P00025000,sold,265000.0
GILD,2024-10-23,1,4.758823529411765,14840,901325.0,0.7725570687598813,covered_same,2.0,False,GILD241115C00090000,bought,696325.0
GSK,2024-10-29,1,18.50498338870432,40105,1171420.0,0.7517457444810571,uncovered,0.0,True,GSK241101C00038500,bought,447450.0
JANX,2024-10-30,-1,57.111111111111114,2158,350547.0,0.7446505033561833,uncovered,0.0,True,JANX241220P00045000,bought,149966.0
APLT,2024-10-30,1,3.221499783268314,6438,90250.0,1.0,uncovered,0.0,True,APLT241115C00010000,bought,90250.0
ABT,2024-10-30,-1,13.439306358381502,17815,161054.0,1.0,covered_opposite,2.0,True,ABT241115P00120000,bought,57640.0
BHC,2024-10-31,1,11.226415094339623,86196,3278000.0,0.9188529591214155,uncovered,0.0,True,BHC251219C00007000,bought,1500000.0
EXEL,2024-11-01,1,5.2,4068,2103948.0,1.0,covered_same,2.0,False,EXEL241115C00024000,bought,2103948.0
AMGN,2024-11-04,-1,14.095490716180372,17733,2864015.0,0.8576124775882807,covered_neutral,1.0,True,AMGN241220C00360000,sold,2225000.0
ACLX,2024-11-05,-1,51.25581395348837,2612,253420.0,1.0,uncovered,0.0,True,ACLX241220C00095000,sold,102610.0
NVS,2024-11-07,-1,5.788888888888889,3501,3456000.0,1.0,covered_neutral,1.0,True,NVS241115P00120000,bought,2088000.0
ARQT,2024-11-07,-1,27.900937081659972,10573,70650.0,1.0,covered_opposite,1.0,True,ARQT241115C00010000,sold,70650.0
ADMA,2024-11-07,-1,11.09572301425662,6111,775530.0,0.8033215994223305,uncovered,0.0,True,ADMA241115C00016000,sold,400000.0
IOVA,2024-11-11,-1,5.68321513002364,16117,95000.0,1.0,uncovered,0.0,True,IOVA250620C00018000,sold,95000.0
ADMA,2024-11-11,1,25.64969450101833,13679,1994035.0,0.8169014084507042,uncovered,0.0,True,ADMA241115C00020000,bought,1628930.0
MRK,2024-11-11,1,6.869622766379881,28295,7574500.0,0.8852069443527626,covered_neutral,2.0,True,MRK241115P00115000,sold,2565000.0
NVAX,2024-11-11,1,10.108695652173912,80548,1686160.0,0.9179793139441097,uncovered,0.0,True,NVAX241115C00010000,bought,864000.0
MRNA,2024-11-11,1,4.603910209992759,142026,105674652.0,0.9057263041661117,covered_same,1.0,False,MRNA250117P00105000,sold,30799090.000000004
NMRA,2024-11-12,-1,7.526881720430108,8271,1456723.0,0.8394725695962788,covered_opposite,1.0,True,NMRA250117P00012500,bought,930879.0
SRRK,2024-11-12,1,254.140350877193,9841,645000.0,1.0,uncovered,0.0,True,SRRK241220C00030000,bought,480000.0
ARQT,2024-11-12,-1,4.2045760430686405,3212,92565.0,1.0,uncovered,0.0,True,ARQT241115C00010000,sold,92565.0
MRK,2024-11-13,-1,3.8636664460622105,23678,5151468.0,0.9533503847835219,covered_opposite,3.0,True,MRK241115P00115000,bought,1836800.0
TGTX,2024-11-13,1,15.21074964639321,47014,5466247.0,0.6666989252406633,uncovered,0.0,True,TGTX270115C00040000,bought,585000.0
ABBV,2024-11-13,-1,3.659289067739772,45586,11455766.0,0.8089955748048625,covered_same,5.0,False,ABBV241122P00197500,bought,2622750.0
TEVA,2024-11-14,-1,8.839667977282657,21164,183500.0,0.7220708446866485,uncovered,0.0,True,TEVA241220P00016000,bought,132500.0
MRNA,2024-11-14,1,4.858056777289084,238741,615746801.0,0.7658382020566925,uncovered,0.0,True,MRNA250117P00105000,sold,77100000.0
NMRA,2024-11-15,1,12.17741935483871,7491,2709275.0,0.8993088556901754,covered_same,1.0,False,NMRA250117C00015000,bought,2000000.0
TECH,2024-11-15,-1,178.51612903225808,2018,251910.0,0.6634512325830654,uncovered,0.0,True,TECH250117C00075000,sold,96930.0
WVE,2024-11-18,-1,14.43298969072165,1561,129130.0,1.0,uncovered,0.0,True,WVE250117C00012500,sold,129130.0
ZTS,2024-11-19,1,3.988304093567251,2418,3131969.0,0.9573051329690684,uncovered,0.0,True,ZTS270115C00175000,bought,2998250.0
SRRK,2024-11-19,1,18.90909090909091,3131,378768.0,1.0,uncovered,0.0,True,SRRK250117C00030000,bought,231767.99999999997
BBIO,2024-11-19,1,5.661327231121281,10997,445200.0,1.0,uncovered,0.0,True,BBIO250117P00025000,sold,224719.99999999997
IBRX,2024-11-20,1,17.3915857605178,12359,1385000.0,1.0,uncovered,0.0,True,IBRX241220P00007500,sold,1385000.0
NVAX,2024-11-21,-1,10.044871794871796,9806,74152.0,1.0,covered_same,1.0,False,NVAX250117C00010000,sold,74152.0
OGN,2024-11-22,1,4.398183194549584,3514,75060.0,1.0,uncovered,0.0,True,OGN241220P00015000,sold,75060.0
BPMC,2024-11-22,1,14.162544169611309,5264,4371305.0,1.0,uncovered,0.0,True,BPMC251219P00100000,sold,2295480.0000000005
CTLT,2024-11-22,-1,163.5625,9063,175000.0,1.0,uncovered,0.0,True,CTLT250117P00060000,bought,175000.0
ARWR,2024-11-26,-1,23.235294117647054,5276,280000.0,1.0,uncovered,0.0,True,ARWR250117C00024000,sold,110000.0
GSK,2024-11-27,1,24.97991967871486,10015,50579.99999999999,1.0,covered_same,2.0,False,GSK241220C00036000,bought,50579.99999999999
SNDX,2024-12-03,1,13.44578313253012,1922,104640.0,1.0,uncovered,0.0,True,SNDX250117C00020000,bought,52319.99999999999
ELAN,2024-12-03,-1,41.054421768707485,10677,159285.0,0.6712810371346957,covered_same,4.0,False,ELAN241220C00013000,sold,106925.0
PCRX,2024-12-04,-1,35.55102040816327,3206,392700.0,1.0,uncovered,0.0,True,PCRX250117C00015000,sold,198900.0
JANX,2024-12-05,1,4.363349131121643,2753,147000.0,0.6598639455782312,covered_same,2.0,False,JANX241220P00070000,sold,97000.0
RYTM,2024-12-05,-1,22.071428571428573,2265,96000.0,1.0,uncovered,0.0,True,RYTM250117C00065000,sold,96000.0
PCRX,2024-12-06,1,26.458715596330276,1479,80000.0,1.0,covered_same,1.0,False,PCRX250117C00022500,bought,80000.0
EWTX,2024-12-06,-1,23.28491620111732,6103,828240.0,0.8095238095238095,uncovered,0.0,True,EWTX241220P00030000,bought,670480.0
GPCR,2024-12-06,-1,31.161290322580644,2529,202500.0,1.0,uncovered,0.0,True,GPCR241220P00030000,bought,202500.0
PLRX,2024-12-11,-1,100.0,1000,105000.0,1.0,uncovered,0.0,True,PLRX250117P00015000,bought,105000.0
MRNA,2024-12-11,1,10.732600732600732,68962,34365987.0,0.7248237625184459,covered_same,2.0,False,MRNA250117P00105000,sold,5317380.0
HROW,2024-12-12,-1,275.6363636363636,6143,1476000.0,1.0,uncovered,0.0,True,HROW250117P00038000,bought,936000.0
VRDN,2024-12-16,1,70.89344262295081,9537,560000.0,1.0,uncovered,0.0,True,VRDN250117P00022500,sold,560000.0
WVE,2024-12-17,-1,83.24458204334366,13614,92040.0,1.0,uncovered,0.0,True,WVE241220C00017500,sold,92040.0
MNKD,2024-12-18,1,32.01606425702811,16524,111985.0,1.0,uncovered,0.0,True,MNKD250117C00007000,bought,57681.00000000001
RVMD,2024-12-19,1,12.905263157894735,1469,170000.0,1.0,uncovered,0.0,True,RVMD250117P00043000,sold,170000.0
HROW,2024-12-19,-1,576.6666666666666,6446,570000.0,1.0,uncovered,0.0,True,HROW250117P00035000,mid,915000.0
PCRX,2024-12-20,1,23.63302752293578,2308,200000.0,1.0,uncovered,0.0,True,PCRX250117C00020000,bought,200000.0
APLS,2024-12-20,-1,11.261648745519713,3456,1865710.0,0.6537082397585906,uncovered,0.0,True,APLS250117P00090000,bought,669970.0
BBIO,2024-12-20,1,3.709251101321586,7888,142500.0,1.0,uncovered,0.0,True,BBIO250516C00030000,bought,85500.0
CYTK,2024-12-20,-1,10.273615635179151,1892,61640.0,1.0,uncovered,0.0,True,CYTK250117C00060000,mid,75000.0
BNTX,2024-12-23,-1,3.2547169811320753,1865,244000.0,1.0,uncovered,0.0,True,BNTX250117C00120000,sold,124000.0
VRDN,2024-12-30,1,17.86837294332724,9785,463600.0,1.0,uncovered,0.0,True,VRDN250117P00020000,sold,463600.0
SLNO,2025-01-03,1,6.108108108108108,2583,542376.0,1.0,uncovered,0.0,True,SLNO250417C00055000,bought,324197.99999999994
NVS,2025-01-06,-1,10.489583333333334,3471,649524.0,0.6846244326614567,uncovered,0.0,True,NVS250221P00100000,bought,365000.0
JANX,2025-01-06,-1,3.0444444444444443,2393,100650.0,1.0,uncovered,0.0,True,JANX250221C00055000,sold,100650.0
NBIX,2025-01-06,1,72.03448275862068,4386,140000.0,1.0,uncovered,0.0,True,NBIX250221P00125000,mid,170000.0
MIRM,2025-01-06,-1,114.05882352941175,1945,418000.0,1.0,uncovered,0.0,True,MIRM250221C00045000,sold,418000.0
ADMA,2025-01-06,-1,20.15025041736227,7373,193175.0,1.0,uncovered,0.0,True,ADMA250117C00020000,sold,112700.0
NVAX,2025-01-06,-1,7.639645345155161,46874,1480820.0,0.9167825934279656,uncovered,0.0,True,NVAX260116P00010000,bought,1114750.0
NVAX,2025-01-07,-1,7.281190626979101,61279,2449847.0,0.6545731223215164,uncovered,0.0,True,NVAX260116P00012500,bought,771200.0
QGEN,2025-01-10,1,238.9142857142857,4183,360000.0,1.0,covered_same,1.0,False,QGEN250117C00045000,bought,360000.0
SWTX,2025-01-13,1,9.38150289017341,2907,67000.0,1.0,uncovered,0.0,True,SWTX250221C00040000,bought,67000.0
AUPH,2025-01-13,1,10.90952762209768,7519,702000.0,1.0,uncovered,0.0,True,AUPH250117P00010000,sold,702000.0
GERN,2025-01-13,1,63.41573033707865,19396,121040.0,1.0,uncovered,0.0,True,GERN250221C00003000,bought,121040.0
KROS,2025-01-15,-1,148.0,7008,73500.0,1.0,uncovered,0.0,True,KROS250620P00007500,bought,73500.0
REGN,2025-01-16,1,32.64,6707,65929300.0,0.7439604242726678,covered_same,5.0,False,REGN250117P00800000,sold,5689800.0
KRYS,2025-01-17,-1,118.0,4450,3096000.0,0.75,covered_opposite,1.0,True,KRYS250221P00150000,bought,940000.0
MRUS,2025-01-17,-1,71.64102564102564,1415,89180.0,1.0,uncovered,0.0,True,MRUS250321C00045000,sold,89180.0
NRIX,2025-01-17,-1,155.8,1563,129618.0,1.0,uncovered,0.0,True,NRIX250321C00022500,sold,76558.0
RYTM,2025-01-17,-1,6.931868131868132,1602,362500.0,1.0,uncovered,0.0,True,RYTM250221C00055000,sold,290000.0
SRRK,2025-01-17,-1,20.431192660550455,2396,52924.0,1.0,uncovered,0.0,True,SRRK250321C00050000,sold,52924.0
SRPT,2025-01-21,-1,95.66666666666669,2527,323100.0,1.0,uncovered,0.0,True,SRPT250321C00135000,sold,120000.0
SWTX,2025-01-21,-1,3.003264417845484,1782,51700.0,1.0,uncovered,0.0,True,SWTX250221C00040000,mid,59850.0
SNDX,2025-01-22,-1,11.337962962962964,2577,186990.0,1.0,uncovered,0.0,True,SNDX250321C00015000,sold,186990.0
OGN,2025-01-23,1,7.005604483586869,5712,420000.0,1.0,uncovered,0.0,True,OGN250221C00015000,bought,420000.0
IRON,2025-01-24,-1,102.5,1077,320000.0,1.0,covered_opposite,1.0,True,IRON250321C00060000,sold,320000.0
TVTX,2025-01-28,1,43.08108108108108,3755,271000.0,1.0,uncovered,0.0,True,TVTX250620C00025000,bought,215000.0
PCVX,2025-02-03,-1,7.660777385159011,2016,322500.0,1.0,uncovered,0.0,True,PCVX250417P00075000,bought,192500.0
PFE,2025-02-04,-1,4.76268951878708,335178,5375036.0,0.797471496004864,covered_opposite,4.0,True,PFE250516C00026000,sold,1969800.0
QGEN,2025-02-05,1,324.54237288135596,7285,406120.0,1.0,uncovered,0.0,True,QGEN250221P00045000,sold,234519.99999999997
IBRX,2025-02-05,1,6.464622641509434,10624,679000.0,1.0,uncovered,0.0,True,IBRX250321P00005000,sold,679000.0
PFE,2025-02-06,-1,3.5071366152053596,129373,2576684.0,0.7482776312500873,covered_opposite,5.0,True,PFE250321P00030000,bought,680000.0
PFE,2025-02-07,-1,3.3620739877658026,149182,927190.0,0.8592543060214196,covered_opposite,5.0,True,PFE250321P00030000,bought,315000.0
ABT,2025-02-10,1,5.5603864734299515,20758,532910.0,1.0,covered_same,1.0,False,ABT260116P00125000,sold,306900.0
ORIC,2025-02-11,-1,224.91666666666663,4757,167500.0,1.0,uncovered,0.0,True,ORIC250321C00012500,sold,100000.0
OGN,2025-02-13,1,15.30048465266559,12196,58890.0,1.0,uncovered,0.0,True,OGN250221C00015000,bought,58890.0
VTRS,2025-02-13,1,9.882869692532942,4463,74975.0,1.0,uncovered,0.0,True,VTRS250221P00011000,sold,74975.0
OGN,2025-02-14,-1,23.46306592533757,15140,483600.0,0.8064516129032258,uncovered,0.0,True,OGN250221C00015000,sold,195000.0
NBIX,2025-02-14,-1,191.3968253968254,6103,7230000.0,1.0,uncovered,0.0,True,NBIX250321P00125000,bought,3690000.0
BBIO,2025-02-14,1,4.641929499072356,6100,232200.0,1.0,uncovered,0.0,True,BBIO250221C00030000,bought,232200.0
MRK,2025-02-18,1,3.345833333333333,59858,13128636.0,0.6615820562014211,covered_same,2.0,False,MRK250221P00100000,bought,2915499.9999999995
PRGO,2025-02-19,1,140.1952861952862,21143,1250000.0,0.96,uncovered,0.0,True,PRGO250321C00025000,bought,1200000.0
SAGE,2025-02-19,1,7.014245014245014,3074,352500.0,1.0,uncovered,0.0,True,SAGE260116C00005000,bought,195000.0
SMMT,2025-02-19,1,21.189655172413794,4909,56250.0,1.0,uncovered,0.0,True,SMMT250228C00024000,bought,56250.0
BMRN,2025-02-19,1,33.714285714285715,4485,192000.0,1.0,covered_same,3.0,False,BMRN250221C00067500,bought,102000.0
GILD,2025-02-19,1,11.824324324324325,16407,289095.0,0.7783600546533147,uncovered,0.0,True,GILD250516C00090000,bought,175000.0
JNJ,2025-02-19,1,7.002770083102493,39300,948175.0,0.6757876974187255,covered_same,2.0,False,JNJ250404C00162500,sold,134400.0
INSM,2025-02-20,-1,128.5,1692,562825.0,1.0,uncovered,0.0,True,INSM250321C00072500,sold,562825.0
WVE,2025-02-20,1,27.463414634146343,2449,178125.0,1.0,uncovered,0.0,True,WVE250417C00012500,bought,90625.0
SNDX,2025-02-20,1,10.704453441295549,1863,66290.0,1.0,uncovered,0.0,True,SNDX250321C00017500,bought,66290.0
BBIO,2025-02-21,-1,3.682217714672076,4914,963184.0,0.6674737121879101,uncovered,0.0,True,BBIO250718C00030000,sold,270000.0
CYTK,2025-02-21,1,4.3354037267080745,4359,295120.0,0.7893738140417458,covered_same,1.0,False,CYTK250321C00065000,bought,232960.0
VRNA,2025-02-24,-1,12.867309117865084,9778,862620.0,0.8786255825276483,uncovered,0.0,True,VRNA250321C00055000,sold,124000.0
BMRN,2025-02-25,-1,17.914893617021278,2696,247200.0,1.0,uncovered,0.0,True,BMRN270115C00065000,sold,147200.0
GILD,2025-02-25,1,23.442622950819672,19767,548764.0,0.7772813085406477,covered_same,1.0,False,GILD250417C00115000,bought,372500.0
KROS,2025-02-26,1,5.024271844660194,1086,75000.0,1.0,uncovered,0.0,True,KROS250417P00010000,sold,75000.0
CAPR,2025-03-04,-1,10.08449138410228,15822,258085.0,0.8025456729372106,uncovered,0.0,True,CAPR260116P00030000,bought,72200.0
SLNO,2025-03-05,-1,17.984251968503937,1352,381000.0,0.8031496062992126,uncovered,0.0,True,SLNO250417P00040000,bought,306000.0
PCVX,2025-03-06,1,22.065934065934066,1016,662500.0,1.0,uncovered,0.0,True,PCVX250417P00075000,sold,437500.0
NVO,2025-03-10,1,3.059409462824618,61442,12052390.0,0.7206683487673399,covered_same,7.0,False,NVO250321P00120000,sold,2132000.0
RNA,2025-03-13,-1,200.0,4062,980000.0,1.0,uncovered,0.0,True,RNA250417P00033000,bought,980000.0
QURE,2025-03-14,1,7.647058823529412,2057,52400.0,1.0,uncovered,0.0,True,QURE250321C00012000,bought,52400.0
MRK,2025-03-14,1,3.725732899022802,104780,55439266.0,0.7269621859712212,covered_same,8.0,False,MRK250328C00083000,bought,2640000.0
BPMC,2025-03-17,-1,10.54468085106383,2215,88200.0,1.0,uncovered,0.0,True,BPMC250417C00100000,sold,88200.0
GSK,2025-03-17,1,137.6266666666667,22418,4572874.0,0.6976170784500075,covered_opposite,1.0,True,GSK250815C00041000,bought,2300000.0
PTGX,2025-03-18,1,4.06963249516441,1750,155000.0,1.0,uncovered,0.0,True,PTGX250417P00055000,sold,155000.0
AMGN,2025-03-19,1,10.226415094339623,8482,1152027.0,0.6542641795721802,covered_same,2.0,False,AMGN260116C00330000,bought,199440.0
HALO,2025-03-20,-1,6.771362586605081,2863,1906760.0,1.0,uncovered,0.0,True,HALO250321C00050000,sold,1906760.0
ALNY,2025-03-20,1,20.872180451127814,3626,479375.0,1.0,uncovered,0.0,True,ALNY250417P00250000,sold,130000.0
NVS,2025-03-21,-1,3.088082901554404,4027,144550.0,1.0,covered_same,3.0,False,NVS250321C00110000,sold,144550.0
VKTX,2025-03-24,1,10.025316455696204,15495,60800.0,1.0,covered_opposite,1.0,True,VKTX250417P00027500,sold,60800.0
MRUS,2025-03-25,-1,29.529411764705884,1046,269700.0,1.0,uncovered,0.0,True,MRUS250417C00045000,sold,269700.0
RPRX,2025-03-25,1,51.291666666666664,4891,52320.00000000001,1.0,uncovered,0.0,True,RPRX250417P00032500,sold,52320.00000000001
ITCI,2025-03-26,1,37.28813559322034,1213,196000.0,1.0,uncovered,0.0,True,ITCI250417C00130000,bought,196000.0
ARDX,2025-03-26,1,18.441292356185972,9440,353740.0,1.0,uncovered,0.0,True,ARDX250417C00005000,bought,140000.0
PTGX,2025-03-27,1,3.968503937007874,2304,315000.0,0.8412698412698413,uncovered,0.0,True,PTGX250417P00055000,sold,265000.0
ARDX,2025-03-27,1,8.010802469135802,6433,369333.0,0.8307760205559752,uncovered,0.0,True,ARDX260116C00005000,bought,131868.0
VRNA,2025-03-31,-1,3.968804159445407,3662,457652.0,1.0,uncovered,0.0,True,VRNA250417P00060000,bought,133980.0
BMY,2025-04-01,1,7.794871794871795,25557,925513.0,0.796511772390015,covered_same,3.0,False,BMY250516P00057500,bought,136107.0
SNY,2025-04-04,-1,10.069651741293532,4110,505000.0,1.0,covered_opposite,4.0,True,SNY250417P00055000,bought,293000.0
MRNA,2025-04-04,-1,3.01953556948028,144558,11486527.0,0.7194258107781404,covered_neutral,1.0,True,MRNA260116P00165000,bought,3173040.0
INSM,2025-04-07,-1,29.254545454545458,4048,1337520.0,0.9510138166158263,uncovered,0.0,True,INSM260116P00060000,bought,640000.0
ZTS,2025-04-08,-1,7.548223350253807,2538,50399.99999999999,1.0,uncovered,0.0,True,ZTS250516C00150000,sold,50399.99999999999
APGE,2025-04-08,-1,10.523605150214593,1338,122380.0,1.0,uncovered,0.0,True,APGE250417P00030000,bought,66960.0
BHVN,2025-04-08,1,13.234567901234568,2237,255000.0,1.0,covered_neutral,1.0,True,BHVN250516C00020000,bought,180000.0
APLS,2025-04-09,-1,24.876404494382022,3457,2226360.0,1.0,uncovered,0.0,True,APLS260116P00040000,bought,1598910.0
PTGX,2025-04-10,1,4.838582677165355,3254,254000.0,1.0,uncovered,0.0,True,PTGX250718P00035000,sold,200000.0
TEVA,2025-04-11,-1,9.572519083969466,28327,187052.0,0.7201206081731283,covered_opposite,3.0,True,TEVA250919C00014000,mid,94848.0
BHVN,2025-04-11,1,11.728813559322036,1886,102225.0,1.0,covered_opposite,3.0,True,BHVN250516P00015000,sold,102225.0
TEVA,2025-04-14,-1,44.63775780010577,92555,2181546.0,0.8148148148148149,covered_opposite,1.0,True,TEVA250509P00012000,bought,1777556.0000000002
PFE,2025-04-14,-1,3.3878579610538373,182080,7902978.0,0.8648924494032503,covered_same,6.0,False,PFE250516P00023000,bought,3810630.000000001
TECH,2025-04-15,-1,118.8,1223,59850.0,1.0,uncovered,0.0,True,TECH250516C00055000,sold,59850.0
IRON,2025-04-16,-1,200.0,2000,99000.0,1.0,uncovered,0.0,True,IRON250516C00045000,sold,99000.0
SRRK,2025-04-16,1,142.44444444444446,7644,132300.0,1.0,uncovered,0.0,True,SRRK250516C00035000,bought,132300.0
ABT,2025-04-16,-1,10.429292929292927,31098,1109354.0,0.8663780903120194,covered_opposite,3.0,True,ABT250516P00130000,bought,220558.0
NVAX,2025-04-17,-1,7.286230015471893,13194,396564.0,1.0,uncovered,0.0,True,NVAX250516P00006000,bought,170000.0
ACAD,2025-04-17,-1,15.735632183908049,3173,152750.0,1.0,uncovered,0.0,True,ACAD250516C00017000,sold,152750.0
TRVI,2025-04-22,-1,343.8095238095238,10909,930176.0,1.0,uncovered,0.0,True,TRVI250620C00007000,sold,456400.0
SNDX,2025-04-22,1,45.64071856287425,6236,133190.0,1.0,uncovered,0.0,True,SNDX250718P00010000,sold,80000.0
BHVN,2025-04-22,-1,45.56545961002786,9996,2125000.0,1.0,uncovered,0.0,True,BHVN250516C00020000,sold,1075000.0
ACAD,2025-04-22,-1,13.233695652173912,2613,141000.0,1.0,covered_opposite,1.0,True,ACAD250516C00017000,sold,141000.0
IRON,2025-04-23,-1,117.5,1187,105000.0,1.0,uncovered,0.0,True,IRON250516C00050000,sold,105000.0
TRVI,2025-04-23,-1,169.14285714285714,5329,525000.0,1.0,uncovered,0.0,True,TRVI250620C00007000,sold,525000.0
NVAX,2025-04-25,-1,7.416563658838072,32749,56280.00000000001,1.0,uncovered,0.0,True,NVAX260116P00010000,bought,56280.00000000001
VERA,2025-04-25,1,176.5185185185185,4861,1388000.0,0.680835734870317,uncovered,0.0,True,VERA250620C00022500,bought,945000.0
ZTS,2025-04-25,-1,11.479744136460557,4632,880000.0,1.0,covered_opposite,2.0,True,ZTS250516P00150000,bought,880000.0
SWTX,2025-04-25,1,5.288043478260869,61713,2214270.0,0.7477724035460896,covered_same,1.0,False,SWTX250620P00040000,sold,675000.0
BBIO,2025-04-28,-1,8.044334975369457,11016,297804.0,1.0,covered_opposite,1.0,True,BBIO250516P00032500,bought,200000.0
TRVI,2025-04-30,-1,20.304609218436873,5794,583500.0,1.0,uncovered,0.0,True,TRVI250620C00007000,sold,300000.0
ARQT,2025-04-30,1,5.891451831750339,2342,220000.0,1.0,uncovered,0.0,True,ARQT250516P00015000,sold,220000.0
TWST,2025-05-02,1,154.6,4602,450000.0,1.0,uncovered,0.0,True,TWST250516P00037500,sold,375000.0
CYTK,2025-05-02,-1,9.312649164677804,14271,2475654.0,0.6929845608473559,covered_neutral,1.0,True,CYTK260116C00042000,sold,820000.0
ACAD,2025-05-02,1,12.772200772200772,2288,50610.0,1.0,uncovered,0.0,True,ACAD250919P00015000,sold,50610.0
NBIX,2025-05-05,-1,214.25,4638,329034.0,0.8144568646401283,covered_opposite,1.0,True,NBIX250516C00115000,sold,111000.0
RXRX,2025-05-05,-1,7.703190013869626,36354,1699360.0,1.0,covered_opposite,1.0,True,RXRX260116P00010000,bought,788320.0
ZTS,2025-05-06,1,4.119800332778702,4520,51120.00000000001,1.0,covered_same,1.0,False,ZTS260116P00165000,sold,51120.00000000001
PRTA,2025-05-07,-1,112.35483870967742,4321,553900.0,1.0,uncovered,0.0,True,PRTA250620P00007500,bought,553900.0
EOLS,2025-05-07,-1,169.5,2643,80000.0,1.0,uncovered,0.0,True,EOLS250516C00012500,sold,80000.0
QURE,2025-05-08,1,20.25,6512,146880.0,1.0,uncovered,0.0,True,QURE250718C00012000,mid,278464.99999999994
PRGO,2025-05-08,1,474.3255813953488,20538,287536.0,1.0,uncovered,0.0,True,PRGO250620C00030000,bought,144804.0
BMY,2025-05-09,-1,5.319557904853436,40403,7139110.0,0.9048587288891753,covered_opposite,2.0,True,BMY250620P00060000,bought,1432425.0
BHVN,2025-05-12,-1,3.6745689655172415,3284,97963.0,1.0,covered_opposite,1.0,True,BHVN250620C00022500,sold,97963.0
XENE,2025-05-13,1,103.75510204081633,6508,718925.0,1.0,uncovered,0.0,True,XENE250620C00030000,bought,570000.0
ARWR,2025-05-13,1,10.778135048231512,3676,66150.0,1.0,uncovered,0.0,True,ARWR250516C00011000,bought,66150.0
JNJ,2025-05-15,-1,4.309851694915254,76319,47597460.0,0.9422248582172242,covered_opposite,3.0,True,JNJ250516P00165000,bought,15312000.0
MRK,2025-05-15,-1,26.979591836734695,127707,85944555.0,0.8692704965428002,covered_opposite,4.0,True,MRK250516P00090000,bought,20280000.0
TVTX,2025-05-16,-1,35.83516483516483,3496,408320.0,1.0,uncovered,0.0,True,TVTX250718C00017500,sold,408320.0
BBIO,2025-05-16,-1,3.5139573070607555,4766,397775.0,1.0,uncovered,0.0,True,BBIO250718C00035000,sold,150000.0
URGN,2025-05-21,1,39.2,22293,329000.0,1.0,uncovered,0.0,True,URGN250620C00007500,bought,165000.00000000003
URGN,2025-05-22,1,29.009836065573772,12200,51150.00000000001,1.0,uncovered,0.0,True,URGN250620C00005000,bought,51150.00000000001
TEVA,2025-05-27,-1,4.436771687526974,122210,4425256.0,0.725664684709766,covered_opposite,1.0,True,TEVA250606C00017500,sold,2905000.0
VRNA,2025-05-30,1,4.908296943231441,7243,1552198.0,0.7377589714714231,covered_same,1.0,False,VRNA260116C00060000,bought,367900.0
RNA,2025-06-04,-1,155.82222222222222,8153,728000.0,0.7142857142857143,uncovered,0.0,True,RNA250620P00030000,bought,520000.0
TVTX,2025-06-06,1,32.107317073170734,3874,120000.0,1.0,uncovered,0.0,True,TVTX250718C00017500,bought,120000.0
VERA,2025-06-09,1,10.48390243902439,7451,978600.0,0.7956264050684652,uncovered,0.0,True,VERA250718C00022500,bought,778600.0
AKRO,2025-06-09,-1,3.8593406593406594,7025,1751940.0,0.9232051325958651,uncovered,0.0,True,AKRO250620C00055000,sold,614179.9999999999
TEVA,2025-06-10,1,7.825621042377009,125364,3824284.0,0.8152681652304066,covered_same,1.0,False,TEVA250620C00015000,bought,159000.0
BMY,2025-06-10,1,18.03802281368821,33157,2924960.0,0.9200091625184618,covered_same,2.0,False,BMY250620P00060000,sold,882000.0
RARE,2025-06-11,-1,9.335922330097087,5572,104192.0,1.0,uncovered,0.0,True,RARE250815P00035000,bought,53120.00000000001
VRNA,2025-06-11,-1,9.075098814229248,11967,1523390.0,0.7483901036504113,uncovered,0.0,True,VRNA260116C00075000,sold,216479.99999999997
AVDL,2025-06-11,1,5.217853347502657,2865,67500.0,1.0,uncovered,0.0,True,AVDL250718C00010000,bought,67500.0
TGTX,2025-06-16,1,6.365168539325842,9420,179775.0,1.0,uncovered,0.0,True,TGTX250703C00035000,bought,179775.0
SNY,2025-06-16,1,17.42142857142857,7009,211053.0,1.0,covered_same,3.0,False,SNY260116C00060000,bought,157003.0
CYTK,2025-06-17,1,16.174757281553397,2513,141860.0,1.0,covered_same,1.0,False,CYTK270115C00040000,bought,77080.0
RARE,2025-06-18,1,5.571428571428571,11813,1610000.0,0.7437888198757764,uncovered,0.0,True,RARE250815C00040000,bought,630000.0
CORT,2025-06-20,-1,6.521072796934866,3059,123975.0,1.0,uncovered,0.0,True,CORT250620C00055000,sold,63336.0
NVO,2025-06-23,1,7.99265605875153,80959,2535125.0,0.6577900498003058,covered_same,6.0,False,NVO251017P00065000,bought,159250.0
SLNO,2025-06-25,1,20.015810276679844,15764,6665750.0,0.741214416982335,uncovered,0.0,True,SLNO251219P00070000,bought,1725000.0
CRSP,2025-06-30,-1,9.539518900343642,36150,2790230.0,0.8967002720205861,uncovered,0.0,True,CRSP250718P00050000,bought,924000.0
ARQT,2025-07-02,-1,5.212719298245614,3164,90000.0,1.0,uncovered,0.0,True,ARQT250815C00015000,sold,90000.0
SMMT,2025-07-03,-1,20.076923076923077,19977,569860.0,0.8933773207454463,uncovered,0.0,True,SMMT250718C00020000,sold,105000.0
COGT,2025-07-07,-1,19.882640586797063,16670,429399.99999999994,0.8757568700512343,uncovered,0.0,True,COGT250815C00010000,sold,376049.99999999994
PRME,2025-07-08,1,3.810888252148997,4985,74400.0,1.0,uncovered,0.0,True,PRME260116C00001000,bought,74400.0
TGTX,2025-07-08,1,13.107398568019091,9522,522600.0,0.8564867967853043,uncovered,0.0,True,TGTX260116P00033000,sold,210000.0
VOR,2025-07-08,-1,237.2,34403,343900.0,0.680139575457982,uncovered,0.0,True,VOR260116P00002000,bought,118900.0
SANA,2025-07-08,-1,5.872246696035242,5658,123875.0,1.0,uncovered,0.0,True,SANA250718P00005000,bought,123875.0
VOR,2025-07-09,-1,108.0,24876,225000.0,0.6666666666666666,uncovered,0.0,True,VOR251017C00004000,sold,150000.0
PFE,2025-07-10,1,8.521,121013,731541.0,0.7531020134209839,covered_same,5.0,False,PFE250815P00023000,sold,276675.0
INSM,2025-07-11,-1,6.666666666666667,4038,872400.0,0.8869669876203576,uncovered,0.0,True,INSM250815C00110000,sold,225000.0
ATYR,2025-07-14,1,3.4500683994528045,5714,52000.0,1.0,uncovered,0.0,True,ATYR251121C00007500,bought,52000.0
GSK,2025-07-14,-1,3.861952861952862,17897,288669.0,1.0,uncovered,0.0,True,GSK250718P00038500,bought,143920.0
IRON,2025-07-15,-1,853.1,8531,1470735.0,1.0,uncovered,0.0,True,IRON250815C00055000,sold,1470735.0
PRME,2025-07-16,1,4.701704545454546,8192,337000.0,1.0,uncovered,0.0,True,PRME260116C00005000,bought,200000.0
ALKS,2025-07-17,-1,43.925,3218,207660.0,1.0,uncovered,0.0,True,ALKS250815P00027000,bought,93100.0
ORIC,2025-07-18,-1,207.6315789473684,11836,3776000.0,1.0,uncovered,0.0,True,ORIC250919C00008000,sold,1976500.0
NKTR,2025-07-18,-1,5.205640423031728,7766,205660.0,0.708256345424487,uncovered,0.0,True,NKTR250718C00023000,sold,78000.0
TEVA,2025-07-18,1,4.135531135531136,5952,136850.0,1.0,covered_same,1.0,False,TEVA250919C00011000,bought,70850.0
BHVN,2025-07-21,-1,3.8341625207296848,1554,57519.00000000001,1.0,covered_same,5.0,False,BHVN250815C00015000,sold,57519.00000000001
AVDL,2025-07-21,1,5.239368165249089,2631,224000.0,1.0,uncovered,0.0,True,AVDL250815C00010000,bought,128000.0
BMY,2025-07-21,1,7.845303867403315,27215,980602.0,0.735238149626454,covered_opposite,1.0,True,BMY270115P00043000,sold,343000.00000000006
PTCT,2025-07-22,-1,46.82608695652174,2236,273350.0,1.0,uncovered,0.0,True,PTCT250919C00050000,sold,273350.0
QGEN,2025-07-23,-1,116.9,1182,168150.0,1.0,uncovered,0.0,True,QGEN250815C00050000,sold,99750.0
PTCT,2025-07-23,-1,57.13636363636363,2618,533330.0,1.0,uncovered,0.0,True,PTCT250919C00050000,sold,299100.0
ATYR,2025-07-23,-1,9.541484716157203,19859,884369.9999999999,1.0,uncovered,0.0,True,ATYR250919P00004000,bought,832369.9999999999
VERV,2025-07-24,1,38.405693950177934,37046,6396250.0,0.8058628102403752,uncovered,0.0,True,VERV251121C00005000,bought,1860000.0
INDV,2025-07-25,1,36.214285714285715,1106,199800.0,1.0,covered_neutral,1.0,True,INDV250815C00017500,bought,66600.0
PTCT,2025-07-28,-1,12.57258064516129,5446,455680.0,0.7142731741573034,uncovered,0.0,True,PTCT250919C00050000,bought,130200.0
MRK,2025-07-28,1,3.8896746817538896,86415,6002992.0,0.6705354596507874,covered_same,4.0,False,MRK270617C00090000,sold,1015000.0
PTCT,2025-07-29,1,16.615384615384617,14538,2037250.0,0.6662167137072034,uncovered,0.0,True,PTCT250815P00050000,sold,1120000.0
ATYR,2025-07-29,-1,11.104395604395604,30209,381846.0,0.8245889704226311,uncovered,0.0,True,ATYR251017P00004000,bought,73680.0
CORT,2025-07-30,-1,14.87463556851312,3010,337060.0,1.0,uncovered,0.0,True,CORT250815P00065000,bought,337060.0
PTCT,2025-07-31,-1,3.1820580474934035,1430,265720.0,1.0,uncovered,0.0,True,PTCT250919C00050000,sold,206500.0
CMPS,2025-07-31,1,14.786846741045215,14457,918750.0,1.0,uncovered,0.0,True,CMPS250919P00005000,sold,918750.0
BBIO,2025-08-01,1,7.312629399585921,6184,477514.0,0.6701374200547,uncovered,0.0,True,BBIO250815C00050000,bought,320000.0
AUPH,2025-08-01,1,5.902912621359223,5591,127875.0,1.0,uncovered,0.0,True,AUPH250815C00008000,bought,127875.0
ADMA,2025-08-05,1,3.17820324005891,3492,66454.0,1.0,uncovered,0.0,True,ADMA260116C00022000,bought,66454.0
SNY,2025-08-06,-1,99.04901960784314,20817,100000.0,1.0,covered_opposite,4.0,True,SNY250815C00047500,mid,550000.0
AKRO,2025-08-06,1,50.18852459016394,25260,7080245.0,0.7273759594477309,uncovered,0.0,True,AKRO251121C00057500,bought,2900000.0
RARE,2025-08-11,1,17.873493975903614,6129,1931593.0,0.7210861708444791,uncovered,0.0,True,RARE250815P00035000,sold,757350.0
PTCT,2025-08-11,-1,6.993121238177128,10894,2462880.0,0.6976710192944845,uncovered,0.0,True,PTCT251219C00050000,sold,858279.9999999999
MLYS,2025-08-11,1,100.5,1005,143500.0,1.0,uncovered,0.0,True,MLYS250919P00015000,sold,143500.0
VSTM,2025-08-11,-1,81.26470588235294,20406,887880.0,0.8447087444249223,uncovered,0.0,True,VSTM250919C00008000,sold,750000.0
NVAX,2025-08-12,1,3.620842056292161,23382,1231930.0,0.9331212000681857,covered_neutral,1.0,True,NVAX250815C00006000,bought,689540.0
COGT,2025-08-12,-1,764.4615384615385,19938,1378300.0,1.0,uncovered,0.0,True,COGT250919C00010000,mid,1890240.0
VRTX,2025-08-14,1,39.59183673469388,6791,24729360.0,0.7454317459085071,uncovered,0.0,True,VRTX250815P00460000,sold,4766999.999999999
APLS,2025-08-14,1,3.5420439844760674,11956,4059100.0,0.8848513217215639,uncovered,0.0,True,APLS251017C00020000,bought,1987500.0
NKTR,2025-08-15,1,14.19712525667351,7787,1414966.0,0.761867069597432,uncovered,0.0,True,NKTR250815C00025000,bought,495900.0
PFE,2025-08-15,1,3.743951612903226,119936,1723171.0,0.7009698979381617,covered_same,7.0,False,PFE260116P00025000,sold,380700.0
PHAT,2025-08-18,-1,24.057007125890735,5240,135000.0,1.0,uncovered,0.0,True,PHAT250919C00012500,sold,135000.0
RNA,2025-08-19,1,7.807427785419533,6742,314568.0,0.8391571933572392,uncovered,0.0,True,RNA250919C00048000,bought,57000.0
BHVN,2025-08-21,1,10.539473684210526,2819,171635.0,1.0,covered_opposite,2.0,True,BHVN251017C00020000,bought,101660.0
AGIO,2025-08-21,1,121.51351351351352,4751,1450000.0,1.0,uncovered,0.0,True,AGIO260116C00045000,bought,1140000.0
CMPS,2025-08-22,1,3.7478176527643066,6724,98500.0,1.0,uncovered,0.0,True,CMPS250919C00005000,bought,98500.0
MLYS,2025-08-25,1,255.1,3551,132000.0,1.0,uncovered,0.0,True,MLYS250919P00015000,sold,132000.0
MLTX,2025-08-27,1,12.96774193548387,1609,63750.0,1.0,covered_same,1.0,False,MLTX250919C00050000,bought,63750.0
PAHC,2025-08-28,-1,166.46666666666667,2616,72760.0,1.0,covered_opposite,1.0,True,PAHC250919C00035000,sold,72760.0
ALT,2025-08-28,1,3.2186666666666666,9650,58000.0,1.0,covered_opposite,3.0,True,ALT260116C00008000,bought,58000.0
RNA,2025-08-29,-1,8.420454545454545,6898,1882920.0,0.9479956663055255,uncovered,0.0,True,RNA250919C00050000,sold,987000.0
OCUL,2025-09-02,-1,3.597145122918319,3682,52000.0,1.0,uncovered,0.0,True,OCUL250919C00010000,sold,52000.0
RARE,2025-09-02,-1,6.925207756232687,3176,156975.0,1.0,uncovered,0.0,True,RARE260116C00040000,sold,105000.0
IDYA,2025-09-02,1,181.7,1860,110000.0,1.0,uncovered,0.0,True,IDYA250919C00025000,bought,110000.0
CMPS,2025-09-04,1,9.286054827175208,16991,650000.0,0.6538461538461539,uncovered,0.0,True,CMPS251017C00005000,bought,425000.0
SNDX,2025-09-05,-1,41.12618296529968,19443,1243200.0,1.0,uncovered,0.0,True,SNDX250919C00017500,sold,355000.0
COGT,2025-09-05,-1,121.8095238095238,1325,87500.0,1.0,uncovered,0.0,True,COGT250919C00013000,sold,87500.0
SLNO,2025-09-08,1,12.175438596491228,1203,53906.99999999999,1.0,covered_opposite,2.0,True,SLNO251017P00070000,sold,53906.99999999999
MRK,2025-09-10,-1,5.801481481481481,26932,255128.0,1.0,covered_opposite,3.0,True,MRK251017P00075000,bought,90828.0
RNA,2025-09-11,1,5.669745958429561,14931,171680.0,1.0,uncovered,0.0,True,RNA251017C00045000,bought,61020.00000000001
RXRX,2025-09-11,1,10.661574227831286,70546,52500.0,1.0,uncovered,0.0,True,RXRX251219C00006000,bought,52500.0
DNTH,2025-09-12,1,70.54736842105264,5723,2653775.0,0.8976363859031004,covered_neutral,1.0,True,DNTH251017C00030000,bought,1759500.0
ABCL,2025-09-16,1,3.982456140350877,7460,56250.0,1.0,uncovered,0.0,True,ABCL260417C00005000,bought,56250.0
NUVB,2025-09-17,1,52.42191780821918,38404,1818048.0,0.8645833333333334,uncovered,0.0,True,NUVB250919C00002500,bought,1571854.0
STOK,2025-09-17,1,39.84920634920635,10126,4950000.0,0.8181818181818182,uncovered,0.0,True,STOK250919C00015000,bought,4050000.0
QURE,2025-09-18,1,7.370967741935484,10324,1089897.0,0.7891819135202685,uncovered,0.0,True,QURE270115P00012000,sold,473526.0
INSM,2025-09-18,1,3.417890520694259,8293,4123142.0,0.7300636262345561,uncovered,0.0,True,INSM260116C00160000,bought,920000.0
NBIX,2025-09-18,-1,116.3,2808,200000.0,1.0,uncovered,0.0,True,NBIX250919C00140000,mid,490000.0
MLTX,2025-09-18,-1,3.1544419134396353,16278,7152510.0,0.681692860268633,uncovered,0.0,True,MLTX251017C00050000,sold,1460970.0
SLNO,2025-09-18,-1,21.26797385620915,5062,926600.0,0.6859486293977984,covered_same,1.0,False,SLNO250919P00080000,bought,352800.0
BHVN,2025-09-18,-1,5.005701254275941,7497,404280.0,1.0,uncovered,0.0,True,BHVN260417C00015000,sold,345000.0
NVO,2025-09-18,1,4.693098871930989,159717,10998467.0,0.7088096004652285,covered_same,19.0,False,NVO260320C00065000,bought,740000.0
NVAX,2025-09-19,1,5.104415584415585,21442,130734.0,1.0,uncovered,0.0,True,NVAX260417C00008000,bought,65367.00000000001
SLNO,2025-09-19,-1,24.052287581699343,6714,2365000.0,0.6955602536997886,covered_same,2.0,False,SLNO251121P00050000,sold,720000.0
LRMR,2025-09-22,1,27.52021563342318,8692,120405.0,1.0,uncovered,0.0,True,LRMR251121C00007500,mid,90300.0
BMRN,2025-09-22,-1,7.342618384401114,2005,64476.0,1.0,uncovered,0.0,True,BMRN251017C00057500,sold,64476.0
ABCL,2025-09-22,1,3.1222063718497384,7589,60000.0,1.0,uncovered,0.0,True,ABCL260417C00007000,bought,60000.0
ROIV,2025-09-24,-1,99.67591240875912,64789,9773936.0,0.8066768597625358,uncovered,0.0,True,ROIV251017C00012000,sold,3693150.0
LRMR,2025-09-25,1,11.669829222011384,4452,53210.0,1.0,uncovered,0.0,True,LRMR251017C00005000,bought,53210.0
SPRY,2025-09-25,1,21.340314136125656,2122,199935.0,1.0,uncovered,0.0,True,SPRY251121C00010000,bought,199935.0
EBS,2025-09-25,1,41.074829931972786,6477,160000.0,1.0,uncovered,0.0,True,EBS251017C00009000,bought,80000.0
BHVN,2025-09-26,1,5.682352941176471,16107,2145000.0,0.7086247086247086,uncovered,0.0,True,BHVN251121P00010000,sold,760000.0
PGEN,2025-09-29,-1,4.023076923076923,3164,70380.0,1.0,uncovered,0.0,True,PGEN251017P00004500,bought,70380.0
INSM,2025-09-29,-1,4.669026548672567,3701,268725.0,0.7674202251372221,uncovered,0.0,True,INSM251017P00140000,mid,403975.0
PHAT,2025-09-30,1,21.737373737373737,1117,109620.0,1.0,uncovered,0.0,True,PHAT251121C00010000,bought,55620.00000000001
DNA,2025-09-30,-1,4.755778894472362,9005,58000.0,1.0,uncovered,0.0,True,DNA251219C00017000,sold,58000.0
LRMR,2025-10-01,1,17.69356725146199,15741,115000.0,1.0,covered_same,3.0,False,LRMR251017C00005000,bought,115000.0
VKTX,2025-10-01,1,7.965156794425087,20272,463180.0,0.7110842437065503,covered_neutral,1.0,True,VKTX251121C00020000,bought,221260.0
ARCT,2025-10-01,1,17.4519056261343,15177,1445892.0,0.8172961742647445,covered_opposite,1.0,True,ARCT251017P00030000,sold,232848.0
GILD,2025-10-01,-1,30.214797136038182,25786,1996219.0,0.7254133940213975,covered_neutral,1.0,True,GILD251017C00115000,sold,725985.0
EXEL,2025-10-03,-1,11.57391304347826,2725,50000.0,1.0,covered_opposite,1.0,True,EXEL251017C00042000,sold,50000.0
GILD,2025-10-03,1,5.866666666666666,22280,1874770.0,0.733183270481179,covered_neutral,1.0,True,GILD251219C00115000,bought,552500.0
NAMS,2025-10-06,1,123.04761904761904,1852,270000.0,1.0,uncovered,0.0,True,NAMS251121P00030000,sold,270000.0
SCPH,2025-10-06,1,2848.6,55804,10484750.0,0.9424878990915377,covered_neutral,1.0,True,SCPH251121C00002500,bought,5456000.0
TECH,2025-10-07,-1,24.479338842975206,1618,287270.0,1.0,uncovered,0.0,True,TECH251121C00065000,sold,287270.0
SLNO,2025-10-08,1,6.580926430517711,11832,4824150.0,0.8652612377309993,covered_opposite,1.0,True,SLNO251121C00065000,bought,3750000.0
AQST,2025-10-08,1,6.793354101765317,10454,127500.0,1.0,covered_same,1.0,False,AQST260220P00005000,sold,127500.0
CYTK,2025-10-08,-1,3.4178168130489337,1883,311220.0,1.0,covered_same,4.0,False,CYTK251121C00065000,sold,150000.0
TEVA,2025-10-08,1,3.1810766721044046,64996,212500.0,1.0,covered_same,1.0,False,TEVA260116C00017000,bought,212500.0
IRON,2025-10-09,-1,100.3,1044,335000.0,1.0,uncovered,0.0,True,IRON251121C00075000,sold,335000.0
AQST,2025-10-09,1,6.908212560386473,8029,177500.0,0.6957746478873239,covered_same,1.0,False,AQST251121C00006000,bought,67500.0
LEGN,2025-10-10,-1,28.687898089171973,2370,65000.0,1.0,uncovered,0.0,True,LEGN251121C00037500,sold,65000.0
SLNO,2025-10-10,1,5.084252315835906,10890,4715000.0,0.8727465535524921,covered_opposite,1.0,True,SLNO251121C00065000,bought,4025000.0
SRRK,2025-10-13,1,5.666328394560584,17141,3430764.0,0.7439602374281646,covered_opposite,1.0,True,SRRK251017P00035000,sold,2057000.0
ARDX,2025-10-13,1,29.87376725838264,13005,682000.0,1.0,uncovered,0.0,True,ARDX251121C00004000,bought,682000.0
AVDL,2025-10-13,1,16.95438596491228,2697,367255.0,1.0,uncovered,0.0,True,AVDL251121C00012500,bought,367255.0
AVDL,2025-10-14,-1,13.92280701754386,2378,150000.0,1.0,uncovered,0.0,True,AVDL251121C00012500,sold,50000.0
GPCR,2025-10-14,1,6.519230769230769,1268,497500.0,1.0,uncovered,0.0,True,GPCR251017C00022500,bought,385000.0
ABBV,2025-10-14,1,15.260377358490564,169110,329226238.0,0.6535111092816362,covered_same,2.0,False,ABBV251017C00210000,bought,15147000.0
RXRX,2025-10-14,-1,3.0160933116787243,49369,494265.0,0.8558465600437013,covered_neutral,1.0,True,RXRX280121P00010000,bought,151900.0
RCUS,2025-10-15,1,115.07865168539324,20600,5110000.000000001,0.9256360078277887,uncovered,0.0,True,RCUS251121C00012500,bought,4730000.000000001
BHVN,2025-10-15,1,3.084016393442623,6247,428000.0,1.0,covered_neutral,1.0,True,BHVN251017C00012500,bought,265000.0
QGEN,2025-10-16,-1,63.8125,1022,80000.0,1.0,uncovered,0.0,True,QGEN251121C00050000,sold,80000.0
ALKS,2025-10-16,-1,179.7058823529412,11098,2523000.0,1.0,uncovered,0.0,True,ALKS251121C00030000,sold,1116000.0
ARCT,2025-10-17,1,3.071838511775183,13254,1034159.0,0.8011282597743674,uncovered,0.0,True,ARCT251121P00017500,sold,269939.99999999994
ALNY,2025-10-17,-1,55.46666666666667,2709,6360572.0,0.954761930216339,uncovered,0.0,True,ALNY251219C00490000,sold,3898619.999999999
NKTR,2025-10-20,1,6.2398753894081,4506,265374.0,0.7942827858041858,uncovered,0.0,True,NKTR251219C00070000,bought,76632.0
AVDL,2025-10-22,-1,32.596363636363634,16193,1353140.0,0.7907090175443783,covered_opposite,2.0,True,AVDL251121C00012500,bought,283200.0
ABBV,2025-10-23,-1,8.900616860863606,18041,10356630.0,0.9940299112742272,covered_opposite,6.0,True,ABBV251219C00220000,sold,2920000.0
IMVT,2025-10-27,-1,26.0,7347,757500.0,0.6534653465346535,uncovered,0.0,True,IMVT251121C00019000,sold,495000.0
PGEN,2025-10-28,1,4.596816976127321,10005,343756.0,0.8449539789850941,uncovered,0.0,True,PGEN260116C00003500,bought,230958.0
ETNB,2025-10-29,-1,38.46783625730994,46650,16531450.0,0.7772578932882476,uncovered,0.0,True,ETNB251121C00010000,sold,2649600.0
EBS,2025-10-30,-1,5.888888888888889,6203,289400.0,1.0,uncovered,0.0,True,EBS251219C00006000,sold,156000.0
PFE,2025-10-30,-1,3.987280917590945,248036,3500536.0,0.8030138813027491,covered_same,8.0,False,PFE251121C00025000,sold,1710000.0
WVE,2025-10-31,-1,10.404973357015988,3706,57269.99999999999,1.0,covered_opposite,1.0,True,WVE251121C00009000,sold,57269.99999999999
ARDX,2025-10-31,1,6.548123980424143,8403,107505.0,1.0,uncovered,0.0,True,ARDX260116C00003500,bought,57504.99999999999
NUVB,2025-11-04,-1,10.161843515541264,13111,74700.0,1.0,covered_neutral,1.0,True,NUVB251121P00005000,bought,74700.0
SNY,2025-11-04,-1,11.2465483234714,4246,157875.0,1.0,covered_opposite,5.0,True,SNY251121P00047500,bought,157875.0
COLL,2025-11-05,1,253.2,2534,265000.0,1.0,uncovered,0.0,True,COLL251121C00035000,bought,135000.0
BHVN,2025-11-05,1,6.260298507462687,65142,3510630.0,0.7072605201915326,uncovered,0.0,True,BHVN270115C00015000,bought,630000.0
SRPT,2025-11-06,1,3.483211678832117,9869,8577200.0,0.6602620901926036,covered_opposite,1.0,True,SRPT251121P00045000,sold,1201500.0
MLYS,2025-11-11,1,12.52777777777778,1767,72128.00000000001,1.0,uncovered,0.0,True,MLYS260618C00040000,bought,72128.00000000001
CAPR,2025-11-11,-1,15.764841498559075,42847,493470.0,1.0,uncovered,0.0,True,CAPR251219P00006000,bought,136030.0
HROW,2025-11-11,1,67.01449275362319,6637,87500.0,1.0,uncovered,0.0,True,HROW270115P00070000,sold,87500.0
IMRX,2025-11-13,1,25.142857142857142,2773,288000.0,1.0,uncovered,0.0,True,IMRX251219P00007500,sold,288000.0
SNDX,2025-11-13,1,4.968503937007874,7516,727500.0,1.0,uncovered,0.0,True,SNDX251219C00014000,bought,303750.0
MRNA,2025-11-13,1,4.537900056148231,77044,34142292.0,0.8128134455648145,covered_neutral,2.0,True,MRNA260116P00165000,mid,27400800.0
BMY,2025-11-13,-1,17.403837154890034,88256,2301895.0,0.683738832570556,covered_opposite,3.0,True,BMY260320C00055000,sold,1148000.0
RLAY,2025-11-14,-1,134.6315789473684,5191,130928.0,1.0,uncovered,0.0,True,RLAY251219C00007500,sold,66668.0
CMPX,2025-11-14,-1,218.6086956521739,5046,250000.0,1.0,uncovered,0.0,True,CMPX251219C00005000,sold,250000.0
ELAN,2025-11-14,1,66.5,4664,186000.0,1.0,uncovered,0.0,True,ELAN251219C00022000,bought,114000.0
DAWN,2025-11-14,-1,101.12987012987011,8035,1208238.0,0.7063260715190219,covered_opposite,2.0,True,DAWN260116C00007500,sold,150000.0
KROS,2025-11-17,-1,3.750741839762611,2778,50540.0,1.0,uncovered,0.0,True,KROS251219P00030000,bought,50540.0
ANAB,2025-11-17,1,203.1,3486,836390.0,0.8453472662274776,uncovered,0.0,True,ANAB260116P00035000,sold,330000.0
AVDL,2025-11-17,1,5.105169340463458,5640,4016430.0,0.7768217048473396,covered_same,4.0,False,AVDL251121C00012500,sold,382200.0
DAWN,2025-11-17,-1,63.62337662337662,5208,1277508.0,0.7072362756241056,uncovered,0.0,True,DAWN260116C00007500,sold,165000.0
KROS,2025-11-18,1,7.434718100890208,7810,1553165.0,0.6963374786323411,covered_neutral,1.0,True,KROS251121C00012500,bought,204440.0
TARS,2025-11-18,-1,68.70967741935483,1076,360000.0,1.0,uncovered,0.0,True,TARS260116C00080000,sold,360000.0
OGN,2025-11-19,1,3.049307479224377,3502,188500.0,1.0,covered_neutral,1.0,True,OGN251121P00009000,sold,188500.0
INSM,2025-11-19,1,6.171428571428572,2121,1853750.0,0.8169224544841538,uncovered,0.0,True,INSM260116C00200000,bought,1514370.0
NUVB,2025-11-19,-1,6.512027491408935,36783,1196075.0,0.9523441255774094,uncovered,0.0,True,NUVB260320C00007500,sold,711125.0
GPCR,2025-11-19,-1,8.281385281385282,5753,3849560.0,0.6884615384615385,uncovered,0.0,True,GPCR251219C00037500,sold,1480600.0
AGIO,2025-11-19,1,90.51803278688524,29037,3716190.0,0.7731278540655887,covered_opposite,1.0,True,AGIO260116P00022500,sold,2181480.0
ANAB,2025-11-21,1,165.89743589743588,3262,152515.0,1.0,covered_opposite,2.0,True,ANAB251219P00030000,sold,152515.0
BCRX,2025-11-21,1,9.532773109243696,3876,53000.0,1.0,covered_neutral,1.0,True,BCRX260320C00007000,bought,53000.0
BMRN,2025-11-24,1,6.563218390804598,2332,244000.0,1.0,uncovered,0.0,True,BMRN251219C00057500,bought,168000.0
BNTX,2025-11-24,1,4.599571734475375,1744,213550.0,1.0,uncovered,0.0,True,BNTX280121C00050000,bought,53510.0
INDV,2025-11-25,1,25.26086956521739,5026,2218709.0,0.9307214240353286,uncovered,0.0,True,INDV261218C00030000,bought,1050000.0
SRPT,2025-11-25,1,4.065735414954807,6784,1842324.0,0.9715989152830881,uncovered,0.0,True,SRPT260116P00060000,sold,1020000.0
AMRX,2025-11-25,1,34.95238095238095,1213,50000.0,1.0,uncovered,0.0,True,AMRX251219C00012500,bought,50000.0
ELAN,2025-11-25,-1,27.544444444444444,3783,280100.0,1.0,uncovered,0.0,True,ELAN251219C00022000,sold,200000.0
KALV,2025-11-26,1,154.27692307692308,10086,650000.0,1.0,uncovered,0.0,True,KALV251219P00012500,sold,650000.0
AVTX,2025-11-26,-1,105.9,1072,110000.0,1.0,uncovered,0.0,True,AVTX251219P00017500,bought,110000.0
AMGN,2025-11-28,-1,11.971119133574009,8713,2151143.0,0.9333056891150425,covered_neutral,3.0,True,AMGN260116P00330000,bought,1881000.0
PRGO,2025-12-01,1,6.492836676217765,1323,60800.0,1.0,covered_opposite,2.0,True,PRGO251219C00012500,bought,60800.0
JANX,2025-12-02,1,33.83844911147011,20073,1173165.0,0.7174821955990845,uncovered,0.0,True,JANX251219P00025000,sold,541725.0
AMGN,2025-12-02,1,4.708860759493671,6938,789600.0,0.9278115501519757,covered_neutral,1.0,True,AMGN260116P00330000,sold,732600.0
SRPT,2025-12-03,-1,4.01137171286425,9873,724000.0,1.0,uncovered,0.0,True,SRPT251219C00017500,sold,420000.0
ANIP,2025-12-04,1,100.0,1002,247000.0,1.0,uncovered,0.0,True,ANIP260116P00080000,sold,247000.0
OCUL,2025-12-05,-1,7.693012600229095,3508,381639.99999999994,1.0,covered_opposite,1.0,True,OCUL260116C00012500,sold,381639.99999999994
SNY,2025-12-08,1,84.64765100671141,40694,5224000.0,1.0,covered_same,4.0,False,SNY260116P00050000,sold,2338100.0
SVRA,2025-12-08,-1,8.697802197802197,1730,138000.0,1.0,uncovered,0.0,True,SVRA251219C00005000,sold,138000.0
ABEO,2025-12-08,-1,3.9413735343383585,4083,56000.0,1.0,uncovered,0.0,True,ABEO260320C00002500,sold,56000.0
AGIO,2025-12-08,-1,3.2686084142394822,3252,407680.0,1.0,uncovered,0.0,True,AGIO261218C00030000,sold,407680.0
ALNY,2025-12-09,-1,28.82926829268293,1642,51630.00000000001,1.0,covered_opposite,1.0,True,ALNY251219C00490000,mid,76230.0
OMER,2025-12-10,-1,4.426307448494454,7987,522200.0,0.8659517426273459,uncovered,0.0,True,OMER260116P00010000,bought,400000.0
RCUS,2025-12-10,-1,8.827004219409282,1487,52500.0,1.0,uncovered,0.0,True,RCUS251219C00022500,sold,52500.0
GPCR,2025-12-11,-1,6.2853503184713375,5556,6572618.0,0.6660137558580158,covered_opposite,1.0,True,GPCR251219C00040000,sold,2579850.0
TSHA,2025-12-15,-1,19.30851063829787,3651,398999.99999999994,1.0,uncovered,0.0,True,TSHA260116C00005000,sold,398999.99999999994
ZTS,2025-12-16,1,8.158536585365853,7264,878802.0,0.7737806695933782,uncovered,0.0,True,ZTS260116C00130000,bought,680000.0
INDV,2025-12-17,1,73.13333333333334,1391,75000.0,1.0,uncovered,0.0,True,INDV260116C00035000,bought,75000.0
CRVS,2025-12-17,-1,3.116279069767442,2412,105000.0,1.0,uncovered,0.0,True,CRVS260116C00007000,sold,52500.0
SMMT,2025-12-18,-1,6.0708860759493675,4029,498600.0,0.7154031287605295,uncovered,0.0,True,SMMT260417P00020000,bought,121200.0
DAWN,2025-12-18,1,14.375366568914956,10303,886325.0,0.7450145262742222,uncovered,0.0,True,DAWN260116C00009000,bought,161000.0
JANX,2025-12-19,-1,4.312312312312312,1959,56000.0,1.0,uncovered,0.0,True,JANX260116C00015000,sold,56000.0
BMRN,2025-12-19,-1,6.774193548387097,12536,408800.0,0.6773483365949119,uncovered,0.0,True,BMRN270115C00060000,mid,237660.0
CDTX,2025-12-19,-1,331.0,13126,1469796.0,0.8866876763850221,uncovered,0.0,True,CDTX251219C00120000,sold,1252250.0
ABT,2025-12-19,-1,3.070048309178744,9470,292932.0,1.0,covered_neutral,2.0,True,ABT260116C00125000,sold,175380.00000000003
DAWN,2025-12-19,1,18.09715242881072,14530,1031525.0,0.7404619374227479,uncovered,0.0,True,DAWN251219C00008000,sold,160000.0
NVS,2025-12-22,-1,16.03053435114504,2814,291375.0,0.7188502788502789,covered_opposite,2.0,True,NVS271217C00175000,sold,89600.0
NUVB,2025-12-22,-1,6.47124824684432,2759,103920.0,1.0,uncovered,0.0,True,NUVB260116C00010000,sold,103920.0
BBIO,2025-12-22,1,12.291208791208792,3409,1844025.0,0.9608682094873985,uncovered,0.0,True,BBIO260220C00077500,bought,124250.0
OMER,2025-12-23,-1,5.971846846846847,12135,107910.0,1.0,uncovered,0.0,True,OMER260116P00006000,bought,107910.0
AGIO,2025-12-24,-1,7.954423592493297,3995,586080.0,1.0,covered_opposite,2.0,True,AGIO261218C00030000,sold,510000.0
CORT,2025-12-26,1,4.888888888888889,5464,79600.0,1.0,uncovered,0.0,True,CORT260116C00100000,bought,79600.0
AGIO,2025-12-26,-1,4.774798927613941,3964,1726479.9999999998,0.8621240906352811,covered_opposite,2.0,True,AGIO261218C00030000,sold,968060.0
IMVT,2025-12-30,-1,84.52631578947368,3244,679415.0,0.9095913396083395,uncovered,0.0,True,IMVT260717C00030000,sold,479039.99999999994
VERA,2025-12-31,-1,52.75555555555555,7134,6520000.0,1.0,uncovered,0.0,True,VERA260116C00040000,sold,3300000.0
PVLA,2026-01-05,1,117.9,1615,650700.0,1.0,uncovered,0.0,True,PVLA260116C00090000,bought,597100.0
OGN,2026-01-06,-1,14.53631284916201,26640,213125.0,1.0,uncovered,0.0,True,OGN260320C00009000,sold,213125.0
JAZZ,2026-01-06,-1,24.06741573033708,2371,52200.0,1.0,covered_opposite,1.0,True,JAZZ260220C00170000,sold,52200.0
RPRX,2026-01-06,1,13.123456790123456,1389,58000.0,1.0,uncovered,0.0,True,RPRX260116C00040000,bought,58000.0
MBX,2026-01-07,-1,114.8148148148148,1688,191200.0,1.0,uncovered,0.0,True,MBX280121C00025000,sold,191200.0
GLUE,2026-01-07,-1,66.82666666666667,6614,119360.0,1.0,uncovered,0.0,True,GLUE260116C00025000,sold,119360.0
CORT,2026-01-07,-1,3.963824289405685,3092,110240.0,1.0,covered_same,2.0,False,CORT260220P00035000,bought,58500.0
MLYS,2026-01-08,1,18.17241379310345,2296,102400.0,1.0,uncovered,0.0,True,MLYS260116P00035000,sold,102400.0
VNDA,2026-01-08,1,6.598337950138504,9246,117000.0,1.0,uncovered,0.0,True,VNDA260220C00007000,bought,117000.0
RPRX,2026-01-08,-1,27.39130434782609,3466,638396.0,1.0,covered_opposite,2.0,True,RPRX260116C00040000,sold,190000.0
PCRX,2026-01-09,1,107.6,1197,190000.0,1.0,uncovered,0.0,True,PCRX260116P00025000,sold,190000.0
LXEO,2026-01-09,1,512.4,7163,568014.0,1.0,covered_same,2.0,False,LXEO260116C00010000,bought,119040.0
ARDX,2026-01-09,1,9.480968858131488,13647,178435.0,1.0,uncovered,0.0,True,ARDX260717C00008000,bought,111125.0
OCUL,2026-01-12,-1,7.213314580403188,17438,2487400.0,0.9770845059097854,uncovered,0.0,True,OCUL260220P00011000,bought,2000000.0
MLTX,2026-01-12,1,4.417322834645669,9596,76970.0,1.0,uncovered,0.0,True,MLTX260515C00020000,bought,76970.0
ABT,2026-01-12,-1,6.372262773722627,10076,435000.0,1.0,covered_opposite,3.0,True,ABT260220P00125000,bought,435000.0
ERAS,2026-01-12,-1,14.067415730337078,18132,3481281.0,1.0,uncovered,0.0,True,ERAS261218C00002500,mid,1014675.0
TECH,2026-01-13,1,91.64957264957263,10727,1475000.0,1.0,uncovered,0.0,True,TECH260220P00060000,sold,1055000.0
CGON,2026-01-13,-1,24.9390243902439,2263,331385.0,1.0,covered_opposite,1.0,True,CGON260116C00050000,sold,167500.0
RVMD,2026-01-14,-1,23.070631970260223,11744,11497020.0,0.674634818413815,covered_opposite,1.0,True,RVMD260417C00050000,sold,6778250.0
NVAX,2026-01-15,1,9.96950929013816,20242,555000.0,0.6756756756756757,uncovered,0.0,True,NVAX260220C00008000,bought,195000.0
INSM,2026-01-15,1,12.783532536520584,35185,71548655.0,0.7531004600994945,uncovered,0.0,True,INSM260116P00200000,sold,19810000.0
DAWN,2026-01-15,-1,21.45314009661836,22306,3881553.0,0.8797272638039465,uncovered,0.0,True,DAWN260116C00009000,sold,619690.0
IBRX,2026-01-15,-1,8.286458333333334,121290,2737115.0,0.9257137533497862,covered_opposite,3.0,True,IBRX280121C00003500,sold,1000000.0
CGON,2026-01-16,-1,24.204651162790697,2766,50000.0,1.0,uncovered,0.0,True,CGON260116C00050000,sold,50000.0
NVAX,2026-01-16,1,13.12671635935661,38552,116870.0,1.0,uncovered,0.0,True,NVAX260717C00006000,bought,116870.0
AQST,2026-01-20,1,5.75058275058275,14653,825000.0,1.0,uncovered,0.0,True,AQST260220P00004000,sold,575000.0
IBRX,2026-01-20,-1,6.4192390524048815,153560,9332363.0,0.7715052447059763,uncovered,0.0,True,IBRX280121C00003500,sold,4519999.999999999
ABT,2026-01-21,1,4.461538461538462,38313,1560603.0,0.8169021846042843,covered_same,1.0,False,ABT260220P00130000,sold,832000.0
QGEN,2026-01-22,1,3.924865831842576,1133,209440.0,0.7591673032849503,covered_same,3.0,False,QGEN260220C00050000,bought,159000.0
TECH,2026-01-22,-1,68.56271186440678,12172,1519520.0,0.8061756344108666,covered_opposite,1.0,True,TECH260220P00065000,bought,1225000.0
TBPH,2026-01-22,1,212.3,2259,303180.0,1.0,covered_neutral,1.0,True,TBPH260320C00022500,bought,303180.0
RDY,2026-01-22,1,770.9,7746,191000.0,1.0,uncovered,0.0,True,RDY260320C00015000,bought,90000.0
INSM,2026-01-23,1,7.070140280561122,4413,862420.0,0.8551517821942904,uncovered,0.0,True,INSM260417C00175000,bought,395500.00000000006
TVTX,2026-01-23,1,3.8380664652567975,3257,193700.0,1.0,uncovered,0.0,True,TVTX260320P00025000,sold,193700.0
CNTA,2026-01-23,1,37.0,3027,660000.0000000001,1.0,uncovered,0.0,True,CNTA260320C00025000,bought,660000.0000000001
DNTH,2026-01-29,-1,150.0,3694,2025000.0,0.6666666666666666,uncovered,0.0,True,DNTH260821C00075000,sold,1350000.0
OCUL,2026-02-04,-1,6.300443200373222,30718,3179700.0,0.9802811585998679,uncovered,0.0,True,OCUL260220P00011000,bought,2670000.0
TBPH,2026-02-04,-1,36.0,2279,286999.99999999994,1.0,uncovered,0.0,True,TBPH260320P00017500,bought,286999.99999999994
WVE,2026-02-05,-1,5.158333333333333,1651,107784.0,1.0,covered_opposite,1.0,True,WVE260320C00015000,sold,107784.0
GOSS,2026-02-05,-1,5.0549843540455965,45587,1871881.0,0.875573821199104,uncovered,0.0,True,GOSS260320P00003000,bought,925000.0
ADMA,2026-02-05,1,11.938718662952644,2532,82500.00000000001,1.0,uncovered,0.0,True,ADMA260220P00016000,sold,82500.00000000001
VTRS,2026-02-09,1,6.427184466019417,11241,92500.0,1.0,uncovered,0.0,True,VTRS260717C00011000,bought,92500.0
RARE,2026-02-10,-1,40.96416938110749,6296,632578.0,1.0,covered_same,5.0,False,RARE260320P00025000,bought,632578.0
DNA,2026-02-10,1,8.861219195849547,3736,62160.0,1.0,uncovered,0.0,True,DNA260320C00012000,bought,62160.0
MRNA,2026-02-10,1,13.50859950859951,48010,1853400.0,0.692265565986835,covered_same,3.0,False,MRNA260618P00030000,sold,180000.0
VTRS,2026-02-11,-1,5.889320388349515,8057,189440.0,1.0,uncovered,0.0,True,VTRS270115C00010000,sold,126000.0
AZN,2026-02-11,1,126.7,4621,2705720.0,0.7706451517525834,covered_same,1.0,False,AZN280121C00210000,bought,282730.0
AVDL,2026-02-11,1,184.6969696969697,34811,13731955.0,0.73934119358824,covered_neutral,1.0,True,AVDL260320C00015000,bought,3300000.0
NBIX,2026-02-12,1,127.1818181818182,3561,6185000.0,0.9909296685529507,covered_opposite,1.0,True,NBIX260220P00150000,sold,3340500.0
RCUS,2026-02-12,-1,153.94871794871796,18416,7009505.0,0.87673879967273,uncovered,0.0,True,RCUS260417C00015000,sold,5531350.0
SNY,2026-02-13,-1,5.233954451345756,3372,265000.0,0.7358490566037735,covered_same,10.0,False,SNY260320C00047500,sold,125000.0
PGEN,2026-02-17,1,8.902711323763956,8681,54000.0,1.0,uncovered,0.0,True,PGEN270115C00005000,bought,54000.0
VKTX,2026-02-17,-1,3.2821270310192023,14959,1371220.0,0.7140502618106503,covered_opposite,1.0,True,VKTX270115P00065000,bought,447360.00000000006
OMER,2026-02-18,-1,3.9972527472527473,3769,87359.99999999999,1.0,uncovered,0.0,True,OMER260220C00003000,sold,87359.99999999999
PHAT,2026-02-18,1,42.723404255319146,3411,551750.0,0.7915722700498414,uncovered,0.0,True,PHAT260220C00007500,bought,190000.0
GILD,2026-02-18,-1,7.577557755775578,20088,1950233.0,0.8754584708596358,uncovered,0.0,True,GILD260320P00140000,bought,282499.99999999994
KALV,2026-02-19,1,500.5,5061,725000.0,1.0,uncovered,0.0,True,KALV260417P00015000,sold,725000.0
INSM,2026-02-19,-1,8.23728813559322,6913,2747369.0,0.8218331793071845,uncovered,0.0,True,INSM260220P00190000,bought,436800.0
TECH,2026-02-19,1,42.46666666666667,3834,2920800.0,0.8630512188441523,uncovered,0.0,True,TECH260220P00070000,sold,1602899.9999999998
TARS,2026-02-19,1,203.3,2040,700000.0,1.0,uncovered,0.0,True,TARS260417P00060000,sold,700000.0
BMRN,2026-02-19,-1,48.07692307692308,1862,83250.0,1.0,uncovered,0.0,True,BMRN260320C00070000,sold,83250.0
CRVS,2026-02-19,1,16.555102040816326,2980,127910.0,1.0,uncovered,0.0,True,CRVS260220C00007000,bought,64310.0
IMCR,2026-02-20,1,502.9,7144,736220.0,1.0,covered_neutral,1.0,True,IMCR260417P00030000,sold,650000.0
NVS,2026-02-23,1,3.5088408644400784,4258,713010.0,0.8083757591057629,covered_same,2.0,False,NVS270617C00175000,bought,218960.0
VTRS,2026-02-23,-1,3.1421608448415923,3739,287058.0,0.6530317914846477,uncovered,0.0,True,VTRS270115C00010000,sold,119400.0
TECH,2026-02-24,-1,139.6564417177914,16387,2215000.0,0.7223476297968398,uncovered,0.0,True,TECH260417P00055000,bought,1435000.0
SUPN,2026-02-24,1,144.8,2166,450000.0,1.0,covered_neutral,1.0,True,SUPN260320C00050000,bought,360000.0
CMPX,2026-02-24,1,727.5,14375,1310000.0,1.0,uncovered,0.0,True,CMPX260417C00007000,bought,950000.0
ATAI,2026-02-24,1,15.573835480673935,10765,165000.0,1.0,uncovered,0.0,True,ATAI280121C00002000,bought,82500.0
GSK,2026-02-24,1,11.0,4136,121500.0,1.0,covered_same,3.0,False,GSK270115C00035000,bought,121500.0
IBRX,2026-02-25,1,4.533355080737237,175266,17993778.0,0.6751548785363474,covered_same,1.0,False,IBRX260320C00007500,sold,1125000.0
SDGR,2026-02-26,-1,65.65625,7089,65000.0,1.0,uncovered,0.0,True,SDGR260320C00012500,sold,65000.0
SLS,2026-02-27,1,3.1699939503932244,64455,3549658.0,0.7068492232209412,uncovered,0.0,True,SLS280121C00005000,sold,331499.99999999994
BCRX,2026-02-27,1,4.134806629834254,9042,82650.0,1.0,covered_same,1.0,False,BCRX270115C00007000,bought,82650.0
UTHR,2026-03-02,1,58.09090909090909,4566,6996072.0,0.7485017306854475,covered_same,1.0,False,UTHR260417C00520000,bought,3265000.0
SLNO,2026-03-03,-1,3.0268817204301075,2376,76950.0,1.0,uncovered,0.0,True,SLNO260417C00050000,sold,76950.0
CMPX,2026-03-03,-1,287.1186440677966,18725,2014975.0,0.8821325326616956,uncovered,0.0,True,CMPX260417C00008000,sold,1150000.0
TVTX,2026-03-04,-1,18.747663551401867,3019,1560000.0,0.75,uncovered,0.0,True,TVTX260417P00032500,bought,990000.0
TECH,2026-03-04,1,10.838427947598252,1247,330000.0,1.0,uncovered,0.0,True,TECH260320P00060000,sold,330000.0
QURE,2026-03-05,1,5.64,74366,3606699.0,0.8193841515468854,covered_opposite,6.0,True,QURE260417P00070000,sold,895500.0
IONS,2026-03-05,-1,93.71428571428572,7309,1241900.0,1.0,uncovered,0.0,True,IONS260320P00075000,bought,873500.0
CMPX,2026-03-05,-1,187.2156862745098,19360,300000.0,1.0,uncovered,0.0,True,CMPX260320C00008000,sold,300000.0
QGEN,2026-03-06,-1,34.44806517311609,9462,90720.0,1.0,uncovered,0.0,True,QGEN260618C00050000,sold,90720.0
INSM,2026-03-06,-1,6.482758620689655,2815,258825.0,1.0,uncovered,0.0,True,INSM280121C00085000,mid,176875.0
WVE,2026-03-09,-1,5.146095717884131,2657,52500.0,1.0,uncovered,0.0,True,WVE260320P00013000,bought,52500.0
ZVRA,2026-03-10,1,19.17061611374407,16034,669565.0,0.7431167997132466,uncovered,0.0,True,ZVRA260320C00009000,bought,242000.0
CNTA,2026-03-12,1,65.88235294117646,1154,300000.0,1.0,uncovered,0.0,True,CNTA260417C00030000,bought,300000.0
NUVB,2026-03-13,1,3.911908646003263,1478,81838.0,1.0,covered_opposite,1.0,True,NUVB260417P00005000,sold,81838.0
LQDA,2026-03-13,-1,105.4,21570,3295377.0,0.7834217450689254,uncovered,0.0,True,LQDA260417P00030000,bought,1617230.0
IONS,2026-03-16,1,121.57333333333334,9366,1408225.0,1.0,uncovered,0.0,True,IONS260320P00075000,sold,711849.9999999999
IMCR,2026-03-16,1,300.0,3015,399750.0,1.0,uncovered,0.0,True,IMCR260417P00030000,sold,249750.0
RVMD,2026-03-17,1,9.001557632398754,12746,4500000.0,1.0,uncovered,0.0,True,RVMD260417C00105000,bought,2800000.0
ALDX,2026-03-17,1,11.174244415243102,43972,2987100.0,0.9444511399015768,covered_opposite,2.0,True,ALDX260320P00004000,sold,803417.9999999999
ERAS,2026-03-18,1,15.422222222222222,2269,300000.0,1.0,uncovered,0.0,True,ERAS260417C00015000,bought,300000.0
ADMA,2026-03-18,1,19.808362369337974,11693,119000.0,1.0,uncovered,0.0,True,ADMA260417C00016000,bought,119000.0
BMY,2026-03-18,1,8.167320261437908,15636,2363040.0,0.68267993770736,covered_neutral,3.0,True,BMY270115C00060000,bought,1512500.0
QGEN,2026-03-19,-1,5.5181818181818185,1305,1123400.0,1.0,uncovered,0.0,True,QGEN260320P00055000,bought,664200.0
TECH,2026-03-19,-1,20.46268656716418,1371,1599000.0,1.0,covered_opposite,1.0,True,TECH260320P00065000,bought,962000.0
IRD,2026-03-20,-1,98.42857142857144,3254,50000.0,1.0,uncovered,0.0,True,IRD260515C00002500,sold,50000.0
NVAX,2026-03-23,-1,3.0205109751709247,12830,206750.0,0.7316324062877871,uncovered,0.0,True,NVAX270115C00007500,sold,86265.0
WVE,2026-03-23,1,6.404212231672742,26522,1199998.0,0.9367932279887133,uncovered,0.0,True,WVE260417C00015000,bought,497500.0
CAPR,2026-03-23,-1,14.556792873051226,10696,502056.0,1.0,uncovered,0.0,True,CAPR270115P00010000,bought,258367.99999999997
SRRK,2026-03-24,1,7.805243445692884,1567,365000.0,0.7602739726027398,uncovered,0.0,True,SRRK260515C00045000,bought,182500.0
AVTX,2026-03-25,-1,151.25714285714287,2709,400000.0,1.0,uncovered,0.0,True,AVTX260515C00022500,sold,50000.0
KALV,2026-03-27,-1,238.43478260869568,5567,1000000.0,1.0,uncovered,0.0,True,KALV260515C00020000,sold,1000000.0
ADMA,2026-03-27,1,59.15217391304348,43667,3670564.0,1.0,covered_opposite,2.0,True,ADMA260417C00010000,bought,1139760.0
CNTA,2026-03-31,-1,53.63025210084034,7285,1056360.0,0.6848044227346738,covered_opposite,3.0,True,CNTA260417C00030000,sold,171000.0
CMPX,2026-03-31,1,42.0347551342812,13445,1037275.0,1.0,uncovered,0.0,True,CMPX260417C00006000,bought,625000.0
AGIO,2026-03-31,1,40.028169014084504,3214,1136400.0,0.9244984160506864,covered_same,2.0,False,AGIO260821C00030000,bought,284100.0
OMER,2026-04-01,-1,14.951672862453533,9606,240720.0,0.7424393486208043,uncovered,0.0,True,OMER260515C00010000,bought,62000.0
NKTR,2026-04-01,-1,4.5875,2019,185860.0,1.0,covered_same,1.0,False,NKTR260515C00085000,sold,77140.0
WVE,2026-04-01,1,3.199756023177798,8069,60000.0,1.0,uncovered,0.0,True,WVE260417C00007500,bought,60000.0
PRGO,2026-04-02,1,7.0092879256965945,1275,53850.0,1.0,uncovered,0.0,True,PRGO260515C00012500,bought,53850.0
REPL,2026-04-06,1,8.32712215320911,16044,519924.0,0.8943614836014494,uncovered,0.0,True,REPL260417C00008000,bought,350000.0
CMPX,2026-04-07,-1,8.796208530805687,3571,415950.0,0.8393797331410026,uncovered,0.0,True,CMPX260417C00006000,sold,120000.0
REPL,2026-04-08,-1,6.202247191011236,29261,204250.0,0.7343941248470012,uncovered,0.0,True,REPL260417C00015000,mid,210000.0
BMY,2026-04-08,-1,19.50477845351868,28132,633395.0,0.9188263248052163,covered_opposite,3.0,True,BMY260417C00060000,sold,384000.0
AVTX,2026-04-09,-1,10.270440251572326,3085,1170000.0,0.8333333333333334,uncovered,0.0,True,AVTX260515C00015000,sold,975000.0
BHVN,2026-04-10,-1,18.04489337822671,8060,53250.0,1.0,uncovered,0.0,True,BHVN260515C00012000,mid,107960.0
PRGO,2026-04-13,1,4.251366120218579,1597,132705.00000000003,1.0,uncovered,0.0,True,PRGO260515C00010000,bought,132705.00000000003
LEGN,2026-04-13,-1,7.929032258064516,1426,72436.0,1.0,uncovered,0.0,True,LEGN260417C00017500,sold,72436.0
SRPT,2026-04-13,-1,13.31764705882353,5027,204960.0,1.0,uncovered,0.0,True,SRPT270115P00055000,bought,204960.0
AXSM,2026-04-13,-1,22.09278350515464,2598,1880000.0,1.0,uncovered,0.0,True,AXSM260515C00200000,sold,940000.0
BMRN,2026-04-14,-1,4.475,2273,190500.0,0.7244094488188977,uncovered,0.0,True,BMRN260515C00055000,sold,138000.0
BHVN,2026-04-14,-1,5.210428305400373,3173,69700.0,1.0,uncovered,0.0,True,BHVN270115P00015000,bought,69700.0
CMPX,2026-04-14,-1,21.070782331027143,20110,1849250.0,0.918804920913884,uncovered,0.0,True,CMPX260515C00006000,sold,1499100.0
ELVN,2026-04-14,-1,58.88235294117647,3042,422500.0,0.714792899408284,uncovered,0.0,True,ELVN260515C00050000,sold,237000.0
LQDA,2026-04-15,1,9.50453172205438,11761,1426148.0,0.8202150127476251,uncovered,0.0,True,LQDA260717C00045000,bought,340000.0
IMVT,2026-04-16,-1,74.07142857142857,1883,195020.0,1.0,covered_opposite,1.0,True,IMVT261218C00030000,sold,85140.0
LQDA,2026-04-16,1,6.875,10238,365596.0,1.0,uncovered,0.0,True,LQDA280121C00060000,bought,84940.0
RARE,2026-04-17,-1,28.676616915422887,6063,238510.0,1.0,uncovered,0.0,True,RARE260417P00025000,bought,238510.0
TRVI,2026-04-17,-1,831.6,9363,779915.0,1.0,covered_opposite,2.0,True,TRVI260515C00014000,sold,380000.0
VNDA,2026-04-17,-1,19.928571428571427,2315,68000.0,1.0,uncovered,0.0,True,VNDA260515C00007000,sold,68000.0
BMY,2026-04-17,-1,3.656050955414013,25323,66725.0,1.0,uncovered,0.0,True,BMY260424P00060000,bought,66725.0
NVAX,2026-04-20,-1,7.050529747351264,17329,89991.00000000001,1.0,uncovered,0.0,True,NVAX260515C00008500,sold,89991.00000000001
KYTX,2026-04-20,-1,16.96062992125984,3106,274661.0,1.0,uncovered,0.0,True,KYTX260618C00007500,sold,120000.0
CMPS,2026-04-21,-1,4.258461538461538,9652,223000.0,0.6995515695067265,covered_opposite,3.0,True,CMPS260515C00008000,sold,156000.0
NVO,2026-04-21,-1,6.676683361157485,79342,3911952.0,0.6938006908060221,covered_same,3.0,False,NVO260821P00040000,bought,446000.0
IDYA,2026-04-22,-1,12.906870229007634,8318,296000.0,1.0,uncovered,0.0,True,IDYA260515C00035000,sold,296000.0
GLUE,2026-04-22,1,100.9,2106,488000.0,0.7049180327868853,uncovered,0.0,True,GLUE270115C00030000,bought,344000.0
ZTS,2026-04-27,-1,42.954314720812185,13123,2303250.0,0.6738738738738739,uncovered,0.0,True,ZTS260515P00115000,bought,1552100.0
XENE,2026-04-28,1,150.0,1540,118338.0,1.0,uncovered,0.0,True,XENE260618P00050000,sold,118338.0
ERAS,2026-04-28,-1,21.03514376996805,44185,1948880.0,0.7160292065186158,uncovered,0.0,True,ERAS261016C00015000,sold,215370.00000000003
AVTX,2026-04-29,1,10.807980049875312,7885,1237020.0,0.8791854618357019,uncovered,0.0,True,AVTX260515C00030000,bought,550000.0
TEVA,2026-04-29,1,25.157894736842103,43748,1965773.0,0.719087605740846,covered_same,2.0,False,TEVA260515C00034000,bought,600000.0
ZVRA,2026-04-30,1,4.792727272727273,2232,65934.0,1.0,uncovered,0.0,True,ZVRA260515C00011000,bought,65934.0
ARDX,2026-04-30,-1,56.13636363636363,12738,348750.0,1.0,uncovered,0.0,True,ARDX280121C00002000,sold,88200.0
SNY,2026-05-01,1,37.90055248618785,18597,5969970.0,0.9023160920406635,covered_same,6.0,False,SNY260618C00040000,sold,241200.0
TECH,2026-05-04,1,35.567567567567565,2735,732000.0,1.0,uncovered,0.0,True,TECH260515P00055000,sold,435000.0
LEGN,2026-05-05,-1,4.4214162348877375,8375,610400.0,1.0,uncovered,0.0,True,LEGN260515C00022500,sold,299400.0
BCRX,2026-05-05,-1,4.7565043362241495,4333,92150.0,1.0,covered_opposite,2.0,True,BCRX260515C00009000,sold,92150.0
ABCL,2026-05-05,1,6.319174757281553,9738,59486.0,1.0,uncovered,0.0,True,ABCL260618C00005000,bought,59486.0
RARE,2026-05-06,-1,20.37254901960784,2646,904000.0,0.7743362831858407,uncovered,0.0,True,RARE260515C00020000,sold,480000.0
TECH,2026-05-06,1,14.033333333333331,1555,260000.0,1.0,covered_opposite,1.0,True,TECH260515P00055000,sold,132000.0
VTRS,2026-05-06,1,57.46556473829201,36307,903125.0,0.9273356401384083,uncovered,0.0,True,VTRS260515C00016000,bought,625000.0
CYTK,2026-05-06,-1,5.562635771180304,12047,3749148.0,0.671307187659703,uncovered,0.0,True,CYTK270115C00090000,sold,583829.9999999999
MRVI,2026-05-08,-1,93.04347826086956,7745,508760.0,1.0,uncovered,0.0,True,MRVI261218C00005000,sold,287560.0
VTRS,2026-05-08,-1,8.38888888888889,9925,616300.0,1.0,uncovered,0.0,True,VTRS270115C00015000,sold,150000.0
PFE,2026-05-08,-1,6.076894999391653,207867,2608978.0,0.7421979027803224,covered_opposite,7.0,True,PFE270115P00025000,bought,342000.0
VSTM,2026-05-11,-1,113.5754189944134,10323,410000.0,1.0,uncovered,0.0,True,VSTM260618C00006000,sold,320000.0
RDY,2026-05-12,-1,249.1,2491,327000.0,1.0,uncovered,0.0,True,RDY260515P00015000,bought,122500.0
HALO,2026-05-12,1,36.22269807280514,9845,102750.0,1.0,uncovered,0.0,True,HALO260618C00080000,bought,51750.0
QGEN,2026-05-13,-1,6.908602150537634,6375,1000000.0,1.0,covered_opposite,3.0,True,QGEN260821P00030000,bought,1000000.0
RARE,2026-05-14,1,57.24444444444445,2626,753750.0,1.0,uncovered,0.0,True,RARE260515C00020000,bought,379890.0
AMGN,2026-05-14,-1,10.465648854961833,39081,113470541.0,0.8171222079570415,covered_opposite,4.0,True,AMGN260515C00295000,sold,4908000.0
APGE,2026-05-15,-1,80.0,5477,1045000.0,1.0,uncovered,0.0,True,APGE260618P00070000,bought,490000.0
SDGR,2026-05-19,1,4.5665236051502145,1123,59920.00000000001,1.0,uncovered,0.0,True,SDGR260618C00012500,bought,59920.00000000001
RLAY,2026-05-19,1,72.62100456621005,8582,82080.0,1.0,covered_same,1.0,False,RLAY260618C00013000,bought,82080.0
BMY,2026-05-20,1,9.594985535197686,33429,2113185.0,0.7179130080896845,covered_same,3.0,False,BMY270617P00055000,sold,1050000.0
CMPS,2026-05-20,1,3.995212447636146,5783,190000.0,1.0,uncovered,0.0,True,CMPS260717C00012000,bought,190000.0
CYTK,2026-05-20,-1,3.551859099804305,4863,1381750.0,0.9379410168264881,covered_neutral,1.0,True,CYTK260618C00080000,sold,434000.0
BMY,2026-05-21,1,3.3282904689863844,23804,514150.0,0.6956996985315569,covered_same,5.0,False,BMY270115P00047000,bought,156456.0
CGON,2026-05-26,1,186.9591836734694,57419,16317500.0,0.7628313160717022,uncovered,0.0,True,CGON260717C00075000,bought,5400000.0
APGE,2026-05-27,1,105.6065573770492,3404,297000.00000000006,1.0,uncovered,0.0,True,APGE260717P00070000,sold,297000.00000000006
EXEL,2026-05-28,1,26.96825396825397,2023,229660.0,1.0,uncovered,0.0,True,EXEL260618C00055000,bought,177720.0
BMY,2026-05-28,-1,3.3712632594021215,45547,3531895.0,0.8633036939093602,uncovered,0.0,True,BMY260529P00060000,bought,677409.0
ATAI,2026-06-01,1,3.2226787181594085,8617,287568.0,1.0,uncovered,0.0,True,ATAI280121C00012000,bought,287568.0
ERAS,2026-06-01,1,5.336760925449871,3420,195120.0,1.0,covered_same,1.0,False,ERAS260717C00007500,bought,74120.0
RLAY,2026-06-02,1,12.051282051282053,9721,1400000.0,1.0,uncovered,0.0,True,RLAY260618C00013000,bought,1400000.0
PRGO,2026-06-08,1,28.702412868632702,20785,960590.0,0.6675584796843607,uncovered,0.0,True,PRGO260821C00012500,bought,208000.0
DNA,2026-06-08,-1,5.063025210084033,2775,100905.0,1.0,uncovered,0.0,True,DNA261218C00009000,sold,100905.0
PRGO,2026-06-10,1,13.819025522041764,3576,125672.0,1.0,uncovered,0.0,True,PRGO260618C00010000,bought,68600.0
RLAY,2026-06-10,1,6.867724867724868,6498,504000.0,1.0,uncovered,0.0,True,RLAY261218P00020000,sold,504000.0
OCUL,2026-06-11,-1,44.38647342995169,6743,58500.0,1.0,uncovered,0.0,True,OCUL260717C00009000,sold,58500.0
TGTX,2026-06-11,1,4.4577656675749315,4468,383720.0,1.0,uncovered,0.0,True,TGTX270115C00022000,bought,270000.0
PFE,2026-06-11,-1,3.5437244600116755,179603,2226075.0,0.689731478049931,covered_same,4.0,False,PFE280121C00020000,sold,540000.0
BHVN,2026-06-16,1,25.37278106508876,8828,1715925.0,1.0,uncovered,0.0,True,BHVN260618C00010000,bought,858000.0
ELVN,2026-06-16,1,69.93162393162393,4102,940000.0,1.0,uncovered,0.0,True,ELVN260618C00040000,bought,730000.0
PFE,2026-06-17,1,3.0506343848213247,95999,353310.0,1.0,covered_same,2.0,False,PFE260918C00028000,bought,170595.0
IONS,2026-06-18,1,50.09756097560975,1262,234350.0,1.0,uncovered,0.0,True,IONS260717C00075000,bought,157760.0
TEVA,2026-06-18,1,26.80719794344473,52217,4728841.0,0.8191683755068102,covered_same,2.0,False,TEVA261218C00032000,bought,1047600.0
VTRS,2026-06-18,-1,22.99093655589124,21270,170000.0,1.0,uncovered,0.0,True,VTRS280121C00020000,sold,170000.0
EXEL,2026-06-18,1,39.54128440366973,2306,107147.0,1.0,uncovered,0.0,True,EXEL260717C00055000,bought,107147.0
ACAD,2026-06-18,1,62.75,3240,83121.99999999999,1.0,uncovered,0.0,True,ACAD260717P00022000,mid,150000.0
ERAS,2026-06-22,1,3.319286871961102,12154,1205200.0,1.0,covered_opposite,5.0,True,ERAS261016C00020000,bought,1110000.0
CYTK,2026-06-22,-1,7.663643858202803,6042,1381000.0,1.0,uncovered,0.0,True,CYTK260717C00080000,sold,355000.0
QGEN,2026-06-23,1,136.38167938931298,9162,721172.0,1.0,covered_same,1.0,False,QGEN260821C00040000,bought,667708.0
AVBP,2026-06-23,1,25.6,1446,481224.0,0.8196598673382873,uncovered,0.0,True,AVBP261016C00025000,bought,338520.0
CGON,2026-06-25,1,38.53488372093023,23042,9563700.0,0.6536905172684212,uncovered,0.0,True,CGON260821C00070000,bought,4472000.0
ABT,2026-06-25,1,10.2874251497006,15042,1233900.0,0.7167517627036226,covered_same,4.0,False,ABT280317C00085000,bought,304500.0
ZVRA,2026-06-29,-1,5.152619589977221,1362,102500.0,1.0,uncovered,0.0,True,ZVRA260821C00015000,sold,51500.0
BHC,2026-06-29,1,8.503311258278146,14109,81600.0,1.0,uncovered,0.0,True,BHC260821C00006000,bought,81600.0
ABCL,2026-06-29,-1,3.742671009771987,24130,232490.0,0.7425695728848553,uncovered,0.0,True,ABCL280121C00005000,sold,68850.0
VERA,2026-07-06,1,28.51778656126482,10953,2028380.0,0.9500833177215314,uncovered,0.0,True,VERA260821C00045000,bought,1874930.0
NVS,2026-07-07,-1,6.140762463343108,5726,486672.0,0.8415524213433278,covered_opposite,3.0,True,NVS260821P00160000,bought,192000.0
ERAS,2026-07-07,1,5.586538461538462,5210,1219266.0,0.893353870279332,covered_opposite,2.0,True,ERAS260717C00010000,bought,880000.0
CMPS,2026-07-08,1,3.200181983621474,4416,404000.0,1.0,uncovered,0.0,True,CMPS260821C00014000,bought,350000.0
GSK,2026-07-08,-1,39.48344370860927,4860,56000.0,1.0,uncovered,0.0,True,GSK260717P00052000,bought,56000.0
OCUL,2026-07-09,-1,3.876434245366284,6006,317940.0,0.8114738629930176,uncovered,0.0,True,OCUL260717C00010000,sold,93000.0
QGEN,2026-07-09,1,37.51020408163265,6419,184250.0,0.6824966078697422,covered_same,1.0,False,QGEN260717C00040000,bought,68000.0
IOVA,2026-07-09,1,5.541947926711669,12864,57000.0,1.0,uncovered,0.0,True,IOVA260731C00004500,bought,57000.0
EXEL,2026-07-09,-1,16.337349397590362,2067,234765.0,1.0,uncovered,0.0,True,EXEL260717C00055000,sold,117500.0
SNY,2026-07-10,-1,4.578640776699029,4212,237205.5,1.0,uncovered,0.0,True,SNY260717C00042500,sold,71395.0
ATAI,2026-07-16,-1,7.45211122554068,76524,682294.0,0.7336265598114595,covered_opposite,1.0,True,ATAI260821C00003000,mid,118490.0
RVMD,2026-07-17,1,4.544303797468355,4118,3695760.0,0.8832445829815789,covered_same,1.0,False,RVMD260821C00160000,bought,1462500.0
GSK,2026-07-17,1,55.714285714285715,9865,86535.0,1.0,covered_same,2.0,False,GSK260717P00052000,sold,86535.0
CYTK,2026-07-17,-1,3.0036014405762304,1818,365810.0,1.0,covered_opposite,1.0,True,CYTK270115C00080000,sold,365810.0
NUVB,2026-07-20,-1,9.899728997289971,4612,179289.0,1.0,uncovered,0.0,True,NUVB260821C00005000,sold,98560.0
SNY,2026-07-20,-1,4.520599250936329,3170,262490.0,1.0,covered_opposite,2.0,True,SNY260821C00042500,sold,76800.0
RARE,2026-07-21,1,63.46875,6058,1740000.0,1.0,uncovered,0.0,True,RARE260918P00025000,sold,1208000.0
TNGX,2026-07-21,1,107.4,3277,600000.0,0.7083333333333334,uncovered,0.0,True,TNGX260821C00033000,bought,300000.0
ALKS,2026-07-21,-1,20.0,1904,200000.0,1.0,uncovered,0.0,True,ALKS260821C00055000,sold,200000.0
RARE,2026-07-22,1,40.405797101449274,12064,5465000.0,0.6545288197621226,uncovered,0.0,True,RARE260918P00030000,bought,1379999.9999999998
IONS,2026-07-22,-1,10.783132530120485,12577,12230000.0,1.0,uncovered,0.0,True,IONS260918P00080000,bought,6850000.0
ALKS,2026-07-22,-1,21.66990291262136,1620,220000.0,1.0,uncovered,0.0,True,ALKS260821C00055000,sold,220000.0
QURE,2026-07-27,1,33.75675675675676,3198,278808.0,1.0,uncovered,0.0,True,QURE270115C00035000,bought,62600.0
BIOA,2026-07-27,1,8.103806228373703,1510,204600.0,1.0,uncovered,0.0,True,BIOA260821P00022500,sold,70200.0
BNTX,2026-07-28,1,15.144385026737968,2170,125000.0,1.0,uncovered,0.0,True,BNTX270115P00070000,sold,125000.0
TWST,2026-07-29,-1,70.0625,1162,701820.0,1.0,uncovered,0.0,True,TWST260821C00090000,sold,701820.0
SNY,2026-07-29,-1,8.878787878787879,8629,263880.0,1.0,covered_opposite,1.0,True,SNY260821P00045000,bought,263880.0
ALMS,2026-07-29,-1,201.3,4545,1230120.0,1.0,uncovered,0.0,True,ALMS260918C00030000,sold,710010.0
CAPR,2026-07-30,1,27.15483870967742,29829,798130.0,0.7218748825379324,covered_opposite,7.0,True,CAPR270115P00060000,sold,283200.0
PGEN,2026-07-31,1,11.031319910514542,9388,183000.0,1.0,uncovered,0.0,True,PGEN260821C00006000,bought,73000.0
BIOA,2026-07-31,1,25.21929824561403,9690,372990.0,0.7919515268505858,uncovered,0.0,True,BIOA260821P00022500,sold,99900.0
ABBV,2026-07-31,-1,18.734939759036145,34127,972215.0,0.9391770338865374,covered_opposite,4.0,True,ABBV260918C00240000,sold,340000.0
SMMT,2026-08-03,-1,11.440233236151604,6920,457500.0,1.0,uncovered,0.0,True,SMMT270115C00015000,sold,457500.0
PGEN,2026-08-04,1,4.484886649874055,27050,1292040.0,0.9055679390730937,uncovered,0.0,True,PGEN261016C00005000,bought,672000.0
QGEN,2026-08-04,1,4.737186477644493,4346,544740.0,1.0,uncovered,0.0,True,QGEN260821C00045000,bought,429300.0
BHC,2026-08-04,-1,16.49808429118774,13436,461260.0,1.0,uncovered,0.0,True,BHC280121P00007000,bought,210000.0
AZN,2026-08-05,1,11.27936507936508,13433,2927910.0,0.8438476592518213,uncovered,0.0,True,AZN260821C00150000,bought,272000.0
QGEN,2026-08-06,1,5.161321206318813,5639,768000.0,0.7734375,uncovered,0.0,True,QGEN260918C00045000,bought,594000.0
UTHR,2026-08-06,1,1093.8,31972,12152025.0,0.7564521139480869,uncovered,0.0,True,UTHR260821C00550000,bought,2721750.0000000005
ERAS,2026-08-06,1,15.235714285714286,2545,174420.0,1.0,covered_opposite,6.0,True,ERAS260821C00020000,bought,174420.0
AMLX,2026-08-07,-1,37.6972972972973,10381,3391132.0,0.7390251986652244,uncovered,0.0,True,AMLX260918P00021000,bought,2295000.0
CAPR,2026-08-10,-1,14.0,6185,132500.0,1.0,covered_same,2.0,False,CAPR260918P00003000,bought,80000.0
INDV,2026-08-11,1,93.48837209302326,2173,140000.0,1.0,uncovered,0.0,True,INDV260821C00040000,bought,140000.0
SDGR,2026-08-11,1,6.3261390887290165,1508,90218.0,1.0,uncovered,0.0,True,SDGR260821C00017500,bought,90218.0
BCRX,2026-08-11,1,3.0166545981173063,4327,140000.0,1.0,uncovered,0.0,True,BCRX270115C00010000,bought,140000.0
VERA,2026-08-14,1,21.54121863799283,4433,104940.0,1.0,uncovered,0.0,True,VERA270319C00035000,bought,104940.0
BHC,2026-08-18,1,16.214285714285715,3963,105000.0,1.0,uncovered,0.0,True,BHC261016C00006000,bought,105000.0
ALMS,2026-08-18,-1,31.92105263157895,1516,235000.0,1.0,uncovered,0.0,True,ALMS260918P00022000,bought,235000.0
IOVA,2026-08-19,1,3.440909090909091,31087,450425.0,0.7379363934062274,uncovered,0.0,True,IOVA270115C00003000,mid,500000.0
SDGR,2026-08-19,1,10.495495495495495,3918,75150.0,1.0,uncovered,0.0,True,SDGR261218C00022500,bought,75150.0
DNA,2026-08-19,1,31.522267206477732,4600,79275.0,1.0,uncovered,0.0,True,DNA260918C00007000,bought,79275.0
ARDX,2026-08-20,1,7.063938618925831,12265,650000.0,1.0,uncovered,0.0,True,ARDX270115P00004000,sold,650000.0
NVAX,2026-08-21,1,30.937027707808564,25678,112128.0,1.0,uncovered,0.0,True,NVAX260918C00008000,bought,112128.0
MRVI,2026-08-21,-1,109.6,3912,219100.0,1.0,uncovered,0.0,True,MRVI260918C00007500,sold,160000.0
RXRX,2026-08-21,-1,7.035444947209653,24367,50372.0,1.0,uncovered,0.0,True,RXRX261002C00001000,sold,50372.0
ABBV,2026-08-21,-1,15.793755912961212,26469,5909902.0,0.8526689613465672,covered_opposite,3.0,True,ABBV260918C00270000,sold,3850000.0
CAPR,2026-08-24,1,6.792954990215264,33677,370000.0,1.0,covered_opposite,2.0,True,CAPR270115C00007500,bought,370000.0
DYN,2026-08-24,-1,205.1,3648,271725.0,0.7360382739902475,uncovered,0.0,True,DYN260918C00029000,sold,200000.0
OCUL,2026-08-25,-1,3.6803953871499178,2565,96000.0,1.0,uncovered,0.0,True,OCUL260918C00011000,sold,96000.0
ALMS,2026-08-25,-1,7.794486215538847,4020,52800.0,1.0,uncovered,0.0,True,ALMS260918C00025000,sold,52800.0
RVMD,2026-08-26,1,8.682634730538922,6336,2400935.0,0.6534937430625986,covered_same,2.0,False,RVMD260918P00220000,sold,300000.0
SRRK,2026-08-26,1,52.39622641509434,5922,1460600.0,1.0,uncovered,0.0,True,SRRK260918C00060000,bought,1050000.0
ZYME,2026-08-26,1,24.141176470588235,3640,162500.0,1.0,uncovered,0.0,True,ZYME261016P00025000,sold,162500.0
SRPT,2026-08-27,1,9.953333333333331,15182,165000.0,1.0,uncovered,0.0,True,SRPT270219P00015000,sold,165000.0
NVAX,2026-08-31,-1,10.173913043478262,19906,286713.0,1.0,uncovered,0.0,True,NVAX270416P00009000,bought,87500.0
TEVA,2026-09-01,-1,5.861271676300578,10196,289380.0,0.8018867924528302,covered_opposite,1.0,True,TEVA261218C00032000,sold,112800.0
BMRN,2026-09-01,-1,3.717206132879046,1394,145665.0,1.0,uncovered,0.0,True,BMRN260918C00065000,sold,145665.0
PFE,2026-09-01,-1,11.962864385297843,239693,2175113.0,0.7874170215524435,covered_opposite,1.0,True,PFE260918P00028000,bought,1230000.0
ERAS,2026-09-02,1,4.564459930313589,1393,125000.0,1.0,uncovered,0.0,True,ERAS261016C00020000,bought,125000.0
PHVS,2026-09-04,-1,42.08,6029,665490.0,0.8330703692016409,uncovered,0.0,True,PHVS261016P00030000,bought,253500.0
TYRA,2026-09-04,1,401.3,8062,1718100.0,0.787556021186194,uncovered,0.0,True,TYRA260918C00030000,bought,1165000.0
CMPS,2026-09-08,1,4.233144297416509,5778,51740.0,1.0,uncovered,0.0,True,CMPS270115C00020000,bought,51740.0
ABVX,2026-09-11,-1,13.168539325842696,6850,935000.0,1.0,uncovered,0.0,True,ABVX261016C00140000,sold,400000.0
GILD,2026-09-14,1,23.148387096774194,62231,67957989.0,0.833522634108552,uncovered,0.0,True,GILD260918C00136000,bought,3260999.9999999995
OCUL,2026-09-16,-1,5.623242736644799,5923,572500.0,1.0,uncovered,0.0,True,OCUL261016P00011000,bought,330000.0
MRVI,2026-09-16,-1,57.8,5123,1039640.0,1.0,uncovered,0.0,True,MRVI270319C00005000,sold,597240.0
ACAD,2026-09-16,-1,11.666666666666666,19495,3318000.0,0.7938517179023508,uncovered,0.0,True,ACAD261120P00026000,bought,1320000.0000000002
IMMX,2026-09-17,1,31.51304347826087,1877,100700.0,1.0,uncovered,0.0,True,IMMX261016C00015000,bought,50350.0
BHVN,2026-09-17,1,5.614525139664805,27794,5685720.0,1.0,uncovered,0.0,True,BHVN261016C00010000,bought,4901970.0
TGTX,2026-09-21,-1,3.2632743362831858,4529,356600.0,0.7442512619181155,uncovered,0.0,True,TGTX261016C00050000,mid,95000.0
QURE,2026-09-24,-1,4.017809439002671,24997,1729310.0,0.7380458101786261,uncovered,0.0,True,QURE261016C00050000,bought,228000.0
KOD,2026-09-24,1,112.9090909090909,13949,5740000.0,0.9825783972125436,covered_opposite,1.0,True,KOD261016P00035000,sold,5640000.0
IONS,2026-09-24,1,3.3684210526315788,4761,5830360.0,1.0,covered_same,1.0,False,IONS261016P00060000,sold,1053000.0
SGMT,2026-09-24,1,30.24561403508772,3531,260000.0,0.7819230769230769,uncovered,0.0,True,SGMT261016P00010000,sold,85500.0
MRK,2026-09-24,1,3.3093777388255914,20013,1645477.0,0.9396071777363039,covered_same,4.0,False,MRK270617C00150000,bought,971600.0
JNJ,2026-09-24,1,4.7828125,20174,4362757.0,0.9128887994449382,covered_same,6.0,False,JNJ261218P00260000,sold,1317900.0
VKTX,2026-09-24,-1,10.360742705570292,71740,3799811.0,0.8308731671127854,covered_opposite,4.0,True,VKTX271217C00040000,sold,1134580.0
SNDX,2026-09-29,1,10.521739130434783,6253,287500.0,1.0,uncovered,0.0,True,SNDX270115C00025000,bought,287500.0
BMY,2026-09-29,1,6.598484848484849,29835,3057380.0000000005,1.0,covered_same,8.0,False,BMY261218P00060000,sold,2420000.0000000005
ADMA,2026-09-29,-1,47.55395683453237,3346,225000.0,1.0,uncovered,0.0,True,ADMA261120C00011000,sold,225000.0
PGEN,2026-10-01,-1,3.928909952606635,4888,148000.0,1.0,covered_opposite,9.0,True,PGEN261120C00008000,sold,93000.0
SDGR,2026-10-02,-1,4.240816326530612,8077,191370.0,1.0,uncovered,0.0,True,SDGR261120C00032500,sold,129000.0
SNDX,2026-10-02,1,8.051851851851852,11639,1600000.0,1.0,uncovered,0.0,True,SNDX270115C00024000,bought,800000.0
