ticker,date,spike_ratio,sampled_volume,quote_usd,contracts,premium,trades,signed_share,whale_bull_25000,whale_bear_25000,whale_n_25000,whale_bull_50000,whale_bear_50000,whale_n_50000,whale_bull_100000,whale_bear_100000,whale_n_100000,largest_print_premium,largest_print_symbol,largest_print_side
ITCI,2025-03-26,37.28813559322034,1100.0,0.0,1213,224872.0,50,0.74,196000.0,0.0,1,196000.0,0.0,1,196000.0,0.0,1,196000.0,ITCI250417C00130000,bought
OMER,2026-04-01,14.951672862453533,6033.0,0.0,9606,1135665.0,719,0.9429763560500696,215420.0,178720.0,9,62000.0,178720.0,4,0.0,0.0,0,62000.0,OMER260515C00010000,bought
OMER,2026-02-18,3.9972527472527473,1455.0,0.0,3769,595801.0,196,0.8877551020408163,41399.99999999999,121360.0,3,0.0,87359.99999999999,1,0.0,0.0,0,87359.99999999999,OMER260220C00003000,sold
OMER,2025-12-23,5.971846846846847,5303.0,0.0,12135,1711422.0,1143,0.9492563429571304,0.0,143100.0,2,0.0,107910.0,1,0.0,107910.0,1,107910.0,OMER260116P00006000,bought
OMER,2025-12-19,2.4132882882882885,2143.0,0.0,9467,878293.0,725,0.84,134080.0,74800.0,5,0.0,74800.0,1,0.0,0.0,0,74800.0,OMER260116C00009000,sold
OMER,2025-12-10,4.426307448494454,2793.0,0.0,7987,1435195.0,446,0.9260089686098656,111800.0,531225.0,7,70000.0,452200.0,3,0.0,400000.0,1,400000.0,OMER260116P00010000,bought
OMER,2025-08-22,4.255882352941176,1447.0,0.0,1807,149724.0,155,0.9483870967741936,0.0,0.0,0,0.0,0.0,0,0.0,0.0,0,12419.999999999998,OMER250919C00005000,bought
OLMA,2024-12-13,123.0,1230.0,0.0,3679,186667.0,532,0.5845864661654135,0.0,0.0,0,0.0,0.0,0,0.0,0.0,0,9120.0,OLMA250117C00007500,sold
OLMA,2024-02-09,85.52173913043478,1967.0,0.0,4006,950977.0,44,0.8863636363636364,685500.0,246750.0,4,685500.0,246750.0,4,685500.0,157950.0,3,461700.0,OLMA240216C00012500,bought
OGN,2026-04-13,2.8717015468607827,1578.0,0.0,16152,1182013.0,1264,0.8947784810126582,27209.000000000004,52600.0,3,0.0,0.0,0,0.0,0.0,0,27209.000000000004,OGN260515C00009000,bought
OGN,2026-01-15,6.748027354024198,6414.0,0.0,12232,661467.0,401,0.9052369077306732,0.0,0.0,0,0.0,0.0,0,0.0,0.0,0,20385.0,OGN260220P00008000,bought
OGN,2026-01-08,3.1303538175046555,1681.0,0.0,4272,201086.0,312,0.8974358974358975,0.0,0.0,0,0.0,0.0,0,0.0,0.0,0,11000.000000000002,OGN261218P00005000,sold
OGN,2026-01-06,14.53631284916201,7806.0,0.0,26640,1463307.0,1207,0.9130074565037284,0.0,338790.0,5,0.0,213125.0,1,0.0,213125.0,1,213125.0,OGN260320C00009000,sold
OGN,2025-11-19,3.049307479224377,2752.0,0.0,3502,487957.0,256,0.92578125,188500.0,0.0,1,188500.0,0.0,1,188500.0,0.0,1,188500.0,OGN251121P00009000,sold
OGN,2025-09-12,2.3254177660510114,1322.0,0.0,1640,93307.0,140,0.8428571428571429,0.0,0.0,0,0.0,0.0,0,0.0,0.0,0,7650.0,OGN260320P00012500,sold
OGN,2025-09-05,7.789130434782609,3583.0,0.0,5223,449795.0,495,0.8606060606060606,65000.0,85000.0,2,65000.0,85000.0,2,0.0,0.0,0,85000.0,OGN251017C00010000,sold
OGN,2025-06-09,2.612701252236136,2921.0,0.0,3750,208198.0,285,0.8912280701754386,0.0,27360.000000000004,1,0.0,0.0,0,0.0,0.0,0,27360.000000000004,OGN260618P00012500,bought
OGN,2025-05-08,2.0050632911392405,3168.0,0.0,5526,372687.0,379,0.8548812664907651,0.0,102555.0,2,0.0,64395.00000000001,1,0.0,0.0,0,64395.00000000001,OGN250620C00010000,sold
OCUL,2026-09-24,2.828009828009828,1151.0,0.0,1389,56507.0,103,0.7669902912621359,0.0,0.0,0,0.0,0.0,0,0.0,0.0,0,10000.0,OCUL261016C00012000,sold
OGN,2024-05-03,2.2225859247135844,1358.0,0.0,2133,240054.0,358,0.8072625698324022,0.0,0.0,0,0.0,0.0,0,0.0,0.0,0,24360.0,OGN260116C00007500,sold
OGN,2024-05-17,5.121713729308666,2630.0,0.0,3125,203505.0,413,0.9249394673123488,0.0,0.0,0,0.0,0.0,0,0.0,0.0,0,10150.0,OGN250117C00020000,bought
OGN,2024-07-19,21.518763796909493,4874.0,0.0,5295,201345.0,348,0.7385057471264368,0.0,0.0,0,0.0,0.0,0,0.0,0.0,0,17900.0,OGN240719C00017500,bought
OGN,2024-08-16,7.678321678321678,2745.0,0.0,2857,114254.0,159,0.8490566037735849,0.0,0.0,0,0.0,0.0,0,0.0,0.0,0,19320.0,OGN260116C00012500,sold
OGN,2024-10-30,4.540084388185654,1614.0,0.0,2122,128291.0,218,0.8623853211009175,0.0,0.0,0,0.0,0.0,0,0.0,0.0,0,13391.999999999998,OGN241220C00017500,sold
OMER,2026-04-14,6.064864864864865,3366.0,0.0,3942,269385.0,218,0.7935779816513762,0.0,0.0,0,0.0,0.0,0,0.0,0.0,0,16800.0,OMER260417C00010000,sold
OGN,2024-11-22,4.398183194549584,2905.0,0.0,3514,204503.0,208,0.8798076923076923,75060.0,0.0,1,75060.0,0.0,1,0.0,0.0,0,75060.0,OGN241220P00015000,sold
OGN,2025-02-11,3.6766256590509663,2092.0,0.0,2319,141403.0,327,0.9510703363914372,0.0,0.0,0,0.0,0.0,0,0.0,0.0,0,7480.000000000001,OGN250221P00015000,sold
OGN,2025-02-13,15.30048465266559,9471.0,0.0,12196,915733.0,1155,0.9168831168831169,112165.0,0.0,3,58890.0,0.0,1,0.0,0.0,0,58890.0,OGN250221C00015000,bought
OGN,2025-02-14,23.46306592533757,14770.0,0.0,15140,783386.0,425,0.9011764705882352,185250.0,390000.0,5,93600.0,390000.0,3,0.0,390000.0,2,195000.0,OGN250221C00015000,sold
OGN,2025-02-25,2.4909409701928698,2131.0,0.0,2884,165619.0,317,0.9148264984227128,0.0,0.0,0,0.0,0.0,0,0.0,0.0,0,12960.000000000002,OGN260116P00020000,bought
OGN,2025-04-04,2.2120343839541547,1158.0,0.0,2436,348992.0,335,0.9014925373134328,0.0,26130.0,1,0.0,0.0,0,0.0,0.0,0,76000.0,OGN260116C00010000,mid
OGN,2025-04-28,3.6396866840731072,4182.0,0.0,5085,845164.0,517,0.8839458413926499,123000.0,120940.0,4,123000.0,67000.0,2,123000.0,0.0,1,123000.0,OGN250516P00022500,sold
OGN,2025-01-23,7.005604483586869,4375.0,0.0,5712,674315.0,293,0.9146757679180888,420000.0,25739.999999999996,2,420000.0,0.0,1,420000.0,0.0,1,420000.0,OGN250221C00015000,bought
OCUL,2026-09-16,5.623242736644799,3000.0,0.0,5923,661584.0,158,0.7088607594936709,0.0,572500.0,2,0.0,572500.0,2,0.0,572500.0,2,330000.0,OCUL261016P00011000,bought
OMER,2026-06-18,9.6,3168.0,0.0,5539,760315.0,791,0.7572692793931732,0.0,0.0,0,0.0,0.0,0,0.0,0.0,0,23520.0,OMER260717P00010000,sold
OMER,2026-07-14,71.5371727748691,34159.0,0.0,26401,3050084.0,1638,0.8901098901098901,615060.0,1081396.0,11,564000.0,924000.0,4,564000.0,924000.0,4,480000.0,OMER260717P00011000,bought
PGEN,2026-08-19,11.7621776504298,16420.0,0.0,35042,5653611.0,260,0.8538461538461538,2299429.0,1855739.0,4,2299429.0,1855739.0,4,2299429.0,1855739.0,4,1738428.9999999998,PGEN260918C00005000,bought
PGEN,2026-08-04,4.484886649874055,3561.0,0.0,27050,2728832.0,660,0.8984848484848484,1251030.0,371485.0,14,1170030.0,122010.0,5,1170030.0,122010.0,5,672000.0,PGEN261016C00005000,bought
PGEN,2026-08-03,6.5208131655372705,3368.0,0.0,36465,1086109.0,464,0.9094827586206896,300000.0,274240.0,4,300000.0,212500.0,2,300000.0,212500.0,2,300000.0,PGEN260821C00009000,bought
PGEN,2026-07-31,11.031319910514542,4931.0,0.0,9388,743898.0,348,0.9109195402298852,377660.0,0.0,10,183000.0,0.0,3,0.0,0.0,0,73000.0,PGEN260821C00006000,bought
PGEN,2026-07-22,2.0123565754633717,1140.0,0.0,6664,163357.0,98,0.9183673469387756,111000.0,0.0,2,75000.0,0.0,1,0.0,0.0,0,75000.0,PGEN260821C00007500,bought
PGEN,2026-05-28,3.60797342192691,1086.0,0.0,2051,80213.0,227,0.8370044052863436,0.0,0.0,0,0.0,0.0,0,0.0,0.0,0,23920.0,PGEN261016C00005000,bought
PGEN,2026-04-01,14.397022332506204,2901.0,0.0,3259,117528.0,101,0.8811881188118812,0.0,0.0,0,0.0,0.0,0,0.0,0.0,0,8400.0,PGEN280121C00003500,bought
PGEN,2026-02-17,8.902711323763956,2791.0,0.0,8681,692062.0,337,0.884272997032641,120965.0,35979.99999999999,4,54000.0,0.0,1,0.0,0.0,0,54000.0,PGEN270115C00005000,bought
PGEN,2025-11-25,22.3419689119171,2156.0,0.0,2515,98510.0,50,0.7,0.0,0.0,0,0.0,0.0,0,0.0,0.0,0,72590.0,PGEN251219C00003500,mid
PGEN,2025-10-28,4.596816976127321,1733.0,0.0,10005,593129.0,147,0.8639455782312925,290458.0,53298.0,3,290458.0,53298.0,3,230958.0,0.0,1,230958.0,PGEN260116C00003500,bought
PGEN,2025-10-17,14.51542288557214,7294.0,0.0,11520,329343.0,567,0.7936507936507936,33000.0,0.0,1,0.0,0.0,0,0.0,0.0,0,33000.0,PGEN251017C00002500,bought
PGEN,2025-10-13,3.3379191745485812,1941.0,0.0,2924,78805.0,110,0.5363636363636364,0.0,0.0,0,0.0,0.0,0,0.0,0.0,0,11400.0,PGEN280121C00003500,bought
PGEN,2025-09-29,4.023076923076923,2615.0,0.0,3164,189672.0,161,0.9254658385093169,0.0,70380.0,1,0.0,70380.0,1,0.0,0.0,0,70380.0,PGEN251017P00004500,bought
PCVX,2025-03-06,22.065934065934066,1004.0,0.0,1016,663904.0,6,0.8333333333333334,662500.0,0.0,2,662500.0,0.0,2,662500.0,0.0,2,437500.0,PCVX250417P00075000,sold
PCVX,2025-02-03,7.660777385159011,1084.0,0.0,2016,657100.0,115,0.991304347826087,0.0,393900.0,4,0.0,322500.0,2,0.0,322500.0,2,192500.0,PCVX250417P00075000,bought
PCVX,2025-01-28,115.0,1150.0,0.0,3553,973163.0,386,0.9507772020725388,0.0,0.0,0,0.0,0.0,0,0.0,0.0,0,18476.0,PCVX250221C00105000,bought
PCVX,2025-01-15,281.8,2818.0,0.0,6969,2731386.0,379,0.9709762532981532,659270.0,373480.0,8,631670.0,373480.0,7,482500.0,263250.0,3,482500.0,PCVX250718P00100000,sold
OMER,2026-08-13,9.4082774049217,8411.0,0.0,25335,8095422.0,2274,0.8394898856640282,2610752.0,1525989.0,65,1722930.0,1045440.0,28,683220.0,469039.99999999994,6,469039.99999999994,OMER260821C00011000,sold
ORIC,2024-03-12,71.64285714285714,1003.0,0.0,1028,221461.0,13,0.9230769230769232,0.0,210000.0,2,0.0,210000.0,2,0.0,210000.0,2,110000.0,ORIC240315C00012500,sold
ORIC,2025-02-11,224.91666666666663,2699.0,0.0,4757,537579.0,249,0.9437751004016064,39150.0,167500.0,3,0.0,167500.0,2,0.0,100000.0,1,100000.0,ORIC250321C00012500,sold
ORIC,2025-06-20,111.78260869565216,2571.0,0.0,5203,564550.0,32,0.9375,201000.00000000003,317500.0,3,201000.00000000003,317500.0,3,201000.00000000003,238500.0,2,238500.0,ORIC250718C00008000,sold
ORIC,2025-07-18,207.6315789473684,11835.0,0.0,11836,3779309.0,9,1.0,0.0,3776000.0,2,0.0,3776000.0,2,0.0,3776000.0,2,1976500.0,ORIC250919C00008000,sold
PAHC,2025-03-03,153.0,1530.0,0.0,1532,147330.0,14,0.7857142857142857,0.0,0.0,0,0.0,0.0,0,0.0,0.0,0,80499.99999999999,PAHC250417P00025000,mid
OMER,2026-07-06,3.427906976744186,1474.0,0.0,3294,796698.0,963,0.940809968847352,0.0,0.0,0,0.0,0.0,0,0.0,0.0,0,15215.0,OMER261120C00017000,bought
PAHC,2025-08-28,166.46666666666667,2497.0,0.0,2616,642194.0,301,0.9335548172757476,0.0,105440.0,2,0.0,72760.0,1,0.0,0.0,0,72760.0,PAHC250919C00035000,sold
PCRX,2024-12-04,35.55102040816327,1742.0,0.0,3206,707251.0,276,0.9492753623188406,0.0,392700.0,2,0.0,392700.0,2,0.0,392700.0,2,198900.0,PCRX250117C00015000,sold
PCRX,2024-12-06,26.458715596330276,1442.0,0.0,1479,145891.0,70,0.9,80000.0,0.0,1,80000.0,0.0,1,0.0,0.0,0,80000.0,PCRX250117C00022500,bought
PCRX,2024-12-20,23.63302752293578,1288.0,0.0,2308,325025.0,23,0.6086956521739131,228000.0,0.0,2,200000.0,0.0,1,200000.0,0.0,1,200000.0,PCRX250117C00020000,bought
PCRX,2025-02-28,34.13333333333333,1024.0,0.0,1234,263032.0,128,0.9453125,0.0,0.0,0,0.0,0.0,0,0.0,0.0,0,10240.0,PCRX260116C00017500,sold
PCRX,2025-06-24,105.0,1050.0,0.0,1050,97633.0,34,0.9411764705882352,0.0,0.0,0,0.0,0.0,0,0.0,0.0,0,17500.0,PCRX250718C00027500,mid
PCRX,2026-01-09,107.6,1076.0,0.0,1197,224427.0,44,0.8409090909090909,190000.0,0.0,1,190000.0,0.0,1,190000.0,0.0,1,190000.0,PCRX260116P00025000,sold
PCRX,2024-08-12,3.846648301193756,4189.0,0.0,9084,4027050.0,977,0.8761514841351075,701020.0,423415.0,17,636320.0,256775.0,10,349600.0,116000.0,4,124000.0,PCRX240816P00015000,sold
PGEN,2026-09-22,2.081159420289855,1436.0,0.0,4594,172996.0,106,0.8584905660377359,0.0,0.0,0,0.0,0.0,0,0.0,0.0,0,21000.0,PGEN290119C00007000,bought
OCUL,2026-09-15,2.4104967197750704,1286.0,0.0,1658,113266.0,175,0.96,0.0,0.0,0,0.0,0.0,0,0.0,0.0,0,10000.0,OCUL270115C00010000,sold
OCUL,2026-07-15,3.879256965944272,1253.0,0.0,2403,188248.0,313,0.9169329073482428,0.0,0.0,0,0.0,0.0,0,0.0,0.0,0,4950.0,OCUL260731C00010000,bought
NVAX,2026-08-31,10.173913043478262,3627.0,0.0,19906,1687214.0,2370,0.8556962025316456,74925.0,314433.0,7,0.0,286713.0,4,0.0,0.0,0,87500.0,NVAX270416P00009000,bought
NVAX,2026-08-21,30.937027707808564,6141.0,0.0,25678,1393307.0,2861,0.907025515554002,183894.0,94600.0,6,112128.0,0.0,1,112128.0,0.0,1,112128.0,NVAX260918C00008000,bought
NVAX,2026-08-17,14.01223241590214,2291.0,0.0,4751,238253.0,743,0.819650067294751,0.0,59000.0,2,0.0,0.0,0,0.0,0.0,0,32000.0,NVAX261016C00010000,sold
NVAX,2026-06-15,2.944927536231884,1524.0,0.0,5715,616323.0,1310,0.6938931297709924,0.0,175000.0,1,0.0,175000.0,1,0.0,175000.0,1,175000.0,NVAX280121C00010000,sold
NVAX,2026-04-20,7.050529747351264,8651.0,0.0,17329,559905.0,1756,0.7556947608200456,60800.0,89991.00000000001,3,0.0,89991.00000000001,1,0.0,0.0,0,89991.00000000001,NVAX260515C00008500,sold
NVAX,2026-03-23,3.0205109751709247,4197.0,0.0,12830,1095284.0,3030,0.8016501650165017,55485.0,273697.0,6,55485.0,151265.0,3,0.0,0.0,0,86265.0,NVAX270115C00007500,sold
NVAX,2026-03-02,2.913761467889908,1588.0,0.0,11640,685368.0,2840,0.7316901408450704,0.0,35014.0,1,0.0,0.0,0,0.0,0.0,0,35014.0,NVAX260717C00015000,sold
NVAX,2026-01-15,9.96950929013816,10463.0,0.0,20242,946405.0,2098,0.44232602478551,408660.0,180000.0,4,375000.0,180000.0,3,375000.0,180000.0,3,195000.0,NVAX260220C00008000,bought
NVAX,2025-12-22,2.653061224489796,1495.0,0.0,14141,339038.0,1480,0.5797297297297297,0.0,0.0,0,0.0,0.0,0,0.0,0.0,0,15900.0,NVAX260417C00006000,bought
NVAX,2025-12-15,2.8766637089618454,1621.0,0.0,5326,135466.0,668,0.7425149700598802,0.0,37430.0,1,0.0,0.0,0,0.0,0.0,0,37430.0,NVAX271217C00010000,sold
NVAX,2025-12-08,2.1717171717171717,1290.0,0.0,5989,119600.0,587,0.8449744463373083,0.0,0.0,0,0.0,0.0,0,0.0,0.0,0,10812.0,NVAX260116C00007500,bought
NVAX,2025-11-21,3.411764705882353,1363.0,0.0,9107,382778.0,767,0.8070404172099087,69000.0,28000.0,3,0.0,0.0,0,0.0,0.0,0,35000.0,NVAX260717C00009000,bought
NVAX,2025-09-19,5.104415584415585,9826.0,0.0,21442,1066582.0,1900,0.8763157894736842,159151.0,0.0,3,130734.0,0.0,2,0.0,0.0,0,65367.00000000001,NVAX260417C00008000,bought
NVAX,2025-08-12,3.620842056292161,7783.0,0.0,23382,2883672.0,1696,0.9262971698113208,1260575.0,248670.0,12,1149540.0,82390.00000000001,4,1149540.0,0.0,3,689540.0,NVAX250815C00006000,bought
NVAX,2025-08-05,2.0786290322580645,3093.0,0.0,16666,781140.0,1688,0.9123222748815166,27625.0,98975.0,3,0.0,70070.0,1,0.0,0.0,0,70070.0,NVAX250815C00006500,sold
NVAX,2025-07-15,2.920587128340234,3880.0,0.0,9258,274153.0,795,0.8779874213836478,0.0,0.0,0,0.0,0.0,0,0.0,0.0,0,22088.0,NVAX250718C00006000,bought
NVAX,2025-06-17,3.878267363704257,5193.0,0.0,14611,538872.0,1764,0.9325396825396826,0.0,0.0,0,0.0,0.0,0,0.0,0.0,0,13350.0,NVAX260116C00009000,bought
NVAX,2024-05-08,4.309636650868878,2728.0,0.0,11785,410337.0,862,0.917633410672854,95769.0,0.0,3,0.0,0.0,0,0.0,0.0,0,36468.0,NVAX250117P00045000,sold
NVAX,2024-06-21,2.6597222222222223,1149.0,0.0,20547,1374414.0,2903,0.9204271443334482,229590.0,37500.0,4,160000.0,0.0,1,160000.0,0.0,1,160000.0,NVAX240920P00010000,sold
NVAX,2024-09-17,3.3333333333333335,1385.0,0.0,27111,1818980.0,2936,0.9567438692098093,180000.0,314165.0,7,180000.0,205000.0,4,105000.0,123000.0,2,123000.0,NVAX250417C00012500,sold
NVAX,2024-09-18,2.8664495114006514,1320.0,0.0,10745,787803.0,1629,0.9539594843462248,68640.0,0.0,1,68640.0,0.0,1,0.0,0.0,0,68640.0,NVAX250117C00010000,bought
NVAX,2024-10-09,6.477819347942277,6060.0,0.0,24447,1192208.0,1517,0.938035596572182,260015.0,161685.0,6,200000.0,122885.0,3,200000.0,0.0,1,200000.0,NVAX241018C00014000,bought
NVAX,2024-10-15,2.861571352218065,2677.0,0.0,25662,1807315.0,2763,0.9562070213536012,260990.0,149831.0,9,184490.0,51110.0,3,108680.0,0.0,1,108680.0,NVAX241115C00012500,bought
NVO,2024-02-08,2.3315972222222223,1343.0,0.0,12367,4745880.0,2713,0.9262808698857352,696970.0,1064642.0,23,515051.0,858485.0,11,464251.0,533067.0,5,306327.0,NVO240920C00085000,sold
NVAX,2024-11-21,10.044871794871796,3134.0,0.0,9806,447504.0,993,0.9103726082578046,0.0,171158.0,4,0.0,74152.0,1,0.0,0.0,0,74152.0,NVAX250117C00010000,sold
NVAX,2024-12-18,4.0,4362.0,0.0,10374,351419.0,1057,0.9517502365184484,0.0,0.0,0,0.0,0.0,0,0.0,0.0,0,12950.0,NVAX270115C00020000,sold
NVAX,2025-02-18,2.5564803804994054,2150.0,0.0,72478,14131823.0,1513,0.9272967614011896,4065492.0,9222238.0,11,3915212.0,9190000.0,6,3860000.0,9190000.0,5,4460000.0,NVAX260116C00010000,sold
NVAX,2025-04-04,2.5293453724604964,2241.0,0.0,17875,536435.0,1882,0.8379383634431455,61200.0,0.0,1,61200.0,0.0,1,0.0,0.0,0,61200.0,NVAX270115C00005000,bought
NVAX,2025-04-17,7.286230015471893,7064.0,0.0,13194,798810.0,998,0.8987975951903807,0.0,425439.0,4,0.0,396564.0,3,0.0,328700.0,2,170000.0,NVAX250516P00006000,bought
NVAX,2025-04-25,7.416563658838072,6000.0,0.0,32749,1516228.0,2744,0.9252915451895044,27500.0,56280.00000000001,2,0.0,56280.00000000001,1,0.0,0.0,0,56280.00000000001,NVAX260116P00010000,bought
NVAX,2025-05-30,7.437881873727088,9130.0,0.0,33929,1596177.0,2686,0.8808637379002234,246542.0,242276.0,11,150760.0,157020.0,5,0.0,0.0,0,79000.0,NVAX250620C00006500,bought
NVAX,2024-12-12,2.3171091445427727,1571.0,0.0,8467,475280.0,1127,0.9183673469387756,0.0,88000.00000000001,1,0.0,88000.00000000001,1,0.0,0.0,0,88000.00000000001,NVAX250103C00007000,sold
OCUL,2026-08-25,3.6803953871499178,2234.0,0.0,2565,197220.0,105,0.8380952380952381,0.0,122000.0,2,0.0,96000.0,1,0.0,0.0,0,96000.0,OCUL260918C00011000,sold
NVS,2024-02-15,4.49438202247191,1400.0,0.0,3978,3110719.0,250,0.836,1976700.0,916400.0,6,1920000.0,916400.0,4,1920000.0,916400.0,4,1147500.0,NVS240216P00115000,sold
NVS,2024-04-15,14.39344262295082,1317.0,0.0,3543,961572.0,779,0.8818998716302953,429850.0,28980.0,5,429850.0,0.0,4,164800.0,0.0,1,164800.0,NVS240419P00115000,sold
OCUL,2026-07-09,3.876434245366284,2196.0,0.0,6006,567687.0,334,0.6077844311377245,59940.0,288248.0,5,59940.0,258000.0,4,0.0,0.0,0,93000.0,OCUL260717C00010000,sold
OCUL,2026-06-23,8.079365079365079,1018.0,0.0,2267,320905.0,318,0.8270440251572327,0.0,0.0,0,0.0,0.0,0,0.0,0.0,0,20000.0,OCUL280121P00008000,mid
OCUL,2026-06-11,44.38647342995169,4594.0,0.0,6743,832569.0,487,0.9301848049281314,0.0,58500.0,1,0.0,58500.0,1,0.0,0.0,0,58500.0,OCUL260717C00009000,sold
OCUL,2026-02-04,6.300443200373222,13505.0,0.0,30718,6537308.0,642,0.9532710280373832,88200.0,3117000.0,5,62700.0,3117000.0,4,0.0,3060000.0,2,2670000.0,OCUL260220P00011000,bought
OCUL,2026-01-12,7.213314580403188,7693.0,0.0,17438,4207855.0,895,0.9340782122905028,57000.0,2489890.0,6,57000.0,2430400.0,4,0.0,2357000.0,2,2000000.0,OCUL260220P00011000,bought
OCUL,2025-12-16,2.1114115738236885,1952.0,0.0,3153,397351.0,791,0.9152970922882429,31200.0,0.0,1,0.0,0.0,0,0.0,0.0,0,31200.0,OCUL260320P00015000,sold
OCUL,2025-12-05,7.693012600229095,3358.0,0.0,3508,492940.99999999994,197,0.9949238578680204,0.0,381639.99999999994,1,0.0,381639.99999999994,1,0.0,381639.99999999994,1,381639.99999999994,OCUL260116C00012500,sold
OCUL,2025-09-02,3.597145122918319,2268.0,0.0,3682,606470.0,300,0.9466666666666668,62575.0,130600.0,5,0.0,52000.0,1,0.0,0.0,0,52000.0,OCUL250919C00010000,sold
OCUL,2025-08-11,2.89749430523918,1272.0,0.0,1995,253907.0,231,0.987012987012987,0.0,26730.0,1,0.0,0.0,0,0.0,0.0,0,26730.0,OCUL250919C00010000,sold
OCUL,2025-08-01,3.9299610894941632,1515.0,0.0,1976,160899.0,112,0.9464285714285714,0.0,0.0,0,0.0,0.0,0,0.0,0.0,0,22100.0,OCUL250919C00012500,sold
OCUL,2025-02-24,23.106382978723403,2172.0,0.0,2489,80407.0,46,0.9565217391304348,0.0,47150.0,1,0.0,0.0,0,0.0,0.0,0,47150.0,OCUL250321C00007500,sold
OCUL,2024-10-18,19.930434782608696,1146.0,0.0,3360,228183.0,288,0.9548611111111112,0.0,0.0,0,0.0,0.0,0,0.0,0.0,0,13200.0,OCUL241018P00012500,sold
OCUL,2024-02-13,15.607272727272727,2146.0,0.0,2234,75931.0,150,0.98,0.0,0.0,0,0.0,0.0,0,0.0,0.0,0,6175.0,OCUL240315P00005000,sold
OCEA,2024-03-11,2.001256281407035,1593.0,0.0,3743,352691.0,413,0.9636803874092008,37380.0,65860.0,2,0.0,65860.0,1,0.0,0.0,0,65860.0,OCEA240315C00002500,sold
NVS,2026-08-28,8.552845528455284,2104.0,0.0,7305,4432077.0,1157,0.9602420051858254,730911.0,975629.0,22,590631.0,774809.0,12,500400.0,326000.0,5,173000.0,NVS270617P00185000,bought
NVS,2026-07-07,6.140762463343108,1047.0,0.0,5726,1627846.0,919,0.9782372143634384,113837.0,409560.0,5,77112.0,409560.0,4,0.0,349440.0,2,192000.0,NVS260821P00160000,bought
NVS,2026-03-10,393.1630648330059,100060.0,0.0,374164,893884068.0,1793,0.9498047964305631,294620420.0,514212412.0,692,293776530.0,513140177.0,633,293184670.0,512535497.0,616,63405200.0,NVS260417C00130000,sold
NVS,2024-04-16,17.34234234234234,1925.0,0.0,6558,1645366.0,602,0.9186046511627908,741000.0,339740.0,6,741000.0,308800.0,5,620500.0,308800.0,3,512000.0,NVS240517C00092500,bought
NVS,2024-04-19,27.958333333333332,4026.0,0.0,10020,1481498.0,1156,0.8693771626297578,376320.0,72000.0,5,347160.0,72000.0,4,260910.0,0.0,2,143750.0,NVS240517C00090000,bought
NVS,2024-05-14,4.745762711864407,1400.0,0.0,6880,941863.0,718,0.9094707520891364,0.0,140030.0,2,0.0,114920.0,1,0.0,114920.0,1,114920.0,NVS240621C00105000,sold
NVS,2024-07-16,4.091358024691358,1657.0,0.0,3513,385886.0,461,0.9501084598698482,0.0,0.0,0,0.0,0.0,0,0.0,0.0,0,22660.000000000004,NVS260116C00115000,bought
NVS,2024-09-26,20.24561403508772,1731.0,0.0,1863,496826.0,128,0.890625,0.0,375000.0,2,0.0,375000.0,2,0.0,375000.0,2,232500.0,NVS241115P00115000,bought
NVS,2024-11-07,5.788888888888889,1563.0,0.0,3501,3636993.0,118,0.788135593220339,39270.0,3456000.0,3,0.0,3456000.0,2,0.0,3456000.0,2,2088000.0,NVS241115P00120000,bought
NVS,2024-03-11,11.72347266881029,1823.0,0.0,3169,313112.0,625,0.8784,32580.0,0.0,1,0.0,0.0,0,0.0,0.0,0,32580.0,NVS240719C00085000,bought
NVS,2025-01-06,10.489583333333334,1007.0,0.0,3471,754450.0,215,0.9023255813953488,204844.0,474080.0,5,204844.0,444680.0,4,204844.0,365000.0,3,365000.0,NVS250221P00100000,bought
NVS,2025-05-08,8.505073280721533,3772.0,0.0,4551,749578.0,162,0.8271604938271605,140900.0,211413.0,7,112400.0,166098.0,5,0.0,0.0,0,57200.0,NVS250620P00110000,bought
NVS,2025-09-26,25.120481927710845,2085.0,0.0,3807,385820.0,428,0.8808411214953271,0.0,0.0,0,0.0,0.0,0,0.0,0.0,0,14905.000000000002,NVS251017C00130000,bought
NVS,2025-10-29,3.322436849925706,1118.0,0.0,6695,2012114.0,781,0.9167733674775927,420050.0,370600.0,7,420050.0,329800.0,6,240370.0,243100.0,3,243100.0,NVS270115P00130000,bought
NVS,2025-11-19,2.7527675276752768,1119.0,0.0,2270,838620.0,314,0.9076433121019108,67200.0,56365.0,3,67200.0,0.0,1,0.0,0.0,0,67200.0,NVS280121C00115000,bought
NVS,2025-12-22,16.03053435114504,1050.0,0.0,2814,696797.0,191,0.9162303664921466,120560.0,253125.0,6,81920.0,209455.0,4,0.0,0.0,0,89600.0,NVS271217C00175000,sold
NVS,2026-02-23,3.5088408644400784,1786.0,0.0,4258,1987906.0,636,0.9339622641509434,665735.0,224120.0,11,576380.0,136630.0,6,415380.0,0.0,2,218960.0,NVS270617C00175000,bought
NVS,2025-03-21,3.088082901554404,1192.0,0.0,4027,829074.0,337,0.9317507418397626,0.0,144550.0,1,0.0,144550.0,1,0.0,144550.0,1,144550.0,NVS250321C00110000,sold
NVAX,2024-02-12,8.42962962962963,7966.0,0.0,17013,502920.0,2130,0.9441314553990612,0.0,0.0,0,0.0,0.0,0,0.0,0.0,0,18060.0,NVAX250117P00010000,bought
PGEN,2026-09-23,2.555072463768116,1763.0,0.0,4814,686178.0,173,0.9017341040462428,28000.0,252160.0,5,0.0,160000.0,2,0.0,100000.0,1,100000.0,PGEN261120C00007000,sold
PHAT,2025-08-18,24.057007125890735,5064.0,0.0,5240,179626.0,35,0.8571428571428571,0.0,135000.0,1,0.0,135000.0,1,0.0,135000.0,1,135000.0,PHAT250919C00012500,sold
QURE,2025-06-03,7.895652173913043,4540.0,0.0,24273,5276525.0,459,0.934640522875817,1844463.0,2920648.0,9,1814648.0,2893648.0,7,1814648.0,2893648.0,7,1694000.0,QURE250815C00018000,sold
QURE,2025-05-22,8.195121951219512,1176.0,0.0,1383,187041.0,255,0.9372549019607844,0.0,0.0,0,0.0,0.0,0,0.0,0.0,0,22000.000000000004,QURE250620P00015000,bought
QURE,2025-05-08,20.25,1296.0,0.0,6512,1275846.0,956,0.9497907949790796,146880.0,0.0,1,146880.0,0.0,1,146880.0,0.0,1,278464.99999999994,QURE250718C00012000,mid
QURE,2025-03-14,7.647058823529412,1040.0,0.0,2057,647438.0,91,0.989010989010989,156673.0,55202.0,6,52400.0,0.0,1,0.0,0.0,0,52400.0,QURE250321C00012000,bought
QURE,2025-02-28,28.87719298245614,1646.0,0.0,1801,171974.0,81,0.8765432098765432,0.0,38500.00000000001,1,0.0,0.0,0,0.0,0.0,0,38500.00000000001,QURE250417C00014000,sold
QURE,2024-03-18,2.306451612903226,1144.0,0.0,1208,44282.0,26,0.8461538461538461,0.0,40000.0,1,0.0,0.0,0,0.0,0.0,0,40000.0,QURE240419P00005000,bought
QURE,2024-03-14,3.159533073929961,1218.0,0.0,1339,54304.0,25,0.84,44955.0,0.0,1,0.0,0.0,0,0.0,0.0,0,44955.0,QURE240419P00005000,sold
QGEN,2026-08-06,5.161321206318813,5391.0,0.0,5639,934278.0,215,0.8325581395348837,594000.0,173999.99999999997,2,594000.0,173999.99999999997,2,594000.0,173999.99999999997,2,594000.0,QGEN260918C00045000,bought
QGEN,2026-08-04,4.737186477644493,4344.0,0.0,4346,776564.0,112,0.8839285714285714,592440.0,33000.0,4,544740.0,0.0,2,544740.0,0.0,2,429300.0,QGEN260821C00045000,bought
QGEN,2026-07-20,6.709677419354839,2184.0,0.0,3572,342894.0,523,0.9024856596558316,0.0,0.0,0,0.0,0.0,0,0.0,0.0,0,10325.0,QGEN260821C00040000,bought
QGEN,2026-07-17,3.240188383045526,1032.0,0.0,1099,163496.0,180,0.85,0.0,0.0,0,0.0,0.0,0,0.0,0.0,0,24000.0,QGEN260821C00045000,bought
QGEN,2026-07-16,8.263242375601926,2574.0,0.0,4627,428989.0,377,0.9549071618037136,70180.0,0.0,2,0.0,0.0,0,0.0,0.0,0,43790.0,QGEN260821C00045000,bought
QGEN,2026-07-10,9.487562189054726,1907.0,0.0,2158,419446.0,287,0.89198606271777,31850.0,25680.0,2,0.0,0.0,0,0.0,0.0,0,31850.0,QGEN260821C00040000,bought
QGEN,2026-07-09,37.51020408163265,5514.0,0.0,6419,2070506.0,806,0.9156327543424316,690130.0,154295.0,21,125750.0,58500.0,3,0.0,0.0,0,68000.0,QGEN260717C00040000,bought
QGEN,2026-06-23,136.38167938931298,8933.0,0.0,9162,1488368.0,777,0.9395109395109396,794897.0,0.0,4,721172.0,0.0,2,667708.0,0.0,1,667708.0,QGEN260821C00040000,bought
QGEN,2026-05-13,6.908602150537634,1285.0,0.0,6375,1060517.0,73,0.9452054794520548,0.0,1000000.0,1,0.0,1000000.0,1,0.0,1000000.0,1,1000000.0,QGEN260821P00030000,bought
QGEN,2026-04-27,19.587692307692308,3183.0,0.0,6225,564690.0,140,0.3142857142857143,0.0,27250.0,1,0.0,0.0,0,0.0,0.0,0,27500.0,QGEN260515C00050000,mid
QGEN,2025-01-10,238.9142857142857,4181.0,0.0,4183,386243.0,39,0.9743589743589745,360000.0,0.0,1,360000.0,0.0,1,360000.0,0.0,1,360000.0,QGEN250117C00045000,bought
QGEN,2025-02-05,324.54237288135596,9574.0,0.0,7285,841634.0,569,0.9578207381370826,406120.0,0.0,2,406120.0,0.0,2,406120.0,0.0,2,234519.99999999997,QGEN250221P00045000,sold
QGEN,2025-02-21,30.22,1511.0,0.0,1516,41256.0,79,0.9746835443037974,0.0,0.0,0,0.0,0.0,0,0.0,0.0,0,6250.0,QGEN250321C00045000,bought
QGEN,2025-03-12,14.844444444444443,1002.0,0.0,1005,135658.0,55,0.9272727272727272,0.0,0.0,0,0.0,0.0,0,0.0,0.0,0,17360.0,QGEN250417C00040000,bought
QGEN,2025-07-23,116.9,1169.0,0.0,1182,208141.0,58,0.9655172413793104,0.0,168150.0,2,0.0,168150.0,2,0.0,0.0,0,99750.0,QGEN250815C00050000,sold
QGEN,2025-07-24,136.0,1360.0,0.0,2934,664235.0,31,0.935483870967742,243000.0,324000.0,2,243000.0,324000.0,2,243000.0,324000.0,2,324000.0,QGEN250815C00050000,sold
QURE,2025-07-24,11.107296137339056,1294.0,0.0,1814,161013.0,253,0.9683794466403162,0.0,0.0,0,0.0,0.0,0,0.0,0.0,0,7400.0,QURE251017C00015000,bought
QGEN,2025-10-16,63.8125,1021.0,0.0,1022,103195.0,4,1.0,0.0,80000.0,1,0.0,80000.0,1,0.0,0.0,0,80000.0,QGEN251121C00050000,sold
QGEN,2026-01-22,3.924865831842576,1097.0,0.0,1133,460275.0,95,0.936842105263158,159000.0,75920.0,3,159000.0,50440.0,2,159000.0,0.0,1,159000.0,QGEN260220C00050000,bought
QGEN,2026-02-03,3.751572327044025,1193.0,0.0,1194,230988.0,197,0.7918781725888325,0.0,0.0,0,0.0,0.0,0,0.0,0.0,0,8970.0,QGEN260220C00055000,mid
QGEN,2026-03-06,34.44806517311609,8457.0,0.0,9462,1288879.0,511,0.7514677103718199,90880.0,90720.0,3,0.0,90720.0,1,0.0,0.0,0,90720.0,QGEN260618C00050000,sold
QGEN,2026-03-19,5.5181818181818185,1214.0,0.0,1305,1217885.0,71,0.971830985915493,0.0,1123400.0,2,0.0,1123400.0,2,0.0,1123400.0,2,664200.0,QGEN260320P00055000,bought
QGEN,2026-04-10,24.276422764227643,2986.0,0.0,4684,188378.0,110,0.5818181818181818,0.0,0.0,0,0.0,0.0,0,0.0,0.0,0,16470.0,QGEN260417C00050000,mid
QGEN,2026-04-16,8.682926829268293,1068.0,0.0,2119,118424.0,260,0.5423076923076923,0.0,0.0,0,0.0,0.0,0,0.0,0.0,0,3894.999999999999,QGEN260515C00045000,sold
QGEN,2025-11-03,42.167164179104475,7063.0,0.0,7070,153426.0,723,0.9640387275242048,0.0,0.0,0,0.0,0.0,0,0.0,0.0,0,15000.0,QGEN251121C00055000,sold
QGEN,2024-10-18,17.46611909650924,4253.0,0.0,4287,481254.0,344,0.7761627906976745,0.0,356035.0,2,0.0,356035.0,2,0.0,356035.0,2,226435.0,QGEN241115C00045000,sold
QURE,2025-09-17,2.2199528672427338,1413.0,0.0,9256,1381837.0,557,0.9515260323159784,538515.0,38279.99999999999,4,465675.0,0.0,1,465675.0,0.0,1,465675.0,QURE251017P00010000,sold
QURE,2026-03-05,5.64,3948.0,0.0,74366,7150966.0,2378,0.8818334735071489,3133432.0,889534.0,30,2955272.0,651427.0,18,2446635.0,462200.0,8,895500.0,QURE260417P00070000,sold
RCUS,2024-11-29,16.062992125984252,1020.0,0.0,1119,101145.0,34,1.0,0.0,34850.0,1,0.0,0.0,0,0.0,0.0,0,34850.0,RCUS250117C00017500,sold
RCUS,2024-08-16,117.6734693877551,2883.0,0.0,5065,1617655.0,138,0.9565217391304348,421389.0,168820.0,7,348264.0,136620.0,4,168820.0,136620.0,2,168820.0,RCUS240920C00012500,bought
RCKT,2026-03-26,2.907791279485347,4068.0,0.0,11564,902135.0,879,0.9237770193401592,0.0,86920.0,2,0.0,57000.0,1,0.0,0.0,0,57000.0,RCKT260417C00002500,sold
RCKT,2026-03-04,2.889804325437693,1403.0,0.0,3962,458314.0,150,0.8266666666666667,0.0,0.0,0,0.0,0.0,0,0.0,0.0,0,50000.0,RCKT260417C00002500,mid
RCKT,2026-02-27,11.379310344827584,2970.0,0.0,5684,422054.0,566,0.8392226148409894,0.0,0.0,0,0.0,0.0,0,0.0,0.0,0,20498.0,RCKT260717C00002500,sold
RCKT,2026-02-26,9.92741935483871,1231.0,0.0,3528,134801.0,212,0.9150943396226416,0.0,0.0,0,0.0,0.0,0,0.0,0.0,0,12000.0,RCKT260417P00005000,sold
RCKT,2025-10-14,96.27272727272728,3177.0,0.0,4891,289466.0,511,0.9001956947162426,0.0,0.0,0,0.0,0.0,0,0.0,0.0,0,18993.0,RCKT251121C00005000,bought
RCKT,2024-10-16,29.55072463768116,2039.0,0.0,2072,221712.0,66,0.9393939393939394,0.0,204120.0,1,0.0,204120.0,1,0.0,204120.0,1,204120.0,RCKT241115C00020000,sold
RCKT,2024-10-02,22.495726495726498,1316.0,0.0,1483,157175.0,62,0.935483870967742,0.0,92500.0,1,0.0,92500.0,1,0.0,0.0,0,92500.0,RCKT241115C00020000,sold
RCKT,2024-09-30,24.120481927710845,1001.0,0.0,1167,55597.0,15,0.9333333333333332,0.0,50000.0,1,0.0,50000.0,1,0.0,0.0,0,50000.0,RCKT241018C00020000,sold
RARE,2026-07-22,40.405797101449274,1394.0,0.0,12064,6517819.0,803,0.8493150684931506,3577000.0,1888000.0,10,3577000.0,1888000.0,10,3515500.0,1888000.0,9,1379999.9999999998,RARE260918P00030000,bought
RARE,2026-07-21,63.46875,2031.0,0.0,6058,2106575.0,26,0.8461538461538461,1740000.0,0.0,2,1740000.0,0.0,2,1740000.0,0.0,2,1208000.0,RARE260918P00025000,sold
RARE,2026-05-14,57.24444444444445,2576.0,0.0,2626,1638912.0,72,0.8333333333333334,753750.0,370000.0,14,753750.0,0.0,2,753750.0,0.0,2,379890.0,RARE260515C00020000,bought
RARE,2026-05-06,20.37254901960784,1039.0,0.0,2646,959658.0,39,0.8461538461538461,204000.0,700000.0,3,204000.0,700000.0,3,204000.0,700000.0,3,480000.0,RARE260515C00020000,sold
RARE,2026-04-17,28.676616915422887,2882.0,0.0,6063,526770.0,127,0.952755905511811,0.0,238510.0,1,0.0,238510.0,1,0.0,238510.0,1,238510.0,RARE260417P00025000,bought
RARE,2026-04-02,21.877551020408163,1072.0,0.0,1151,108859.0,104,0.903846153846154,0.0,0.0,0,0.0,0.0,0,0.0,0.0,0,12750.0,RARE260515P00020000,bought
RARE,2026-02-10,40.96416938110749,6288.0,0.0,6296,1073983.0,19,0.8421052631578947,0.0,632578.0,1,0.0,632578.0,1,0.0,632578.0,1,632578.0,RARE260320P00025000,bought
QURE,2026-04-17,3.998136067101584,2145.0,0.0,6098,981791.0,666,0.8723723723723724,112905.0,133740.0,6,56904.99999999999,75000.0,2,0.0,0.0,0,75000.0,QURE270115C00030000,sold
QURE,2026-07-23,60.67567567567568,2245.0,0.0,5812,1627205.0,335,0.9253731343283582,459850.0,506233.0,12,459850.0,308475.0,6,384600.0,147500.0,3,237600.0,QURE260821C00041000,bought
QURE,2026-07-27,33.75675675675676,1249.0,0.0,3198,1277433.0,402,0.9502487562189056,450712.0,135462.0,15,278808.0,0.0,5,0.0,0.0,0,62600.0,QURE270115C00035000,bought
QURE,2026-09-24,4.017809439002671,2256.0,0.0,24997,8496455.0,2690,0.9657992565055762,1082460.0,1887626.0,49,453000.0,1276310.0,12,453000.0,1065810.0,9,228000.0,QURE261016C00050000,bought
RARE,2024-03-12,33.96875,1087.0,0.0,2199,640861.0,104,0.9615384615384616,368374.0,0.0,2,368374.0,0.0,2,368374.0,0.0,2,267680.0,RARE240419C00055000,bought
RARE,2025-01-06,18.96124031007752,1223.0,0.0,1491,137167.0,157,0.8789808917197452,0.0,40200.0,1,0.0,0.0,0,0.0,0.0,0,40200.0,RARE250117C00050000,sold
QURE,2025-09-18,7.370967741935484,5027.0,0.0,10324,1580485.0,568,0.9172535211267606,886052.0,259436.99999999997,6,860127.0,229769.99999999997,4,860127.0,229769.99999999997,4,473526.0,QURE270115P00012000,sold
RARE,2025-05-30,86.5,1038.0,0.0,1250,391475.0,199,0.9346733668341708,0.0,0.0,0,0.0,0.0,0,0.0,0.0,0,20460.0,RARE250718C00040000,sold
RARE,2025-06-18,5.571428571428571,1872.0,0.0,11813,2017777.0,321,0.9532710280373832,1229182.0,412500.0,6,1197500.0,412500.0,5,1197500.0,412500.0,5,630000.0,RARE250815C00040000,bought
RARE,2025-07-16,2.5126050420168067,2093.0,0.0,5087,1321685.0,262,0.8320610687022901,607040.0,0.0,1,607040.0,0.0,1,607040.0,0.0,1,607040.0,RARE250815P00030000,sold
RARE,2025-08-11,17.873493975903614,2967.0,0.0,6129,2113438.0,103,0.7864077669902912,1392845.0,538748.0,3,1392845.0,538748.0,3,1392845.0,538748.0,3,757350.0,RARE250815P00035000,sold
RARE,2025-09-02,6.925207756232687,1250.0,0.0,3176,761189.0,365,0.8986301369863013,89536.0,229105.0,6,0.0,156975.0,2,0.0,105000.0,1,105000.0,RARE260116C00040000,sold
RARE,2025-10-17,9.918181818181818,1091.0,0.0,2332,516832.0,245,0.9183673469387756,117000.0,116700.0,3,86100.0,116700.0,2,0.0,116700.0,1,116700.0,RARE251121C00030000,sold
RARE,2025-12-10,10.710462287104622,2201.0,0.0,3949,1895678.0,218,0.9495412844036696,625000.0,810980.0,10,625000.0,752700.0,8,625000.0,235000.0,2,625000.0,RARE260116C00040000,bought
RARE,2025-06-11,9.335922330097087,2404.0,0.0,5572,2153946.0,310,0.8935483870967742,223617.0,548878.0,21,0.0,104192.0,2,0.0,0.0,0,53120.00000000001,RARE250815P00035000,bought
PGEN,2026-10-01,3.928909952606635,3316.0,0.0,4888,537634.0,136,0.9411764705882352,96000.0,176000.0,6,0.0,148000.0,2,0.0,0.0,0,93000.0,PGEN261120C00008000,sold
QGEN,2024-10-09,26.2,3144.0,0.0,3147,358145.0,261,0.9770114942528736,120370.0,0.0,2,120370.0,0.0,2,0.0,0.0,0,67500.0,QGEN241018C00045000,bought
QGEN,2024-07-18,6.705882352941177,1140.0,0.0,1218,15445.0,38,0.9473684210526316,0.0,0.0,0,0.0,0.0,0,0.0,0.0,0,2825.0,QGEN240719C00050000,mid
PRGO,2026-06-10,13.819025522041764,2978.0,0.0,3576,403836.0,220,0.990909090909091,125672.0,31500.0,3,125672.0,0.0,2,0.0,0.0,0,68600.0,PRGO260618C00010000,bought
PRGO,2026-06-08,28.702412868632702,5353.0,0.0,20785,1343260.0,339,0.8584070796460177,681910.0,345340.0,8,641250.0,319340.0,6,641250.0,319340.0,6,208000.0,PRGO260821C00012500,bought
PRGO,2026-04-13,4.251366120218579,1167.0,0.0,1597,188372.00000000003,44,0.9318181818181818,132705.00000000003,36000.0,2,132705.00000000003,0.0,1,132705.00000000003,0.0,1,132705.00000000003,PRGO260515C00010000,bought
PRGO,2026-04-02,7.0092879256965945,1132.0,0.0,1275,120089.0,132,0.946969696969697,53850.0,0.0,1,53850.0,0.0,1,0.0,0.0,0,53850.0,PRGO260515C00012500,bought
PRGO,2026-03-23,6.427645788336933,1488.0,0.0,1645,80073.0,140,0.8928571428571429,0.0,0.0,0,0.0,0.0,0,0.0,0.0,0,8460.0,PRGO260417C00010000,bought
PRGO,2026-03-11,5.351758793969849,1065.0,0.0,1963,111904.0,163,0.7607361963190185,0.0,0.0,0,0.0,0.0,0,0.0,0.0,0,11400.0,PRGO270115P00012500,sold
PRGO,2026-02-02,9.575757575757576,1106.0,0.0,1238,47775.0,32,0.8125,0.0,0.0,0,0.0,0.0,0,0.0,0.0,0,12250.000000000002,PRGO260821P00015000,bought
PRGO,2025-12-01,6.492836676217765,1133.0,0.0,1323,157336.0,127,0.8346456692913385,96605.0,0.0,2,60800.0,0.0,1,0.0,0.0,0,60800.0,PRGO251219C00012500,bought
PRGO,2025-05-08,474.3255813953488,20396.0,0.0,20538,391346.0,154,0.8246753246753247,287536.0,0.0,2,287536.0,0.0,2,287536.0,0.0,2,144804.0,PRGO250620C00030000,bought
PRGO,2025-02-19,140.1952861952862,20819.0,0.0,21143,1372189.0,203,0.9310344827586208,1200000.0,50000.0,2,1200000.0,50000.0,2,1200000.0,0.0,1,1200000.0,PRGO250321C00025000,bought
PRGO,2024-12-30,15.486381322957198,1990.0,0.0,2040,61539.0,41,0.7073170731707317,28800.0,0.0,1,0.0,0.0,0,0.0,0.0,0,28800.0,PRGO250221C00027500,bought
PRGO,2024-08-01,4.4411764705882355,1057.0,0.0,1280,153634.0,125,0.936,72800.0,0.0,1,72800.0,0.0,1,0.0,0.0,0,72800.0,PRGO240816P00027500,sold
PRGO,2024-07-05,7.138297872340425,1342.0,0.0,1450,82184.0,179,0.88268156424581,0.0,0.0,0,0.0,0.0,0,0.0,0.0,0,9150.0,PRGO240719C00027500,bought
PRGO,2024-07-02,7.223241590214068,1181.0,0.0,1279,504830.0,165,0.9575757575757576,0.0,25420.0,1,0.0,0.0,0,0.0,0.0,0,25420.0,PRGO240816C00022500,sold
PRGO,2024-05-06,12.02555910543131,1882.0,0.0,3623,650805.0,542,0.933579335793358,0.0,0.0,0,0.0,0.0,0,0.0,0.0,0,8400.0,PRGO240517C00027500,sold
PRGO,2024-03-07,3.5698234349919744,1112.0,0.0,8349,2197549.0,1566,0.9469987228607918,366820.0,0.0,8,143530.0,0.0,2,0.0,0.0,0,93480.0,PRGO250117C00030000,bought
PRGO,2024-03-06,6.368421052631579,1573.0,0.0,44884,3091368.0,705,0.950354609929078,2176125.0,331200.0,4,2127950.0,300000.0,2,2127950.0,300000.0,2,2127950.0,PRGO240517C00030000,bought
PHAT,2025-09-17,110.57142857142856,5031.0,0.0,5031,76260.0,10,0.9,0.0,75000.0,2,0.0,0.0,0,0.0,0.0,0,37500.0,PHAT251017C00015000,sold
PHAT,2025-09-30,21.737373737373737,1076.0,0.0,1117,274845.0,52,1.0,109620.0,0.0,2,109620.0,0.0,2,0.0,0.0,0,55620.00000000001,PHAT251121C00010000,bought
PHAT,2025-11-19,10.123222748815166,1068.0,0.0,2136,1062703.0,39,0.8717948717948718,420250.0,388250.0,6,420250.0,388250.0,6,420250.0,388250.0,6,156000.0,PHAT260220C00012500,bought
PHAT,2026-02-18,42.723404255319146,2008.0,0.0,3411,635349.0,41,0.975609756097561,436750.0,160000.0,5,436750.0,115000.0,4,436750.0,115000.0,4,190000.0,PHAT260220C00007500,bought
PHAT,2026-04-28,57.25714285714286,1002.0,0.0,1014,62045.0,5,0.4,0.0,0.0,0,0.0,0.0,0,0.0,0.0,0,60000.0,PHAT260515C00012500,mid
PHVS,2026-08-07,300.1,3001.0,0.0,9013,1774320.0,13,0.7692307692307693,0.0,0.0,0,0.0,0.0,0,0.0,0.0,0,1182000.0,PHVS260918P00030000,mid
PRGO,2026-07-16,7.745664739884393,1340.0,0.0,1444,148181.0,200,0.97,0.0,0.0,0,0.0,0.0,0,0.0,0.0,0,6299.999999999999,PRGO260821C00010000,bought
PHVS,2026-09-04,42.08,1578.0,0.0,6029,920077.0,92,0.782608695652174,111090.0,655800.0,8,111090.0,554400.0,5,111090.0,405600.0,3,253500.0,PHVS261016P00030000,bought
PLRX,2025-02-11,101.6,1016.0,0.0,2943,137005.0,183,0.6939890710382514,0.0,31459.999999999996,1,0.0,0.0,0,0.0,0.0,0,31459.999999999996,PLRX250417P00015000,bought
PRAX,2024-10-03,99.03030303030305,1634.0,0.0,6863,14061786.0,242,0.9462809917355371,9257572.0,3722746.0,83,8929704.0,3628090.0,70,8309704.0,3135650.0,55,1604999.9999999998,PRAX241115C00065000,bought
PRAX,2024-10-08,132.0,1518.0,0.0,3042,2900436.0,29,0.896551724137931,910500.0,1960500.0,2,910500.0,1960500.0,2,910500.0,1960500.0,2,1960500.0,PRAX241115C00065000,sold
PRAX,2024-10-09,262.3478260869565,3017.0,0.0,5028,4027419.0,31,0.8709677419354839,2633528.0,1362528.0,3,2633528.0,1362528.0,3,2633528.0,1362528.0,3,1520000.0,PRAX241220P00050000,sold
PRAX,2025-01-31,65.74358974358974,2564.0,0.0,10008,12733348.0,314,0.9522292993630572,5361490.0,5821740.0,17,5258070.0,5737640.0,12,5060440.0,5737640.0,9,2618640.0,PRAX250221C00100000,bought
PRAX,2025-07-08,12.321100917431192,1343.0,0.0,1989,1048412.0,582,0.972508591065292,210210.0,122850.0,2,210210.0,122850.0,2,210210.0,122850.0,2,210210.0,PRAX250815C00055000,bought
PLRX,2024-12-11,100.0,1000.0,0.0,1000,151506.0,57,1.0,0.0,105000.0,1,0.0,105000.0,1,0.0,105000.0,1,105000.0,PLRX250117P00015000,bought
QGEN,2024-07-31,9.658333333333331,1159.0,0.0,1190,110688.0,89,1.0,0.0,0.0,0,0.0,0.0,0,0.0,0.0,0,19600.0,QGEN240816P00040000,bought
PRME,2025-07-07,20.3015873015873,6395.0,0.0,24909,3265042.0,793,0.9344262295081968,1241967.0,800224.0,43,545829.0,352522.0,9,478045.0,105000.0,4,163200.0,PRME250718C00002500,bought
PRME,2025-07-16,4.701704545454546,1655.0,0.0,8192,781256.0,311,0.8778135048231511,449120.0,40000.0,7,337000.0,0.0,3,200000.0,0.0,1,200000.0,PRME260116C00005000,bought
QGEN,2024-04-18,2.960235640648012,1005.0,0.0,1611,146367.0,67,1.0,90000.0,0.0,1,90000.0,0.0,1,0.0,0.0,0,90000.0,QGEN240419P00040000,sold
QGEN,2024-04-17,2.989690721649485,1015.0,0.0,1421,152866.0,103,0.9805825242718448,90000.0,0.0,1,90000.0,0.0,1,0.0,0.0,0,90000.0,QGEN240419P00040000,sold
QGEN,2024-03-20,35.74757281553398,1841.0,0.0,1887,220955.0,89,0.9438202247191012,0.0,162000.0,2,0.0,162000.0,2,0.0,102000.0,1,102000.0,QGEN240419P00045000,bought
QGEN,2024-02-16,110.3,1103.0,0.0,1142,174855.0,39,0.9743589743589745,79800.0,39600.0,3,0.0,0.0,0,0.0,0.0,0,39900.0,QGEN240419C00045000,bought
PVLA,2026-02-06,61.59183673469388,1509.0,0.0,1526,143323.0,16,0.9375,0.0,0.0,0,0.0,0.0,0,0.0,0.0,0,120000.0,PVLA260220C00110000,mid
PVLA,2026-01-05,117.9,1179.0,0.0,1615,1345399.0,278,0.9892086330935252,650700.0,74800.0,4,650700.0,0.0,2,597100.0,0.0,1,597100.0,PVLA260116C00090000,bought
PTGX,2025-04-10,4.838582677165355,1229.0,0.0,3254,379473.0,44,0.9318181818181818,254000.0,0.0,2,254000.0,0.0,2,200000.0,0.0,1,200000.0,PTGX250718P00035000,sold
PTGX,2025-03-27,3.968503937007874,1008.0,0.0,2304,403681.0,110,0.8545454545454545,265000.0,50000.0,2,265000.0,50000.0,2,265000.0,0.0,1,265000.0,PTGX250417P00055000,sold
PTGX,2025-03-18,4.06963249516441,1052.0,0.0,1750,253650.0,45,0.9555555555555556,195000.0,0.0,2,155000.0,0.0,1,155000.0,0.0,1,155000.0,PTGX250417P00055000,sold
PTGX,2024-10-15,75.375,1206.0,0.0,1234,413557.0,282,0.9716312056737588,29183.999999999996,0.0,1,0.0,0.0,0,0.0,0.0,0,29183.999999999996,PTGX241115C00050000,bought
PTCT,2025-09-16,39.381443298969074,1910.0,0.0,2541,1410280.0,207,0.966183574879227,440016.00000000006,293400.0,4,414900.00000000006,293400.0,3,356400.00000000006,293400.0,2,356400.00000000006,PTCT251219C00050000,bought
PTCT,2025-08-11,6.993121238177128,8133.0,0.0,10894,2630411.0,267,0.9363295880149812,744600.0,1718280.0,6,744600.0,1718280.0,6,744600.0,1718280.0,6,858279.9999999999,PTCT251219C00050000,sold
PTCT,2025-08-07,2.7983614019116976,3074.0,0.0,5200,641073.0,677,0.9852289512555392,0.0,0.0,0,0.0,0.0,0,0.0,0.0,0,7600.0,PTCT250919C00060000,bought
PTCT,2025-07-31,3.1820580474934035,1206.0,0.0,1430,464111.0,145,0.9793103448275862,0.0,265720.0,2,0.0,265720.0,2,0.0,206500.0,1,206500.0,PTCT250919C00050000,sold
PTCT,2025-07-29,16.615384615384617,3132.0,0.0,14538,3168609.0,649,0.9537750385208013,1418370.0,706840.0,9,1357250.0,680000.0,6,1120000.0,680000.0,2,1120000.0,PTCT250815P00050000,sold
PTCT,2025-07-28,12.57258064516129,1559.0,0.0,5446,842801.0,261,0.942528735632184,130200.0,429285.0,8,130200.0,325480.0,5,130200.0,112000.0,2,130200.0,PTCT250919C00050000,bought
PTCT,2025-07-23,57.13636363636363,2514.0,0.0,2618,658640.0,56,0.9285714285714286,0.0,533330.0,3,0.0,533330.0,3,0.0,438290.0,2,299100.0,PTCT250919C00050000,sold
PRME,2025-08-08,8.110429447852761,2644.0,0.0,3204,81388.0,151,0.8079470198675497,0.0,37500.0,1,0.0,0.0,0,0.0,0.0,0,37500.0,PRME250919C00005000,sold
PRME,2025-08-11,4.861146496815286,1908.0,0.0,2414,70182.0,127,0.9291338582677166,0.0,0.0,0,0.0,0.0,0,0.0,0.0,0,10200.0,PRME250815C00004000,bought
PRME,2025-08-12,3.3925925925925924,1603.0,0.0,1891,51004.0,98,0.826530612244898,0.0,0.0,0,0.0,0.0,0,0.0,0.0,0,8500.0,PRME250919P00004000,sold
PRME,2025-11-28,2.1088929219600727,1162.0,0.0,1447,90750.0,44,0.9090909090909092,0.0,43200.0,1,0.0,0.0,0,0.0,0.0,0,43200.0,PRME260116C00004000,sold
PRME,2026-02-25,31.01058201058201,5861.0,0.0,7107,330477.0,241,0.8049792531120332,79960.0,164895.0,4,79960.0,130000.0,3,0.0,0.0,0,80000.0,PRME260320C00004000,sold
PRME,2026-06-08,15.748148148148148,2126.0,0.0,3346,210454.0,957,0.8463949843260188,0.0,0.0,0,0.0,0.0,0,0.0,0.0,0,20000.0,PRME280121C00001000,bought
PRME,2025-07-08,3.810888252148997,1330.0,0.0,4985,401394.0,646,0.9303405572755418,74400.0,0.0,1,74400.0,0.0,1,0.0,0.0,0,74400.0,PRME260116C00001000,bought
PRME,2026-06-22,7.140065146579804,1096.0,0.0,1665,87231.0,316,0.8322784810126582,0.0,0.0,0,0.0,0.0,0,0.0,0.0,0,8200.0,PRME280121C00003000,bought
PRTA,2025-05-07,112.35483870967742,3483.0,0.0,4321,880769.0,437,0.9794050343249427,0.0,553900.0,1,0.0,553900.0,1,0.0,553900.0,1,553900.0,PRTA250620P00007500,bought
PRTA,2025-06-16,3.8125714285714287,1668.0,0.0,3537,172361.0,299,0.7926421404682275,34000.0,0.0,1,0.0,0.0,0,0.0,0.0,0,34000.0,PRTA251219C00002500,bought
PRTA,2025-08-06,18.792792792792792,1043.0,0.0,3364,159942.0,306,0.9281045751633988,0.0,0.0,0,0.0,0.0,0,0.0,0.0,0,10500.0,PRTA250815P00007500,sold
PRTA,2025-08-08,419.07438016528926,25354.0,0.0,27253,1033525.0,139,0.8848920863309353,0.0,0.0,0,0.0,0.0,0,0.0,0.0,0,921640.0,PRTA250815P00007500,mid
PTCT,2024-01-25,214.57142857142856,3004.0,0.0,12079,3822259.0,138,0.927536231884058,575250.0,3171250.0,4,575250.0,3171250.0,4,575250.0,3171250.0,4,1858500.0,PTCT240315P00027000,bought
PTCT,2025-07-22,46.82608695652174,1077.0,0.0,2236,495747.0,114,0.9298245614035088,0.0,312464.0,2,0.0,273350.0,1,0.0,273350.0,1,273350.0,PTCT250919C00050000,sold
PRME,2026-08-25,4.6255506607929515,1050.0,0.0,2420,192968.0,539,0.9035250463821892,0.0,0.0,0,0.0,0.0,0,0.0,0.0,0,8700.0,PRME280121C00003000,bought
NUVL,2024-08-21,165.1,1651.0,0.0,3075,1602474.0,558,0.931899641577061,810370.0,0.0,1,810370.0,0.0,1,810370.0,0.0,1,810370.0,NUVL251219P00075000,sold
NUVB,2026-07-20,9.899728997289971,3653.0,0.0,4612,519037.0,376,0.9601063829787234,71000.0,219789.0,5,0.0,179289.0,2,0.0,0.0,0,98560.0,NUVB260821C00005000,sold
NUVB,2026-07-17,2.975609756097561,1098.0,0.0,1170,119512.0,104,0.8365384615384616,0.0,0.0,0,0.0,0.0,0,0.0,0.0,0,18080.0,NUVB260821C00005000,bought
ZYME,2026-06-08,112.8,1128.0,0.0,1128,39815.0,103,1.0,0.0,0.0,0,0.0,0.0,0,0.0,0.0,0,6334.999999999999,ZYME260717C00030000,sold
ITCI,2024-03-20,27.742857142857144,2913.0,0.0,3150,1953832.0,234,0.9572649572649572,994250.0,707350.0,4,994250.0,707350.0,4,994250.0,707350.0,4,994250.0,ITCI240419C00060000,bought
ITCI,2024-02-22,20.69035532994924,2038.0,0.0,6477,2923110.0,1193,0.958927074601844,345753.0,436884.0,19,0.0,193878.0,3,0.0,0.0,0,84830.0,ITCI240621P00060000,bought
ITCI,2024-02-20,12.923857868020304,1273.0,0.0,3001,1206959.0,1131,0.991158267020336,452583.0,28500.0,4,424083.0,0.0,2,424083.0,0.0,2,273129.0,ITCI240419C00085000,bought
ITCI,2024-02-16,16.274111675126903,1603.0,0.0,3364,1219200.0,423,0.8486997635933806,760000.0,100350.0,5,760000.0,0.0,2,760000.0,0.0,2,505000.0,ITCI240419C00085000,bought
IRWD,2024-12-20,447.5,4475.0,0.0,4717,157187.0,332,0.7710843373493976,48000.0,0.0,1,0.0,0.0,0,0.0,0.0,0,48000.0,IRWD250117C00005000,bought
IRWD,2024-04-01,10.069498069498067,1304.0,0.0,1307,39379.0,43,0.9767441860465116,0.0,0.0,0,0.0,0.0,0,0.0,0.0,0,4530.0,IRWD240517C00010000,bought
IRWD,2024-03-01,20.26879271070615,4449.0,0.0,6300,624232.0,399,0.6766917293233082,0.0,0.0,0,0.0,0.0,0,0.0,0.0,0,20250.0,IRWD240419P00010000,bought
IRWD,2024-02-29,79.55775577557756,12053.0,0.0,28236,3351834.0,2255,0.928159645232816,239414.0,433300.0,7,124084.0,375000.0,2,124084.0,375000.0,2,375000.0,IRWD240517C00010000,sold
IRON,2026-09-24,102.4,1024.0,0.0,3044,3595702.0,257,0.9299610894941636,1971370.0,1242590.0,5,1971370.0,1242590.0,5,1886560.0,1242590.0,4,1603680.0,IRON261218P00080000,sold
IRON,2026-04-17,400.7,4007.0,0.0,6010,2737195.0,9,0.6666666666666666,1200000.0,1430000.0,3,1200000.0,1430000.0,3,1200000.0,1430000.0,3,1230000.0,IRON260618C00070000,sold
IRON,2025-10-09,100.3,1003.0,0.0,1044,362445.0,11,1.0,0.0,335000.0,1,0.0,335000.0,1,0.0,335000.0,1,335000.0,IRON251121C00075000,sold
IRON,2025-07-15,853.1,8531.0,0.0,8531,2430975.0,7,0.8571428571428571,0.0,1470735.0,1,0.0,1470735.0,1,0.0,1470735.0,1,1470735.0,IRON250815C00055000,sold
IRON,2025-05-15,200.0,2000.0,0.0,2000,510000.0,3,0.6666666666666666,180000.0,155000.0,2,180000.0,155000.0,2,180000.0,155000.0,2,180000.0,IRON250620C00045000,bought
IRON,2025-04-23,117.5,1175.0,0.0,1187,157970.0,20,0.95,0.0,105000.0,1,0.0,105000.0,1,0.0,105000.0,1,105000.0,IRON250516C00050000,sold
IRON,2025-04-16,200.0,2000.0,0.0,2000,103000.0,2,0.5,0.0,99000.0,1,0.0,99000.0,1,0.0,0.0,0,99000.0,IRON250516C00045000,sold
IRON,2025-01-24,102.5,1025.0,0.0,1077,353270.0,4,1.0,0.0,320000.0,1,0.0,320000.0,1,0.0,320000.0,1,320000.0,IRON250321C00060000,sold
IOVA,2024-11-11,5.68321513002364,2404.0,0.0,16117,1306588.0,1608,0.8905472636815921,26520.0,193025.0,5,0.0,95000.0,1,0.0,0.0,0,95000.0,IOVA250620C00018000,sold
IOVA,2024-12-04,5.575402635431918,1904.0,0.0,3365,373510.0,299,0.8896321070234113,54529.99999999999,88000.00000000001,2,54529.99999999999,88000.00000000001,2,0.0,0.0,0,88000.00000000001,IOVA250117C00010000,sold
IOVA,2024-12-11,2.131712259371834,1052.0,0.0,4456,473350.0,299,0.8561872909698997,119000.0,44540.0,4,0.0,0.0,0,0.0,0.0,0,47000.0,IOVA260116C00005000,bought
IOVA,2025-02-11,2.4556765163297043,1579.0,0.0,5516,313861.0,423,0.8699763593380615,0.0,0.0,0,0.0,0.0,0,0.0,0.0,0,16500.0,IOVA250321C00008000,sold
IOVA,2025-03-06,2.225806451612903,1311.0,0.0,4275,193823.0,354,0.8389830508474576,0.0,0.0,0,0.0,0.0,0,0.0,0.0,0,12500.0,IOVA270115C00003000,sold
IOVA,2025-03-21,3.1938931297709923,1046.0,0.0,2903,153197.0,288,0.8611111111111112,0.0,0.0,0,0.0,0.0,0,0.0,0.0,0,9825.0,IOVA250417C00004000,bought
JANX,2024-07-16,11.497142857142856,1006.0,0.0,1098,206757.0,163,0.7607361963190185,0.0,37400.0,1,0.0,0.0,0,0.0,0.0,0,37400.0,JANX240719C00050000,sold
IOVA,2025-04-02,5.920212765957447,1113.0,0.0,9590,423552.0,393,0.8982188295165394,90768.0,87030.0,5,0.0,0.0,0,0.0,0.0,0,46360.0,IOVA260116C00005000,bought
IOVA,2026-06-18,2.5064456721915285,2722.0,0.0,8164,843487.0,1353,0.9401330376940134,0.0,28000.0,1,0.0,0.0,0,0.0,0.0,0,28000.0,IOVA260717C00004000,sold
IOVA,2026-07-09,5.541947926711669,5747.0,0.0,12864,1087533.0,1524,0.9081364829396326,101880.0,0.0,2,57000.0,0.0,1,0.0,0.0,0,57000.0,IOVA260731C00004500,bought
IOVA,2026-07-10,2.3910405972935136,2562.0,0.0,6835,799723.0,1091,0.9431714023831348,53485.0,0.0,2,0.0,0.0,0,0.0,0.0,0,27930.0,IOVA270115C00005000,bought
IOVA,2026-08-19,3.440909090909091,3785.0,0.0,31087,4515611.0,2818,0.8914123491838183,579185.0,382840.0,20,332385.0,118040.0,5,194040.0,0.0,1,500000.0,IOVA270115C00003000,mid
IRD,2026-03-20,98.42857142857144,1378.0,0.0,3254,686703.0,217,0.912442396313364,233400.0,313450.0,15,0.0,50000.0,1,0.0,0.0,0,50000.0,IRD260515C00002500,sold
IRON,2024-03-01,24.86868686868687,1231.0,0.0,2402,1355839.0,453,0.8631346578366446,122150.0,715450.0,2,122150.0,715450.0,2,122150.0,715450.0,2,715450.0,IRON240419P00065000,bought
IOVA,2026-05-11,3.0034106412005457,4403.0,0.0,11134,707680.0,1332,0.8573573573573574,0.0,0.0,0,0.0,0.0,0,0.0,0.0,0,20124.999999999996,IOVA260918C00003500,bought
IOVA,2024-11-04,3.20114122681883,1122.0,0.0,12578,1334872.0,802,0.8653366583541147,128300.0,133350.0,6,60179.99999999999,53100.0,2,0.0,0.0,0,60179.99999999999,IOVA270115P00020000,sold
JANX,2024-10-30,57.111111111111114,2056.0,0.0,2158,751324.0,47,0.9148936170212766,152379.0,378036.0,10,89512.0,261035.0,4,0.0,149966.0,1,149966.0,JANX241220P00045000,bought
JANX,2025-01-06,3.0444444444444443,1370.0,0.0,2393,536227.0,377,0.960212201591512,0.0,125950.0,2,0.0,100650.0,1,0.0,100650.0,1,100650.0,JANX250221C00055000,sold
KURA,2024-01-12,315.11764705882354,5357.0,0.0,10511,1249420.0,124,0.9596774193548387,995200.0,136840.0,3,995200.0,136840.0,3,995200.0,0.0,1,995200.0,KURA240216C00017500,bought
KURA,2024-01-10,73.87096774193549,1145.0,0.0,1307,118968.0,122,0.7377049180327869,0.0,0.0,0,0.0,0.0,0,0.0,0.0,0,13175.0,KURA240216C00017500,mid
KRYS,2025-06-13,149.8,1498.0,0.0,1513,50311.0,108,0.5648148148148148,0.0,0.0,0,0.0,0.0,0,0.0,0.0,0,10410.0,KRYS250718C00120000,sold
KRYS,2025-01-17,118.0,1180.0,0.0,4450,3195100.0,62,0.8870967741935484,774000.0,2322000.0,9,774000.0,2322000.0,9,774000.0,2322000.0,9,940000.0,KRYS250221P00150000,bought
KRYS,2024-11-06,125.83333333333331,1510.0,0.0,3076,1851290.0,43,0.9534883720930232,750000.0,1050000.0,2,750000.0,1050000.0,2,750000.0,1050000.0,2,1050000.0,KRYS250117C00210000,sold
KRTX,2024-03-15,49.833333333333336,1196.0,0.0,2194,111175.0,179,0.441340782122905,0.0,0.0,0,0.0,0.0,0,0.0,0.0,0,23760.000000000004,KRTX240315C00320000,bought
KRTX,2024-02-26,14.2987012987013,1101.0,0.0,3685,1482645.0,499,0.9639278557114228,412810.0,388530.0,8,348710.0,348930.0,5,272400.0,228929.99999999997,2,272400.0,KRTX240315C00320000,bought
KROS,2025-12-04,2.0263653483992465,1076.0,0.0,1371,244447.0,262,0.965648854961832,0.0,0.0,0,0.0,0.0,0,0.0,0.0,0,4425.0,KROS260116C00020000,bought
KROS,2025-11-18,7.434718100890208,5011.0,0.0,7810,3023880.0,417,0.9712230215827338,1345974.0,706321.0,31,1081527.0,471638.0,15,890292.0,109820.0,7,204440.0,KROS251121C00012500,bought
KROS,2025-11-17,3.750741839762611,2528.0,0.0,2778,638920.0,496,0.9778225806451613,0.0,50540.0,1,0.0,50540.0,1,0.0,0.0,0,50540.0,KROS251219P00030000,bought
KROS,2025-11-14,3.7032640949554896,2496.0,0.0,2658,685521.0,509,0.9921414538310412,0.0,0.0,0,0.0,0.0,0,0.0,0.0,0,24320.0,KROS251121P00030000,bought
KROS,2025-10-23,17.808823529411764,1211.0,0.0,1341,55180.0,36,0.8888888888888888,28000.0,0.0,1,0.0,0.0,0,0.0,0.0,0,28000.0,KROS251121P00015000,sold
KROS,2025-10-17,21.59223300970874,1112.0,0.0,1348,368157.0,98,0.9693877551020408,32000.0,0.0,1,0.0,0.0,0,0.0,0.0,0,32000.0,KROS251219P00015000,sold
KROS,2025-08-14,41.95918367346939,3084.0,0.0,3140,357878.0,144,0.9444444444444444,0.0,0.0,0,0.0,0.0,0,0.0,0.0,0,13385.999999999998,KROS250919P00015000,bought
KROS,2025-02-26,5.024271844660194,1035.0,0.0,1086,84952.0,30,0.7333333333333333,75000.0,0.0,1,75000.0,0.0,1,0.0,0.0,0,75000.0,KROS250417P00010000,sold
KROS,2025-01-15,148.0,1480.0,0.0,7008,560604.0,407,0.8943488943488943,0.0,73500.0,1,0.0,73500.0,1,0.0,0.0,0,73500.0,KROS250620P00007500,bought
KOD,2026-09-24,112.9090909090909,6210.0,0.0,13949,10040738.0,336,0.9702380952380952,5640000.0,100000.0,2,5640000.0,100000.0,2,5640000.0,100000.0,2,5640000.0,KOD261016P00035000,sold
JANX,2025-01-13,2.5368983957219253,1186.0,0.0,1419,362782.0,120,0.9333333333333332,54348.0,141808.0,5,0.0,64500.0,1,0.0,0.0,0,64500.0,JANX250221C00055000,sold
JANX,2025-12-02,33.83844911147011,10473.0,0.0,20073,3660901.0,2576,0.8994565217391305,929295.0,445735.0,10,841725.0,331440.0,4,841725.0,259440.0,3,541725.0,JANX251219P00025000,sold
JANX,2025-12-19,4.312312312312312,1436.0,0.0,1959,192030.0,144,0.8263888888888888,0.0,56000.0,1,0.0,56000.0,1,0.0,0.0,0,56000.0,JANX260116C00015000,sold
JAZZ,2026-01-06,24.06741573033708,1071.0,0.0,2371,775358.0,1004,0.9671314741035856,0.0,52200.0,1,0.0,52200.0,1,0.0,0.0,0,52200.0,JAZZ260220C00170000,sold
JAZZ,2026-02-25,173.41666666666666,2081.0,0.0,3846,2489845.0,509,0.9528487229862476,431270.0,796430.0,21,376420.0,468780.0,9,125000.0,200000.0,2,200000.0,JAZZ260320C00170000,sold
JNJ,2024-01-10,2.1808776311095257,12226.0,0.0,35274,33733132.0,2472,0.9211165048543688,11537358.0,15400148.0,31,11381090.0,15143680.0,18,11327840.0,14950700.0,14,3064399.9999999995,JNJ240119P00175000,bought
JANX,2024-12-05,4.363349131121643,1381.0,0.0,2753,782139.0,362,0.9337016574585636,97000.0,241175.0,8,97000.0,50000.0,2,0.0,0.0,0,97000.0,JANX241220P00070000,sold
JNJ,2025-05-02,2.2985436893203883,2841.0,0.0,14328,3349786.0,2805,0.9140819964349376,560620.0,538965.0,10,560620.0,401135.0,6,560620.0,239855.00000000003,4,239855.00000000003,JNJ250620C00155000,sold
KALV,2025-06-24,5.180555555555555,1119.0,0.0,1984,224038.0,198,0.8484848484848485,32000.0,0.0,1,0.0,0.0,0,0.0,0.0,0,32000.0,KALV250919C00010000,bought
KALV,2025-11-26,154.27692307692308,10028.0,0.0,10086,660629.0,23,0.8695652173913043,650000.0,0.0,1,650000.0,0.0,1,650000.0,0.0,1,650000.0,KALV251219P00012500,sold
KALV,2026-02-19,500.5,5005.0,0.0,5061,753856.0,14,1.0,725000.0,0.0,1,725000.0,0.0,1,725000.0,0.0,1,725000.0,KALV260417P00015000,sold
KALV,2026-03-27,238.43478260869568,5484.0,0.0,5567,1095831.0,70,0.9142857142857144,0.0,1000000.0,1,0.0,1000000.0,1,0.0,1000000.0,1,1000000.0,KALV260515C00020000,sold
KALV,2026-05-01,23.54954954954955,1307.0,0.0,3283,68828.0,266,0.8458646616541353,0.0,0.0,0,0.0,0.0,0,0.0,0.0,0,16600.0,KALV260618C00010000,sold
KNSA,2024-05-03,91.78571428571428,1285.0,0.0,35,4547.0,11,0.9090909090909092,0.0,0.0,0,0.0,0.0,0,0.0,0.0,0,2250.0,KNSA240517C00017500,sold
KALV,2024-02-23,35.4178674351585,6145.0,0.0,6411,498377.0,78,0.935897435897436,198000.0,174500.0,3,198000.0,143000.0,2,198000.0,143000.0,2,198000.0,KALV240315C00012500,bought
KURA,2024-01-30,131.85714285714286,11076.0,0.0,31240,6146256.0,1920,0.9526041666666668,2616373.0,2165613.0,10,2591153.0,2165613.0,9,2467103.0,2038368.0,5,2038368.0,KURA240216C00017500,sold
IOVA,2024-10-18,13.684408265497808,10927.0,0.0,34650,2084410.0,1853,0.8796546141392336,140947.0,153090.0,8,106947.0,0.0,2,0.0,0.0,0,55221.0,IOVA241115C00012000,bought
IOVA,2024-08-29,2.9921688798093293,4394.0,0.0,6300,505596.0,366,0.8797814207650273,36080.0,29205.0,2,0.0,0.0,0,0.0,0.0,0,36080.0,IOVA241220C00012000,bought
INSM,2025-07-11,6.666666666666667,1660.0,0.0,4038,1578024.0,366,0.9207650273224044,143010.0,773790.0,9,98610.0,773790.0,8,0.0,225000.0,1,225000.0,INSM250815C00110000,sold
INSM,2025-06-30,4.138528138528138,1434.0,0.0,6858,2878721.0,523,0.9235181644359464,1042290.0,1014000.0,5,964000.0,1014000.0,3,964000.0,1014000.0,3,964000.0,INSM251121C00110000,bought
INSM,2025-06-25,5.875901875901876,2036.0,0.0,2765,1742227.0,426,0.9483568075117372,56450.00000000001,51280.0,4,0.0,0.0,0,0.0,0.0,0,28310.000000000004,INSM251121P00110000,sold
INSM,2025-04-09,19.507042253521128,1385.0,0.0,7298,4148794.0,317,0.889589905362776,1453200.0,1945150.0,15,1372500.0,1718299.9999999998,6,1372500.0,1577799.9999999998,4,1372500.0,INSM250620P00065000,sold
INSM,2025-04-07,29.254545454545458,1609.0,0.0,4048,2037211.0,281,0.608540925266904,95520.0,1583790.0,13,65520.00000000001,1272000.0,3,0.0,1272000.0,2,640000.0,INSM260116P00060000,bought
INSM,2025-02-20,128.5,1285.0,0.0,1692,1255667.0,126,0.8650793650793651,0.0,562825.0,1,0.0,562825.0,1,0.0,562825.0,1,562825.0,INSM250321C00072500,sold
INSM,2024-12-13,7.312280701754386,1042.0,0.0,1685,451035.0,206,0.9805825242718448,0.0,29792.0,1,0.0,0.0,0,0.0,0.0,0,29792.0,INSM250117C00070000,sold
INSM,2024-08-23,5.734913793103448,2661.0,0.0,5561,3116545.0,724,0.9433701657458564,724270.0,745500.0,17,595370.0,469620.0,5,517320.00000000006,344880.0,2,517320.00000000006,INSM250117C00080000,bought
INSM,2024-06-13,2.352577319587629,1141.0,0.0,13032,3163014.0,487,0.8870636550308009,934682.0,1006860.0,14,835000.0000000001,932200.0,9,835000.0000000001,653880.0,4,660000.0000000001,INSM240621C00060000,bought
INSM,2024-05-15,30.52747252747253,1389.0,0.0,4227,2579045.0,943,0.953340402969247,212740.0,333640.0,9,132000.0,232800.0,3,132000.0,145500.0,2,145500.0,INSM240621P00022500,bought
INDV,2026-08-11,93.48837209302326,2010.0,0.0,2173,156533.0,54,1.0,140000.0,0.0,1,140000.0,0.0,1,140000.0,0.0,1,140000.0,INDV260821C00040000,bought
INDV,2026-08-03,132.6,1989.0,0.0,2522,758709.0,417,0.8585131894484412,30000.0,0.0,1,0.0,0.0,0,0.0,0.0,0,30000.0,INDV260821C00036000,bought
INDV,2025-12-17,73.13333333333334,1097.0,0.0,1391,349596.0,212,0.981132075471698,75000.0,0.0,1,75000.0,0.0,1,0.0,0.0,0,75000.0,INDV260116C00035000,bought
INDV,2025-11-25,25.26086956521739,1743.0,0.0,5026,2407166.0,72,0.9444444444444444,2165440.0,187981.0,9,2065000.0,153709.0,5,1975000.0,0.0,2,1050000.0,INDV261218C00030000,bought
INDV,2025-09-19,65.71929824561404,1873.0,0.0,1879,66807.0,29,0.7241379310344828,0.0,41650.0,1,0.0,0.0,0,0.0,0.0,0,41650.0,INDV251121C00030000,sold
INDV,2025-08-27,27.55704697986577,2053.0,0.0,3578,882996.0,145,0.9655172413793104,135520.0,304125.0,4,135520.0,219300.0,2,135520.0,219300.0,2,269865.0,INDV251017C00025000,mid
INDV,2025-08-13,8.435424354243542,1143.0,0.0,2352,467601.0,69,0.9420289855072465,154800.0,190800.0,2,154800.0,190800.0,2,154800.0,190800.0,2,190800.0,INDV251121C00025000,sold
IMNM,2024-11-27,38.0,1786.0,0.0,2037,254926.0,500,0.946,0.0,0.0,0,0.0,0.0,0,0.0,0.0,0,12390.0,IMNM250117C00012500,sold
IMNM,2025-11-21,29.88571428571429,1046.0,0.0,1480,543779.0,209,0.7799043062200957,35154.0,54954.0,3,0.0,0.0,0,0.0,0.0,0,35154.0,IMNM260116C00020000,bought
IMRX,2025-11-13,25.142857142857142,2640.0,0.0,2773,356804.0,102,0.8235294117647058,320000.0,0.0,2,288000.0,0.0,1,288000.0,0.0,1,288000.0,IMRX251219P00007500,sold
IMVT,2024-03-14,299.8,2998.0,0.0,8263,654255.0,93,0.935483870967742,335000.0,135000.0,6,335000.0,60000.0,4,275000.0,0.0,2,165000.00000000003,IMVT240419C00035000,bought
IMVT,2025-10-27,26.0,2925.0,0.0,7347,1370682.0,451,0.9822616407982262,320540.0,495000.0,4,262500.0,495000.0,2,262500.0,495000.0,2,495000.0,IMVT251121C00019000,sold
IMVT,2025-12-30,84.52631578947368,1606.0,0.0,3244,785900.0,181,0.9668508287292816,61425.0,617990.0,3,61425.0,617990.0,3,0.0,617990.0,2,479039.99999999994,IMVT260717C00030000,sold
INSM,2025-09-18,3.417890520694259,1280.0,0.0,8293,6194115.0,1005,0.9562189054726368,3079396.0,1220861.0,19,3010156.0,1112986.0,14,3010156.0,866194.0,10,920000.0,INSM260116C00160000,bought
IMVT,2026-03-24,100.6,1006.0,0.0,3322,637214.0,36,0.9444444444444444,355000.0,260270.0,4,355000.0,260270.0,4,355000.0,260270.0,4,235000.0,IMVT260515C00025000,bought
INBX,2024-02-08,15.584269662921349,1387.0,0.0,1416,32575.0,51,0.9803921568627452,0.0,0.0,0,0.0,0.0,0,0.0,0.0,0,4600.0,INBX240920P00040000,bought
INBX,2024-02-28,17.479674796747968,1075.0,0.0,1089,26962.0,74,0.8648648648648649,0.0,0.0,0,0.0,0.0,0,0.0,0.0,0,7800.0,INBX240419C00030000,sold
INDV,2024-11-20,125.6,1256.0,0.0,1278,63668.0,139,0.2230215827338129,0.0,0.0,0,0.0,0.0,0,0.0,0.0,0,1800.0,INDV241220C00012500,mid
INDV,2025-02-20,128.6,1286.0,0.0,1407,102172.0,76,0.6052631578947368,0.0,40000.0,1,0.0,0.0,0,0.0,0.0,0,40000.0,INDV250321C00010000,sold
INDV,2025-02-26,89.33333333333333,1206.0,0.0,1207,13250.0,76,0.1973684210526315,0.0,0.0,0,0.0,0.0,0,0.0,0.0,0,4935.0,INDV250321C00012500,mid
INDV,2025-07-25,36.214285714285715,1014.0,0.0,1106,204555.0,19,0.9473684210526316,199800.0,0.0,3,199800.0,0.0,3,0.0,0.0,0,66600.0,INDV250815C00017500,bought
IMVT,2026-04-16,74.07142857142857,1037.0,0.0,1883,262646.0,49,0.673469387755102,49500.0,195020.0,4,0.0,195020.0,3,0.0,0.0,0,85140.0,IMVT261218C00030000,sold
IOVA,2024-09-20,2.2104940165694997,3602.0,0.0,5653,489272.0,492,0.9126016260162602,51150.0,27115.000000000004,2,51150.0,0.0,1,0.0,0.0,0,51150.0,IOVA250321C00009000,bought
INSM,2025-09-29,4.669026548672567,1319.0,0.0,3701,1829314.0,341,0.9501466275659824,306370.0,359709.0,12,62500.0,206225.0,2,0.0,206225.0,1,403975.0,INSM251017P00140000,mid
INSM,2025-12-22,2.5306122448979593,1426.0,0.0,4243,3254933.0,1166,0.9614065180102916,586307.0,586185.0,16,465687.0,384260.0,6,273900.0,303900.0,2,303900.0,INSM280121C00090000,sold
IOVA,2024-08-16,3.04307116104869,1625.0,0.0,7281,838242.0,703,0.8634423897581792,200750.0,28750.0,5,137250.0,0.0,2,0.0,0.0,0,86250.0,IOVA260116C00005000,bought
IOVA,2024-08-15,3.675052410901467,1753.0,0.0,5732,690466.0,607,0.912685337726524,0.0,60180.0,2,0.0,0.0,0,0.0,0.0,0,34340.0,IOVA240920C00009000,sold
IOVA,2024-08-13,3.3007159904534604,1383.0,0.0,8992,1287129.0,837,0.8984468339307049,208230.0,236520.0,9,153500.0,98000.0,3,0.0,0.0,0,147000.0,IOVA250321C00007000,mid
IOVA,2024-08-12,3.889862327909887,1554.0,0.0,8945,1567136.0,911,0.8957189901207464,430840.0,311805.0,14,295000.0,128000.0,6,135000.0,0.0,1,135000.0,IOVA250117C00005000,bought
IOVA,2024-08-07,4.611920529801324,1741.0,0.0,14787,972015.0,794,0.9042821158690176,95620.0,0.0,3,0.0,0.0,0,0.0,0.0,0,40260.0,IOVA240809P00007000,sold
IOVA,2024-07-11,5.990719257540603,1291.0,0.0,5797,759203.0,537,0.8901303538175046,166500.0,105594.0,7,112500.0,50093.99999999999,3,0.0,0.0,0,57500.0,IOVA260116C00005000,bought
IOVA,2024-05-16,3.682626538987688,2692.0,0.0,8526,784284.0,616,0.8814935064935064,0.0,185285.0,3,0.0,147800.0,2,0.0,0.0,0,90300.0,IOVA240621C00011000,sold
IOVA,2024-04-15,29.39943342776204,5189.0,0.0,18985,1436323.0,597,0.8710217755443886,162688.0,366162.0,12,64091.99999999999,92352.0,2,0.0,0.0,0,92352.0,IOVA250117P00030000,bought
IOVA,2024-02-16,3.0592105263157894,1860.0,0.0,29212,2870885.0,3076,0.9460338101430428,233385.0,146000.0,6,132500.0,146000.0,3,132500.0,0.0,1,132500.0,IOVA240216C00007000,bought
IONS,2026-09-24,3.3684210526315788,1088.0,0.0,4761,5925368.0,107,0.9345794392523364,5830360.0,0.0,10,5830360.0,0.0,10,5651860.0,0.0,8,1053000.0,IONS261016P00060000,sold
IONS,2026-08-24,8.03399433427762,1418.0,0.0,6964,2203314.0,581,0.9707401032702238,831500.0,537000.0,6,790500.0,537000.0,5,738000.0,537000.0,4,510000.0,IONS270115C00075000,bought
IONS,2026-07-22,10.783132530120485,2685.0,0.0,12577,13693921.0,958,0.964509394572025,204142.0,12395425.0,17,0.0,12230000.0,4,0.0,12230000.0,4,6850000.0,IONS260918P00080000,bought
IONS,2026-06-18,50.09756097560975,1027.0,0.0,1262,511921.0,87,0.9310344827586208,316300.0,0.0,5,234350.0,0.0,2,157760.0,0.0,1,157760.0,IONS260717C00075000,bought
IONS,2026-03-16,121.57333333333334,4559.0,0.0,9366,2467518.0,216,0.8888888888888888,1408225.0,0.0,2,1408225.0,0.0,2,1408225.0,0.0,2,711849.9999999999,IONS260320P00075000,sold
IONS,2026-03-05,93.71428571428572,2296.0,0.0,7309,1792837.0,328,0.951219512195122,41820.0,1280150.0,4,0.0,1241900.0,2,0.0,1241900.0,2,873500.0,IONS260320P00075000,bought
IONS,2025-08-21,10.010526315789471,1902.0,0.0,5637,2080346.0,482,0.9315352697095436,580260.0,876480.0,13,473590.0,759000.0,7,168300.0,759000.0,3,390000.0,IONS250919C00030000,sold
IONS,2024-12-04,37.170731707317074,1524.0,0.0,1763,128696.0,155,0.8838709677419355,40000.0,0.0,1,0.0,0.0,0,0.0,0.0,0,40000.0,IONS241220C00040000,bought
INSM,2026-01-15,12.783532536520584,9626.0,0.0,35185,78492265.0,1690,0.9526627218934912,54032646.0,18149039.0,50,53883325.0,17665330.0,32,53463280.0,17118900.0,18,19810000.0,INSM260116P00200000,sold
INSM,2026-01-23,7.070140280561122,1764.0,0.0,4413,2551172.0,497,0.977867203219316,935930.0,190821.0,13,737500.0,124920.0,6,565000.0,0.0,2,395500.00000000006,INSM260417C00175000,bought
INSM,2026-02-19,8.23728813559322,1458.0,0.0,6913,6409963.0,865,0.793063583815029,801134.0,2902858.0,46,489490.0,2257879.0,20,245000.0,1602914.0,8,436800.0,INSM260220P00190000,bought
INSM,2026-03-06,6.482758620689655,1316.0,0.0,2815,774885.0,98,0.8877551020408163,90020.0,309195.0,8,0.0,258825.0,3,0.0,121875.0,1,176875.0,INSM280121C00085000,mid
INSM,2026-04-24,13.708920187793428,1460.0,0.0,4337,2466484.0,242,0.9586776859504132,1126913.0,806133.0,12,1023666.0,773373.0,8,948666.0,773373.0,7,367488.0,INSM260515P00140000,sold
INSM,2026-05-01,9.98165137614679,1632.0,0.0,2061,1535694.0,271,0.970479704797048,516820.0,353440.0,16,360870.0,310660.0,11,0.0,0.0,0,72100.0,INSM260515P00130000,sold
INSM,2025-11-19,6.171428571428572,1188.0,0.0,2121,3543012.0,450,0.9288888888888888,1838330.0,369170.0,16,1514370.0,339380.0,5,1514370.0,101280.0,2,1514370.0,INSM260116C00200000,bought
INVA,2025-12-12,13.087179487179489,1276.0,0.0,1307,94640.0,107,0.8878504672897196,0.0,0.0,0,0.0,0.0,0,0.0,0.0,0,17500.0,INVA260116C00022500,bought
INVA,2026-09-09,128.3,1283.0,0.0,1283,62518.0,75,0.8933333333333333,0.0,0.0,0,0.0,0.0,0,0.0,0.0,0,15000.0,INVA260918C00022500,mid
INVA,2026-09-14,106.5,1065.0,0.0,1167,50086.0,134,0.6268656716417911,0.0,0.0,0,0.0,0.0,0,0.0,0.0,0,13500.0,INVA270319C00020000,bought
IONS,2024-06-21,13.283842794759826,1521.0,0.0,2316,557387.0,365,0.9671232876712328,0.0,122010.0,1,0.0,122010.0,1,0.0,122010.0,1,122010.0,IONS240816C00045000,sold
IONS,2024-08-27,43.271523178807946,3267.0,0.0,3665,967178.0,264,0.981060606060606,404690.0,123380.0,5,329090.0,123380.0,3,329090.0,123380.0,3,167090.0,IONS240920C00047500,bought
IONS,2024-08-28,20.91390728476821,1579.0,0.0,1734,458518.0,304,0.9013157894736842,0.0,129600.0,1,0.0,129600.0,1,0.0,129600.0,1,129600.0,IONS240920C00047500,sold
IONS,2024-09-10,17.696369636963695,2681.0,0.0,3935,748858.0,248,0.8709677419354839,299000.0,190000.0,4,299000.0,150000.0,3,199200.00000000003,150000.0,2,199200.00000000003,IONS240920P00047500,sold
INVA,2026-02-18,102.8,1028.0,0.0,1046,92931.0,33,0.9696969696969696,0.0,0.0,0,0.0,0.0,0,0.0,0.0,0,13024.0,INVA260220C00020000,sold
KURA,2025-09-25,52.827586206896555,3830.0,0.0,4312,276892.0,202,0.7475247524752475,0.0,0.0,0,0.0,0.0,0,0.0,0.0,0,19500.0,KURA260116C00010000,sold
KURA,2026-05-19,10.90677966101695,1287.0,0.0,1345,54157.0,63,0.8095238095238095,0.0,0.0,0,0.0,0.0,0,0.0,0.0,0,22749.999999999996,KURA260618C00010000,bought
KURA,2026-05-20,22.016597510373444,2653.0,0.0,2827,118300.0,599,0.9682804674457428,0.0,0.0,0,0.0,0.0,0,0.0,0.0,0,17000.0,KURA260618C00010000,sold
MRVI,2026-09-16,57.8,2890.0,0.0,5123,1172448.0,147,0.8639455782312925,0.0,1039640.0,2,0.0,1039640.0,2,0.0,1039640.0,2,597240.0,MRVI270319C00005000,sold
MRVI,2026-08-21,109.6,1096.0,0.0,3912,401391.0,290,0.9517241379310344,0.0,219100.0,2,0.0,219100.0,2,0.0,160000.0,1,160000.0,MRVI260918C00007500,sold
MRVI,2026-08-20,107.6,1076.0,0.0,3752,267539.0,292,0.8493150684931506,0.0,43890.0,1,0.0,0.0,0,0.0,0.0,0,43890.0,MRVI260918C00010000,sold
MRVI,2026-05-08,93.04347826086956,2140.0,0.0,7745,810989.0,272,0.9522058823529412,72000.0,508760.0,4,0.0,508760.0,2,0.0,508760.0,2,287560.0,MRVI261218C00005000,sold
MRVI,2024-08-27,11.668571428571427,2042.0,0.0,2087,97925.0,55,0.8727272727272727,0.0,0.0,0,0.0,0.0,0,0.0,0.0,0,15294.999999999998,MRVI240920C00010000,mid
MRVI,2024-05-08,93.45454545454544,1028.0,0.0,1028,39300.0,52,0.903846153846154,0.0,0.0,0,0.0,0.0,0,0.0,0.0,0,12630.0,MRVI240517C00010000,mid
MRVI,2024-02-23,252.7,2527.0,0.0,7508,595273.0,951,0.9442691903259728,34240.0,86820.0,3,0.0,0.0,0,0.0,0.0,0,45000.0,MRVI240621C00007500,sold
MRUS,2025-05-27,19.061946902654867,1077.0,0.0,12339,2727088.0,441,0.9569160997732428,739031.0,1209893.0,6,712535.0,1155168.0,3,712535.0,1103280.0,2,1103280.0,MRUS250620C00055000,sold
MRUS,2025-05-06,129.5,1295.0,0.0,1320,534199.0,92,0.9782608695652174,26500.0,0.0,1,0.0,0.0,0,0.0,0.0,0,26500.0,MRUS250620C00040000,bought
MRUS,2025-03-25,29.529411764705884,1004.0,0.0,1046,323638.0,45,1.0,0.0,269700.0,1,0.0,269700.0,1,0.0,269700.0,1,269700.0,MRUS250417C00045000,sold
MRUS,2025-01-17,71.64102564102564,1397.0,0.0,1415,137585.0,14,0.6428571428571429,0.0,89180.0,1,0.0,89180.0,1,0.0,0.0,0,89180.0,MRUS250321C00045000,sold
MRUS,2025-01-14,58.78260869565217,1352.0,0.0,1620,455117.0,149,0.9664429530201344,138546.0,121900.0,2,138546.0,121900.0,2,138546.0,121900.0,2,138546.0,MRUS250620P00040000,sold
MRUS,2025-01-13,72.97142857142858,1277.0,0.0,1302,303354.0,123,0.983739837398374,0.0,0.0,0,0.0,0.0,0,0.0,0.0,0,21500.0,MRUS250221C00040000,sold
MRUS,2024-12-13,21.875,1575.0,0.0,1629,444636.0,148,0.972972972972973,0.0,0.0,0,0.0,0.0,0,0.0,0.0,0,18000.0,MRUS241220P00045000,bought
MRK,2024-10-10,3.420068303789234,10515.0,0.0,83571,101416697.0,2330,0.923175965665236,64614650.0,11304304.0,53,64313250.0,11094950.0,39,63671740.0,11017100.0,30,10911500.0,MRK241018P00125000,mid
MRK,2024-08-12,2.193650793650794,2073.0,0.0,16975,4454633.0,2114,0.9049195837275308,1366492.0,1142900.0,20,1184975.0,1003435.0,12,1076100.0,791870.0,7,319000.0,MRK240816P00130000,sold
MRK,2024-06-18,14.831758034026466,7846.0,0.0,22462,2269432.0,2588,0.9300618238021638,148650.0,220755.0,8,50199.99999999999,121500.0,2,0.0,121500.0,1,121500.0,MRK250620C00165000,sold
MNKD,2024-11-07,5.926565874730022,1372.0,0.0,3945,389356.0,284,0.8591549295774648,29000.0,0.0,1,0.0,0.0,0,0.0,0.0,0,29000.0,MNKD241115C00007000,bought
MNKD,2024-12-18,32.01606425702811,7972.0,0.0,16524,488991.0,384,0.703125,111985.0,0.0,2,111985.0,0.0,2,0.0,0.0,0,57681.00000000001,MNKD250117C00007000,bought
MNKD,2025-01-16,8.0,1252.0,0.0,2403,83074.0,78,0.8717948717948718,0.0,0.0,0,0.0,0.0,0,0.0,0.0,0,13750.0,MNKD250117C00005000,bought
MNKD,2025-01-30,9.859550561797754,1755.0,0.0,1813,86921.0,41,0.926829268292683,0.0,0.0,0,0.0,0.0,0,0.0,0.0,0,11152.000000000002,MNKD250221C00005500,bought
MNKD,2025-05-12,14.429824561403509,1645.0,0.0,3164,174106.0,59,0.4576271186440678,0.0,0.0,0,0.0,0.0,0,0.0,0.0,0,20000.0,MNKD250718C00004000,sold
MNKD,2025-08-19,11.975708502024291,2958.0,0.0,3740,94335.0,123,0.902439024390244,0.0,0.0,0,0.0,0.0,0,0.0,0.0,0,9000.0,MNKD260220C00004000,bought
NAMS,2025-07-30,55.89655172413793,1621.0,0.0,1662,223159.0,29,0.8275862068965517,0.0,0.0,0,0.0,0.0,0,0.0,0.0,0,157500.0,NAMS250815P00022500,mid
MNKD,2026-01-22,2.888,1444.0,0.0,3721,201226.0,236,0.9152542372881356,0.0,0.0,0,0.0,0.0,0,0.0,0.0,0,24500.000000000004,MNKD260123C00001000,sold
MNKD,2026-05-26,7.541616405307599,3126.0,0.0,10170,589708.0,1456,0.8880494505494505,0.0,0.0,0,0.0,0.0,0,0.0,0.0,0,20000.0,MNKD260618C00004000,bought
MNKD,2026-07-17,9.81159420289855,2031.0,0.0,6068,1377634.0,2821,0.9273307337823468,25120.0,0.0,1,0.0,0.0,0,0.0,0.0,0,25120.0,MNKD260807C00001000,bought
MNKD,2026-08-18,6.6593886462882095,1525.0,0.0,2260,144721.0,302,0.890728476821192,0.0,0.0,0,0.0,0.0,0,0.0,0.0,0,13524.0,MNKD261002C00001000,bought
MOR,2024-02-02,3.773987206823027,3540.0,0.0,6133,798755.0,292,0.8938356164383562,0.0,176300.0,4,0.0,0.0,0,0.0,0.0,0,47040.0,MOR240216C00012500,sold
MREO,2024-01-30,5.3296853625170995,1948.0,0.0,4791,620095.0,181,0.988950276243094,0.0,39520.0,1,0.0,0.0,0,0.0,0.0,0,39520.0,MREO240517C00002500,sold
MRK,2024-05-07,2.389289392378991,1160.0,0.0,18579,2603937.0,2497,0.9387264717661192,437282.0,60727.0,7,337410.0,0.0,2,255000.0,0.0,1,255000.0,MRK240517P00127000,sold
MNKD,2026-05-15,4.614814814814815,2492.0,0.0,7501,976839.0,3022,0.970218398411648,0.0,0.0,0,0.0,0.0,0,0.0,0.0,0,20475.0,MNKD260618C00003000,sold
MNKD,2024-11-06,5.305122494432071,1191.0,0.0,2491,291142.0,214,0.8785046728971962,0.0,0.0,0,0.0,0.0,0,0.0,0.0,0,20000.0,MNKD250117C00005500,bought
NAMS,2025-10-06,123.04761904761904,1292.0,0.0,1852,665680.0,84,0.9166666666666666,315675.0,0.0,2,270000.0,0.0,1,270000.0,0.0,1,270000.0,NAMS251121P00030000,sold
NBIX,2025-01-07,36.65060240963855,1521.0,0.0,3295,467454.0,201,0.945273631840796,223580.0,105000.0,5,105000.0,105000.0,2,105000.0,105000.0,2,105000.0,NBIX250221P00125000,sold
NUVB,2026-03-17,5.2317073170731705,2145.0,0.0,2254,57061.0,165,0.9636363636363636,0.0,0.0,0,0.0,0.0,0,0.0,0.0,0,3690.0,NUVB260320C00005000,bought
NUVB,2026-03-13,3.911908646003263,1199.0,0.0,1478,100561.0,47,0.8723404255319149,81838.0,0.0,1,81838.0,0.0,1,0.0,0.0,0,81838.0,NUVB260417P00005000,sold
NUVB,2025-12-22,6.47124824684432,2307.0,0.0,2759,226025.0,130,0.946153846153846,0.0,135420.0,2,0.0,103920.0,1,0.0,103920.0,1,103920.0,NUVB260116C00010000,sold
NUVB,2025-11-19,6.512027491408935,9475.0,0.0,36783,4032237.0,2484,0.855072463768116,96600.0,1244330.0,9,57000.0,1139075.0,5,0.0,1025075.0,2,711125.0,NUVB260320C00007500,sold
NUVB,2025-11-05,2.343137254901961,2868.0,0.0,3184,138313.0,191,0.9057591623036648,25000.0,0.0,1,0.0,0.0,0,0.0,0.0,0,25000.0,NUVB251219C00005000,bought
NUVB,2025-11-04,10.161843515541264,9481.0,0.0,13111,547928.0,737,0.932157394843962,0.0,74700.0,1,0.0,74700.0,1,0.0,0.0,0,74700.0,NUVB251121P00005000,bought
NUVB,2025-10-27,4.772151898734177,1508.0,0.0,3116,285391.0,351,0.9430199430199432,0.0,0.0,0,0.0,0.0,0,0.0,0.0,0,14644.999999999998,NUVB260618C00005000,sold
NUVB,2025-10-17,4.725773195876289,1146.0,0.0,1550,81097.0,117,0.9658119658119658,0.0,0.0,0,0.0,0.0,0,0.0,0.0,0,12969.0,NUVB260320C00002500,sold
NUVB,2025-09-30,6.254445964432285,2286.0,0.0,4617,204825.0,429,0.944055944055944,0.0,0.0,0,0.0,0.0,0,0.0,0.0,0,8550.0,NUVB251219C00002000,bought
NUVB,2025-09-26,3.2703101920236337,1107.0,0.0,2801,84841.0,99,0.7373737373737373,0.0,0.0,0,0.0,0.0,0,0.0,0.0,0,19840.0,NUVB251219C00005000,mid
NUVB,2025-09-17,52.42191780821918,19134.0,0.0,38404,1851717.0,102,0.931372549019608,1571854.0,246194.0,2,1571854.0,246194.0,2,1571854.0,246194.0,2,1571854.0,NUVB250919C00002500,bought
NRIX,2025-01-17,155.8,1558.0,0.0,1563,134885.0,5,0.8,0.0,129618.0,2,0.0,129618.0,2,0.0,0.0,0,76558.0,NRIX250321C00022500,sold
NMRA,2024-12-26,2.525458248472505,3100.0,0.0,11955,2460661.0,1389,0.9546436285097192,92942.0,640819.0,10,0.0,507299.0,3,0.0,378015.0,1,378015.0,NMRA250117P00005000,bought
NMRA,2024-12-13,2.328405491024287,2205.0,0.0,4956,775781.0,740,0.9608108108108108,156828.0,124516.0,6,131418.0,0.0,2,0.0,0.0,0,65709.0,NMRA250117C00012500,bought
NMRA,2024-12-05,3.7427007299270074,2051.0,0.0,4365,197995.0,571,0.9054290718038528,0.0,0.0,0,0.0,0.0,0,0.0,0.0,0,2675.0,NMRA241220C00015000,bought
NMRA,2024-11-15,12.17741935483871,2265.0,0.0,7491,2925047.0,76,0.9210526315789472,2471475.0,272800.0,5,2436475.0,272800.0,4,2436475.0,272800.0,4,2000000.0,NMRA250117C00015000,bought
NMRA,2024-11-12,7.526881720430108,1400.0,0.0,8271,2531302.0,597,0.966499162479062,233844.0,1222879.0,3,233844.0,1222879.0,3,233844.0,1222879.0,3,930879.0,NMRA250117P00012500,bought
NBIX,2025-02-14,191.3968253968254,6029.0,0.0,6103,7276881.0,31,0.7419354838709677,0.0,7230000.0,2,0.0,7230000.0,2,0.0,7230000.0,2,3690000.0,NBIX250321P00125000,bought
NBIX,2025-05-05,214.25,4285.0,0.0,4638,1512881.0,305,0.8819672131147541,124479.0,444828.0,12,61050.0,267984.0,4,0.0,111000.0,1,111000.0,NBIX250516C00115000,sold
NBIX,2025-05-16,39.65079365079365,1249.0,0.0,3210,1434896.0,115,0.9130434782608696,523565.0,587188.0,10,453765.0,559800.0,7,402000.0,441000.0,4,273000.0,NBIX250718C00115000,sold
NBIX,2025-09-18,116.3,1163.0,0.0,2808,838003.0,111,0.981981981981982,0.0,200000.0,1,0.0,200000.0,1,0.0,200000.0,1,490000.0,NBIX250919C00140000,mid
NBIX,2026-02-12,127.1818181818182,1399.0,0.0,3561,6381779.0,125,0.808,6128900.0,56100.0,4,6128900.0,56100.0,4,6128900.0,0.0,3,3340500.0,NBIX260220P00150000,sold
NKTR,2025-07-18,5.205640423031728,2215.0,0.0,7766,2052955.0,927,0.895361380798274,310823.0,322660.0,16,60000.0,145660.0,3,0.0,0.0,0,78000.0,NKTR250718C00023000,sold
NBIX,2025-01-06,72.03448275862068,2089.0,0.0,4386,430144.0,83,0.9156626506024096,140000.0,40200.0,2,140000.0,0.0,1,140000.0,0.0,1,170000.0,NBIX250221P00125000,mid
NKTR,2025-08-15,14.19712525667351,3457.0,0.0,7787,2534790.0,545,0.8972477064220183,1162676.0,443865.0,17,1078016.0,336950.0,11,897576.0,231250.0,6,495900.0,NKTR250815C00025000,bought
NKTR,2026-04-01,4.5875,1101.0,0.0,2019,944131.0,501,0.9321357285429142,104400.0,226860.0,7,0.0,185860.0,3,0.0,0.0,0,77140.0,NKTR260515C00085000,sold
NKTR,2026-05-15,4.581364829396326,3491.0,0.0,7629,3995565.0,1077,0.9164345403899722,869900.0,632105.0,21,727490.0,463115.0,11,425400.0,176115.0,3,257704.99999999997,NKTR280121C00135000,mid
NKTR,2026-09-18,5.001287001287001,3886.0,0.0,7868,1037432.0,923,0.7692307692307693,0.0,30300.0,1,0.0,0.0,0,0.0,0.0,0,30300.0,NKTR261016C00060000,sold
NKTX,2024-03-19,39.12138728323699,3384.0,0.0,3448,594634.0,123,0.9105691056910568,0.0,0.0,0,0.0,0.0,0,0.0,0.0,0,21000.0,NKTX240419C00012500,sold
NKTX,2024-03-20,49.71098265895954,4300.0,0.0,4314,732940.0,46,0.9565217391304348,525000.0,157150.0,2,525000.0,157150.0,2,525000.0,157150.0,2,525000.0,NKTX240419C00012500,bought
NMRA,2024-10-04,134.7,1347.0,0.0,1538,472012.0,103,0.883495145631068,27000.0,0.0,1,0.0,0.0,0,0.0,0.0,0,27000.0,NMRA241220C00015000,bought
NKTR,2025-10-20,6.2398753894081,2003.0,0.0,4506,3344720.0,908,0.9416299559471366,426703.0,148140.99999999997,14,210782.0,54591.99999999999,4,0.0,0.0,0,76632.0,NKTR251219C00070000,bought
MNKD,2024-10-14,6.504615384615384,1057.0,0.0,1531,105482.0,59,0.7627118644067796,0.0,0.0,0,0.0,0.0,0,0.0,0.0,0,16400.0,MNKD241115C00006000,sold
MNKD,2024-10-03,13.385892116182571,1613.0,0.0,2648,122742.0,150,0.84,0.0,0.0,0,0.0,0.0,0,0.0,0.0,0,22999.999999999996,MNKD250117C00004500,bought
MNKD,2024-08-14,6.622699386503068,2159.0,0.0,3131,131643.0,102,0.4803921568627451,44000.00000000001,0.0,1,0.0,0.0,0,0.0,0.0,0,44000.00000000001,MNKD240816C00003000,bought
LQDA,2026-01-13,103.6279069767442,4456.0,0.0,31248,11059382.0,2298,0.9281984334203656,4093851.0,3572525.0,68,3822260.0,3319670.0,53,3001150.0,2340730.0,28,562000.0,LQDA260220C00040000,bought
LQDA,2025-09-02,45.08123861566485,61874.0,0.0,70361,22216435.0,1479,0.9682217714672076,8712608.0,9604121.0,47,8349920.0,8953019.0,17,8216116.0,8690603.0,11,7500000.0,LQDA251017C00025000,sold
LQDA,2025-08-06,2.1395955642530984,1640.0,0.0,9507,3329497.0,734,0.9237057220708448,737516.0,261096.0,9,737516.0,201772.0,7,597500.0,139672.0,4,277500.0,LQDA250815C00015000,bought
LQDA,2025-02-11,4.817204301075269,2016.0,0.0,2088,118816.0,25,0.96,0.0,0.0,0,0.0,0.0,0,0.0,0.0,0,100000.0,LQDA250321C00017500,mid
LQDA,2025-01-21,6.6396761133603235,1640.0,0.0,3101,299676.0,363,0.9118457300275482,33950.0,0.0,1,0.0,0.0,0,0.0,0.0,0,33950.0,LQDA250620C00015000,bought
LQDA,2025-01-06,9.465587044534413,2338.0,0.0,2472,115248.0,53,0.8679245283018868,0.0,35000.0,1,0.0,0.0,0,0.0,0.0,0,35000.0,LQDA250117C00012500,sold
LQDA,2024-11-11,3.9097938144329896,1517.0,0.0,2026,79199.0,57,0.8245614035087719,0.0,0.0,0,0.0,0.0,0,0.0,0.0,0,16200.0,LQDA241220C00012500,sold
LQDA,2024-10-14,3.262295081967213,2587.0,0.0,3077,222623.0,109,0.9174311926605504,0.0,0.0,0,0.0,0.0,0,0.0,0.0,0,16414.999999999996,LQDA241115C00012500,bought
LQDA,2024-10-07,5.204863221884499,4281.0,0.0,11237,523524.0,641,0.8861154446177847,0.0,0.0,0,0.0,0.0,0,0.0,0.0,0,29760.000000000004,LQDA250620C00010000,mid
LQDA,2024-09-25,2.9254013220018886,1549.0,0.0,2260,146303.0,170,0.8470588235294118,0.0,0.0,0,0.0,0.0,0,0.0,0.0,0,21500.0,LQDA260116C00007500,sold
LQDA,2024-09-19,2.355105795768169,1280.0,0.0,1676,55622.0,149,0.8456375838926175,0.0,0.0,0,0.0,0.0,0,0.0,0.0,0,3600.0,LQDA240920C00010000,bought
LQDA,2024-05-03,3.616244849911713,3072.0,0.0,3755,474062.0,144,0.8263888888888888,0.0,269495.0,3,0.0,239155.0,2,0.0,239155.0,2,135000.0,LQDA240621P00010000,bought
LQDA,2024-04-19,5.936813186813187,4322.0,0.0,5494,402977.0,399,0.8922305764411027,0.0,0.0,0,0.0,0.0,0,0.0,0.0,0,21888.0,LQDA240419C00012500,sold
LQDA,2024-04-18,3.8313998453209592,2477.0,0.0,5435,441406.0,233,0.8798283261802575,121440.0,0.0,2,121440.0,0.0,2,0.0,0.0,0,64440.0,LQDA250117C00015000,bought
LQDA,2024-04-12,9.31186440677966,5494.0,0.0,6756,533799.0,398,0.9321608040201004,0.0,214800.0,2,0.0,214800.0,2,0.0,142800.0,1,142800.0,LQDA250117C00015000,sold
LQDA,2024-03-12,3.0114803625377644,2492.0,0.0,4772,412053.0,318,0.9213836477987422,0.0,0.0,0,0.0,0.0,0,0.0,0.0,0,15180.000000000002,LQDA240315C00015000,bought
LENZ,2025-11-12,21.282608695652176,2937.0,0.0,3062,1493474.0,422,0.9786729857819904,0.0,0.0,0,0.0,0.0,0,0.0,0.0,0,19200.0,LENZ270115C00040000,sold
KYTX,2026-04-20,16.96062992125984,1077.0,0.0,3106,684114.0,445,0.8808988764044944,40000.0,312716.0,5,0.0,274661.0,3,0.0,120000.0,1,120000.0,KYTX260618C00007500,sold
LEGN,2024-04-01,4.946466809421842,1155.0,0.0,2270,671746.0,75,0.9866666666666668,195240.0,384450.0,3,165000.0,384450.0,2,165000.0,384450.0,2,384450.0,LEGN240621C00055000,sold
LEGN,2024-07-01,69.58904109589041,2540.0,0.0,2553,739111.0,124,0.9919354838709676,0.0,525300.0,1,0.0,525300.0,1,0.0,525300.0,1,525300.0,LEGN240816C00045000,sold
LEGN,2024-10-21,89.88461538461539,2337.0,0.0,3503,1078515.0,158,0.930379746835443,275000.0,470000.0,3,275000.0,470000.0,3,225000.0,470000.0,2,470000.0,LEGN250117P00050000,bought
LEGN,2025-06-05,2.122,1061.0,0.0,1305,251151.0,136,0.9705882352941176,89440.0,0.0,2,56760.0,0.0,1,0.0,0.0,0,56760.0,LEGN250718C00032500,bought
LEGN,2025-06-20,9.445910290237467,3580.0,0.0,4621,651535.0,664,0.9487951807228916,0.0,0.0,0,0.0,0.0,0,0.0,0.0,0,12650.0,LEGN250620C00030000,bought
LQDA,2026-03-13,105.4,1054.0,0.0,21570,5519376.0,1685,0.8557863501483679,890684.0,2722739.0,17,713707.0,2581670.0,8,713707.0,2508170.0,7,1617230.0,LQDA260417P00030000,bought
LEGN,2025-10-10,28.687898089171973,2252.0,0.0,2370,164828.0,132,0.9848484848484848,0.0,65000.0,1,0.0,65000.0,1,0.0,0.0,0,65000.0,LEGN251121C00037500,sold
LEGN,2026-02-23,8.379084967320262,1282.0,0.0,1819,265449.0,200,0.93,30000.0,0.0,1,0.0,0.0,0,0.0,0.0,0,30000.0,LEGN260320C00020000,bought
LEGN,2026-04-13,7.929032258064516,1229.0,0.0,1426,144145.0,72,0.9027777777777778,0.0,72436.0,1,0.0,72436.0,1,0.0,0.0,0,72436.0,LEGN260417C00017500,sold
LEGN,2026-05-05,4.4214162348877375,1280.0,0.0,8375,2374282.0,674,0.913946587537092,159560.0,819995.0,13,0.0,610400.0,3,0.0,610400.0,3,299400.0,LEGN260515C00022500,sold
LEGN,2026-06-02,5.718631178707224,1504.0,0.0,5403,2550128.0,915,0.946448087431694,340000.0,225680.0,7,270000.0,165960.0,3,270000.0,0.0,1,270000.0,LEGN260821C00030000,bought
LEGN,2026-09-21,2.593647316538883,1184.0,0.0,1684,203776.0,348,0.913793103448276,0.0,0.0,0,0.0,0.0,0,0.0,0.0,0,15000.0,LEGN261120C00020000,sold
LENZ,2025-11-11,9.59656652360515,1118.0,0.0,3508,641730.0,228,0.9824561403508772,0.0,0.0,0,0.0,0.0,0,0.0,0.0,0,110000.0,LENZ251121P00022500,mid
LEGN,2026-01-20,6.067796610169491,1074.0,0.0,1912,394206.0,134,0.8955223880597015,116400.0,0.0,3,0.0,0.0,0,0.0,0.0,0,61600.0,LEGN260220C00022500,mid
LQDA,2026-04-15,9.50453172205438,1573.0,0.0,11761,4327554.0,1020,0.861764705882353,1940588.0,687185.0,43,1169748.0,256400.0,9,1091700.0,131400.0,6,340000.0,LQDA260717C00045000,bought
LQDA,2026-04-16,6.875,1320.0,0.0,10238,2876432.0,1191,0.8648194794290512,853288.0,312729.0,28,365596.0,0.0,6,0.0,0.0,0,84940.0,LQDA280121C00060000,bought
LRMR,2024-11-18,28.836363636363636,1586.0,0.0,1645,130710.0,264,0.9659090909090908,0.0,0.0,0,0.0,0.0,0,0.0,0.0,0,11479.999999999998,LRMR241220P00010000,sold
MLTX,2026-08-24,9.273684210526316,1762.0,0.0,2274,279423.0,115,0.8782608695652174,85000.0,95000.0,2,85000.0,95000.0,2,0.0,0.0,0,95000.0,MLTX280121C00025000,sold
MLYS,2025-04-15,50.60606060606061,2505.0,0.0,5409,437763.0,22,0.8181818181818182,222199.99999999997,160000.0,3,222199.99999999997,160000.0,3,133319.99999999997,160000.0,2,160000.0,MLYS250417P00015000,bought
MLYS,2025-08-11,100.5,1005.0,0.0,1005,272244.0,5,0.4,143500.0,0.0,1,143500.0,0.0,1,143500.0,0.0,1,143500.0,MLYS250919P00015000,sold
MLYS,2025-08-25,255.1,2551.0,0.0,3551,344828.0,56,0.9821428571428572,132000.0,35000.0,2,132000.0,0.0,1,132000.0,0.0,1,132000.0,MLYS250919P00015000,sold
MLYS,2025-09-15,9.183206106870228,1203.0,0.0,1475,281833.0,189,0.9523809523809524,33350.0,0.0,1,0.0,0.0,0,0.0,0.0,0,33350.0,MLYS251017P00035000,sold
MLYS,2025-11-11,12.52777777777778,1353.0,0.0,1767,352275.0,202,0.915841584158416,111128.0,0.0,2,72128.00000000001,0.0,1,0.0,0.0,0,72128.00000000001,MLYS260618C00040000,bought
MLTX,2026-02-10,2.3708920187793425,1010.0,0.0,1343,139188.0,99,0.9191919191919192,0.0,0.0,0,0.0,0.0,0,0.0,0.0,0,14700.0,MLTX260821P00015000,sold
MLYS,2026-01-08,18.17241379310345,1054.0,0.0,2296,688498.0,343,0.9037900874635568,102400.0,0.0,1,102400.0,0.0,1,102400.0,0.0,1,102400.0,MLYS260116P00035000,sold
MNKD,2024-02-06,6.253048780487805,2051.0,0.0,3810,142637.0,88,0.8409090909090909,0.0,0.0,0,0.0,0.0,0,0.0,0.0,0,13000.0,MNKD240517C00003000,bought
MNKD,2024-03-18,7.665399239543726,1008.0,0.0,2719,195717.0,108,0.8981481481481481,97640.0,0.0,3,0.0,0.0,0,0.0,0.0,0,33200.0,MNKD240517C00003000,bought
MNKD,2024-04-03,9.13191489361702,1073.0,0.0,3007,240527.0,129,0.9069767441860463,28800.0,27200.0,2,0.0,0.0,0,0.0,0.0,0,28800.0,MNKD240517C00003000,bought
MNKD,2024-04-09,8.825531914893617,1037.0,0.0,1091,14558.0,40,0.85,0.0,0.0,0,0.0,0.0,0,0.0,0.0,0,1140.0,MNKD240419C00004500,bought
MNKD,2024-05-16,9.748031496062993,1857.0,0.0,2283,74610.0,128,0.828125,0.0,0.0,0,0.0,0.0,0,0.0,0.0,0,12000.0,MNKD240517C00004000,bought
MNKD,2024-06-21,19.025862068965516,2207.0,0.0,4502,152207.0,260,0.8384615384615385,0.0,0.0,0,0.0,0.0,0,0.0,0.0,0,14154.999999999998,MNKD250117C00005000,bought
MLYS,2026-02-05,14.43312101910828,1133.0,0.0,1262,294332.0,112,0.9732142857142856,64500.0,0.0,2,0.0,0.0,0,0.0,0.0,0,37500.0,MLYS260320C00030000,bought
RCUS,2025-02-11,53.476190476190474,2246.0,0.0,3817,116094.0,195,0.7897435897435897,0.0,0.0,0,0.0,0.0,0,0.0,0.0,0,20370.0,RCUS250221C00015000,bought
MLTX,2026-01-12,4.417322834645669,4488.0,0.0,9596,1655003.0,1216,0.9161184210526316,188930.0,175270.0,10,76970.0,0.0,1,0.0,0.0,0,76970.0,MLTX260515C00020000,bought
MLTX,2025-09-18,3.1544419134396353,3462.0,0.0,16278,8765643.0,951,0.9568874868559412,2483243.0,5039173.0,23,2276695.0,4875815.0,13,1992115.0,4795635.0,8,1460970.0,MLTX251017C00050000,sold
LRMR,2025-09-22,27.52021563342318,5105.0,0.0,8692,880552.0,648,0.9552469135802468,178181.0,0.0,4,120405.0,0.0,2,0.0,0.0,0,90300.0,LRMR251121C00007500,mid
LRMR,2025-09-25,11.669829222011384,3075.0,0.0,4452,614389.0,379,0.9261213720316622,53210.0,30845.0,2,53210.0,0.0,1,0.0,0.0,0,53210.0,LRMR251017C00005000,bought
LRMR,2025-10-01,17.69356725146199,7564.0,0.0,15741,515243.0,460,0.8282608695652174,115000.0,27971.999999999996,2,115000.0,0.0,1,115000.0,0.0,1,115000.0,LRMR251017C00005000,bought
LRMR,2026-06-22,42.15625,2698.0,0.0,2715,119114.0,180,0.9666666666666668,0.0,0.0,0,0.0,0.0,0,0.0,0.0,0,2500.0,LRMR260821P00002500,sold
LXEO,2025-11-21,55.69230769230769,1086.0,0.0,1087,51154.0,107,0.97196261682243,0.0,0.0,0,0.0,0.0,0,0.0,0.0,0,2250.0,LXEO251219C00010000,sold
LXEO,2026-01-09,512.4,6405.0,0.0,7163,1412979.0,863,0.9501738122827348,621214.0,0.0,8,568014.0,0.0,6,436284.0,0.0,4,119040.0,LXEO260116C00010000,bought
MLTX,2025-12-18,2.757002271006813,1821.0,0.0,5988,779208.0,369,0.8943089430894309,109400.0,0.0,1,109400.0,0.0,1,109400.0,0.0,1,227850.0,MLTX260220P00015000,mid
LXEO,2026-01-12,434.08,5426.0,0.0,5936,188843.0,542,0.8228782287822878,0.0,0.0,0,0.0,0.0,0,0.0,0.0,0,15281.0,LXEO260116P00011000,bought
MDGL,2024-03-06,2.8236632536973834,1241.0,0.0,6837,11870677.0,2816,0.9719460227272728,1819516.0,1080509.0,36,1382080.0,634300.0,12,1040000.0,397500.0,3,1040000.0,MDGL250117C00210000,bought
MGNX,2024-04-04,40.96350364963504,2806.0,0.0,3414,337075.0,518,0.945945945945946,0.0,0.0,0,0.0,0.0,0,0.0,0.0,0,16750.0,MGNX240419C00010000,bought
MIRM,2025-01-06,114.05882352941175,1939.0,0.0,1945,425030.0,26,0.8846153846153846,0.0,418000.0,1,0.0,418000.0,1,0.0,418000.0,1,418000.0,MIRM250221C00045000,sold
MLTX,2024-01-03,12.139650872817954,2434.0,0.0,2614,1329875.0,1303,0.9808135072908672,0.0,0.0,0,0.0,0.0,0,0.0,0.0,0,16632.0,MLTX240216C00030000,sold
MLTX,2025-08-27,12.96774193548387,1206.0,0.0,1609,1870903.0,372,0.9865591397849462,130910.0,107700.0,6,63750.0,0.0,1,0.0,0.0,0,63750.0,MLTX250919C00050000,bought
MLTX,2025-09-09,3.6096096096096097,1202.0,0.0,4704,4713588.0,638,0.9608150470219436,0.0,206068.0,6,0.0,0.0,0,0.0,0.0,0,1430130.0,MLTX251017C00050000,mid
MBX,2026-01-07,114.8148148148148,1550.0,0.0,1688,445011.0,301,0.9501661129568106,0.0,234550.0,2,0.0,191200.0,1,0.0,191200.0,1,191200.0,MBX280121C00025000,sold
IMNM,2024-03-07,17.00763358778626,1114.0,0.0,1970,944706.0,476,0.9474789915966386,151784.0,108664.0,3,105000.0,108664.0,2,105000.0,108664.0,2,108664.0,IMNM240719C00022500,sold
RCUS,2025-10-15,115.07865168539324,10242.0,0.0,20600,5262951.000000001,166,0.8975903614457831,4730000.000000001,380000.0,2,4730000.000000001,380000.0,2,4730000.000000001,380000.0,2,4730000.000000001,RCUS251121C00012500,bought
RCUS,2026-02-12,153.94871794871796,3002.0,0.0,18416,7986791.0,111,0.954954954954955,864000.0,6145505.0,3,864000.0,6145505.0,3,864000.0,6145505.0,3,5531350.0,RCUS260417C00015000,sold
URGN,2025-05-21,39.2,4998.0,0.0,22293,1559357.0,1436,0.9129526462395544,366380.0,0.0,3,329000.0,0.0,2,329000.0,0.0,2,165000.00000000003,URGN250620C00007500,bought
UNCY,2026-07-01,20.21641791044776,8127.0,0.0,17007,471292.0,409,0.8215158924205379,41800.0,0.0,1,0.0,0.0,0,0.0,0.0,0,41800.0,UNCY270219C00005000,bought
UNCY,2026-06-18,6.343163538873995,1183.0,0.0,2405,328779.0,177,0.7457627118644068,100660.0,0.0,3,0.0,0.0,0,0.0,0.0,0,47000.0,UNCY260717C00007500,bought
TYRA,2026-09-04,401.3,4013.0,0.0,8062,2954503.0,724,0.9668508287292816,1353100.0,482475.0,6,1353100.0,365000.0,3,1353100.0,365000.0,3,1165000.0,TYRA260918C00030000,bought
TYRA,2024-10-29,594.1,5941.0,0.0,6482,150820.0,22,0.7272727272727273,0.0,38000.0,1,0.0,0.0,0,0.0,0.0,0,50000.0,TYRA241115C00022500,mid
TWST,2026-07-29,70.0625,1121.0,0.0,1162,745345.0,24,0.7083333333333334,0.0,701820.0,1,0.0,701820.0,1,0.0,701820.0,1,701820.0,TWST260821C00090000,sold
TWST,2025-05-02,154.6,1546.0,0.0,4602,672739.0,24,0.9166666666666666,450000.0,0.0,2,450000.0,0.0,2,375000.0,0.0,1,375000.0,TWST250516P00037500,sold
TWST,2024-05-02,11.216981132075473,1189.0,0.0,1402,252007.0,365,0.9863013698630136,0.0,0.0,0,0.0,0.0,0,0.0,0.0,0,7600.0,TWST240517C00037500,bought
TWST,2024-04-23,11.92,1043.0,0.0,1515,224616.0,701,0.9643366619115548,28000.0,0.0,1,0.0,0.0,0,0.0,0.0,0,28000.0,TWST240719C00060000,bought
TWST,2024-02-13,49.111111111111114,3536.0,0.0,3604,866691.0,143,0.9090909090909092,370000.0,335000.0,3,370000.0,335000.0,3,370000.0,335000.0,3,370000.0,TWST240315C00037500,bought
TVTX,2026-07-31,60.84848484848485,1004.0,0.0,2021,432309.0,787,0.903430749682338,0.0,0.0,0,0.0,0.0,0,0.0,0.0,0,2800.0,TVTX260821C00057500,bought
TVTX,2026-03-04,18.747663551401867,1003.0,0.0,3019,1570125.0,15,0.8666666666666667,390000.0,1170000.0,3,390000.0,1170000.0,3,390000.0,1170000.0,3,990000.0,TVTX260417P00032500,bought
TVTX,2026-01-23,3.8380664652567975,3176.0,0.0,3257,488360.0,149,0.8993288590604027,193700.0,39000.0,2,193700.0,0.0,1,193700.0,0.0,1,193700.0,TVTX260320P00025000,sold
TVTX,2025-06-06,32.107317073170734,3291.0,0.0,3874,243691.0,138,0.9855072463768116,120000.0,0.0,1,120000.0,0.0,1,120000.0,0.0,1,120000.0,TVTX250718C00017500,bought
TVTX,2025-05-16,35.83516483516483,3261.0,0.0,3496,517050.0,189,0.9470899470899472,0.0,408320.0,1,0.0,408320.0,1,0.0,408320.0,1,408320.0,TVTX250718C00017500,sold
TVTX,2025-01-28,43.08108108108108,1594.0,0.0,3755,729168.0,251,0.952191235059761,271000.0,94750.0,4,271000.0,0.0,2,215000.0,0.0,1,215000.0,TVTX250620C00025000,bought
TVTX,2024-05-07,624.4,6244.0,0.0,7846,1144096.0,23,0.6086956521739131,569430.0,553680.0,2,569430.0,553680.0,2,569430.0,553680.0,2,569430.0,TVTX251219P00010000,sold
TGTX,2026-09-21,3.2632743362831858,2950.0,0.0,4529,1313723.0,392,0.9387755102040816,225720.0,373000.0,11,91200.0,265400.0,4,0.0,0.0,0,95000.0,TGTX261016C00050000,mid
TNGX,2025-10-23,72.2,2166.0,0.0,2820,176994.0,320,0.909375,0.0,0.0,0,0.0,0.0,0,0.0,0.0,0,9728.0,TNGX251121P00009000,sold
TNGX,2026-07-21,107.4,1074.0,0.0,3277,644858.0,46,0.9565217391304348,425000.0,175000.0,3,425000.0,175000.0,3,425000.0,175000.0,3,300000.0,TNGX260821C00033000,bought
TRVI,2025-04-22,343.8095238095238,10830.0,0.0,10909,1068343.0,70,0.9285714285714286,0.0,930176.0,4,0.0,930176.0,4,0.0,762400.0,2,456400.0,TRVI250620C00007000,sold
TRVI,2025-04-23,169.14285714285714,5328.0,0.0,5329,553530.0,32,1.0,0.0,525000.0,1,0.0,525000.0,1,0.0,525000.0,1,525000.0,TRVI250620C00007000,sold
TRVI,2025-04-30,20.304609218436873,5066.0,0.0,5794,597155.0,17,0.9411764705882352,0.0,583500.0,3,0.0,583500.0,3,0.0,510000.0,2,300000.0,TRVI250620C00007000,sold
URGN,2025-05-22,29.009836065573772,4424.0,0.0,12200,951730.0,972,0.9639917695473252,133750.0,0.0,4,51150.00000000001,0.0,1,0.0,0.0,0,51150.00000000001,URGN250620C00005000,bought
TRVI,2025-06-05,7.129032258064516,1105.0,0.0,1145,76831.0,76,0.9736842105263158,0.0,0.0,0,0.0,0.0,0,0.0,0.0,0,12319.999999999998,TRVI250718P00007000,sold
TRVI,2025-10-03,5.617511520737327,1219.0,0.0,2365,173492.0,98,0.9387755102040816,30120.0,0.0,1,0.0,0.0,0,0.0,0.0,0,30120.0,TRVI251017P00010000,sold
TRVI,2025-12-12,5.760814249363868,1132.0,0.0,1141,200600.0,98,0.979591836734694,0.0,0.0,0,0.0,0.0,0,0.0,0.0,0,23175.0,TRVI260116C00012000,sold
TRVI,2026-03-16,119.56521739130434,2750.0,0.0,2753,129095.0,5,0.4,0.0,0.0,0,0.0,0.0,0,0.0,0.0,0,110000.0,TRVI260417C00013000,mid
TRVI,2026-04-17,831.6,8316.0,0.0,9363,1112724.0,55,0.9090909090909092,0.0,872915.0,5,0.0,779915.0,3,0.0,719915.0,2,380000.0,TRVI260515C00014000,sold
TRVI,2026-07-17,25.74712643678161,1120.0,0.0,2662,368216.0,259,0.752895752895753,38480.0,0.0,1,0.0,0.0,0,0.0,0.0,0,38480.0,TRVI260918C00018000,bought
TSHA,2025-12-15,19.30851063829787,3630.0,0.0,3651,414109.99999999994,18,0.9444444444444444,0.0,398999.99999999994,1,0.0,398999.99999999994,1,0.0,398999.99999999994,1,398999.99999999994,TSHA260116C00005000,sold
TRVI,2025-06-20,7.7492163009404385,1236.0,0.0,1297,10455.0,32,0.5,0.0,0.0,0,0.0,0.0,0,0.0,0.0,0,4995.0,TRVI250620P00006000,mid
TGTX,2026-07-07,4.3565891472868215,1686.0,0.0,8194,1980823.0,1041,0.936599423631124,76750.0,62683.00000000001,4,0.0,0.0,0,0.0,0.0,0,43000.0,TGTX270115C00045000,bought
URGN,2025-05-28,5.560468140442133,2138.0,0.0,3578,235123.0,273,0.9230769230769232,0.0,0.0,0,0.0,0.0,0,0.0,0.0,0,20100.0,URGN250620C00010000,sold
UTHR,2025-09-23,55.48223350253807,5465.0,0.0,35439,47123769.0,516,0.9612403100775194,23049795.0,22474985.0,34,22981110.0,22449185.0,31,22848450.0,22449185.0,29,5360000.0,UTHR251121C00430000,bought
VKTX,2024-09-17,5.178523489932886,1929.0,0.0,20131,7595323.0,3084,0.9212062256809338,2415786.0,482602.0,37,1847580.0,185692.0,13,1716150.0,0.0,8,386000.0,VKTX250117P00075000,sold
VKTX,2024-08-02,3.252361673414305,1205.0,0.0,28416,9271348.0,2659,0.9059796916133884,2159990.0,1819593.0,48,1656319.0,1379995.0,19,1435179.0,938964.0,10,663090.0,VKTX241115P00050000,sold
VKTX,2024-07-02,3.1207598371777476,1150.0,0.0,9698,2303687.0,1632,0.9221813725490196,372340.0,251405.0,9,372340.0,128205.0,5,137340.0,128205.0,2,137340.0,VKTX250117P00080000,sold
VKTX,2024-06-27,8.53888888888889,1537.0,0.0,23591,5130521.0,2900,0.8951724137931034,820415.0,795650.0,30,471465.0,514050.0,12,0.0,127500.0,1,127500.0,VKTX240719P00045000,bought
VKTX,2024-06-06,7.544364508393285,1573.0,0.0,14743,5073856.0,2715,0.9189686924493554,890180.0,725790.0,31,461450.0,336100.0,6,330000.0,283700.0,3,330000.0,VKTX240719C00050000,bought
VKTX,2024-05-20,10.1125,1618.0,0.0,14896,3540589.0,2933,0.9362427548585066,105915.0,439235.0,12,74640.0,165360.0,3,0.0,109920.0,1,109920.0,VKTX240621C00090000,sold
VKTX,2024-01-19,5.161120840630473,5894.0,0.0,15950,3004504.0,1625,0.9101538461538462,418810.0,612557.0,19,129740.0,431756.0,5,129740.0,221556.00000000003,2,221556.00000000003,VKTX240419P00016000,bought
VIR,2026-02-25,24.41509433962264,1941.0,0.0,6465,777690.0,883,0.9546998867497168,0.0,0.0,0,0.0,0.0,0,0.0,0.0,0,20520.0,VIR260717C00006000,sold
VIR,2025-10-09,16.805555555555557,1210.0,0.0,1504,48581.0,69,0.6956521739130435,0.0,0.0,0,0.0,0.0,0,0.0,0.0,0,20000.0,VIR251017C00006000,sold
VIR,2025-01-02,5.933806146572104,1255.0,0.0,2395,217959.0,622,0.9180064308681672,0.0,0.0,0,0.0,0.0,0,0.0,0.0,0,6750.0,VIR250221C00005000,sold
VIR,2024-12-16,9.291497975708502,2295.0,0.0,2358,121501.0,529,0.9565217391304348,0.0,0.0,0,0.0,0.0,0,0.0,0.0,0,9120.0,VIR250117C00010000,sold
VERV,2025-07-24,38.405693950177934,10792.0,0.0,37046,7652260.0,635,0.6897637795275591,5154500.0,1280250.0,16,5154500.0,1241750.0,15,5000000.0,1000000.0,10,1860000.0,VERV251121C00005000,bought
VERV,2025-07-10,7.416058394160584,1524.0,0.0,4711,170804.0,123,0.5609756097560976,0.0,69200.0,2,0.0,0.0,0,0.0,0.0,0,34600.0,VERV250815P00012500,bought
VERV,2025-06-18,340.537037037037,18389.0,0.0,26350,582702.0,784,0.6454081632653061,40000.0,0.0,1,0.0,0.0,0,0.0,0.0,0,40000.0,VERV251121P00012500,sold
VERV,2025-04-23,21.94,1097.0,0.0,2624,211891.0,217,0.935483870967742,0.0,0.0,0,0.0,0.0,0,0.0,0.0,0,24360.0,VERV251121C00010000,bought
VERA,2026-08-17,13.720430107526882,1914.0,0.0,2091,502772.0,266,0.9661654135338346,0.0,0.0,0,0.0,0.0,0,0.0,0.0,0,20800.0,VERA260918C00035000,sold
VERA,2026-08-14,21.54121863799283,3005.0,0.0,4433,1272418.0,573,0.924956369982548,292960.0,107280.0,11,104940.0,0.0,1,104940.0,0.0,1,104940.0,VERA270319C00035000,bought
UTHR,2025-09-26,10.906040268456376,1625.0,0.0,5361,5185656.0,171,0.9941520467836256,2510885.0,2097500.0,8,2480225.0,2097500.0,7,2430000.0,2097500.0,6,1180500.0,UTHR251121C00480000,bought
UTHR,2025-11-25,613.92,7674.0,0.0,33164,46399397.0,228,0.9078947368421052,25738200.0,20271490.0,12,25738200.0,20271490.0,12,25738200.0,20271490.0,12,9760000.0,UTHR260116C00470000,bought
UTHR,2026-03-02,58.09090909090909,1278.0,0.0,4566,8994545.0,561,0.982174688057041,5641778.0,2046908.0,31,5236572.0,1759500.0,9,5095000.0,1500000.0,3,3265000.0,UTHR260417C00520000,bought
UTHR,2026-05-05,426.6,4266.0,0.0,13494,7656648.0,424,0.964622641509434,2640172.0,4269737.0,10,2561700.0,4208740.0,6,2561700.0,4156740.0,5,3125700.0,UTHR260515P00530000,bought
UTHR,2026-06-22,1140.8,11408.0,0.0,42825,29233390.0,56,0.9821428571428572,10981080.0,18126750.0,17,10944000.0,18026250.0,13,10944000.0,18026250.0,13,5942250.000000001,UTHR260821P00510000,bought
UTHR,2026-08-06,1093.8,10938.0,0.0,31972,13306636.0,274,0.9744525547445256,9451874.0,3120025.0,29,9192425.0,2959600.0,16,9076000.0,2799000.0,12,2721750.0000000005,UTHR260821C00550000,bought
URGN,2025-07-22,8.819095477386934,1755.0,0.0,3524,560417.0,535,0.8934579439252337,33855.0,0.0,1,0.0,0.0,0,0.0,0.0,0,33855.0,URGN250815C00016000,bought
VCEL,2024-07-24,160.6,1606.0,0.0,1631,163294.0,17,0.9411764705882352,132000.0,0.0,1,132000.0,0.0,1,132000.0,0.0,1,132000.0,VCEL240816P00050000,sold
VERA,2024-02-23,2.586813186813187,1177.0,0.0,1285,664555.0,69,0.927536231884058,285000.0,322000.0,4,285000.0,322000.0,4,211500.0,240000.0,2,240000.0,VERA240315C00040000,sold
VERA,2024-02-29,6.308641975308642,1533.0,0.0,1589,288595.0,35,0.8571428571428571,0.0,255000.0,2,0.0,255000.0,2,0.0,180000.0,1,180000.0,VERA240315P00045000,bought
VERA,2025-04-25,176.5185185185185,2383.0,0.0,4861,2180590.0,36,0.9722222222222222,945000.0,469750.0,4,945000.0,443000.0,3,945000.0,443000.0,3,945000.0,VERA250620C00022500,bought
VERA,2025-06-09,10.48390243902439,5373.0,0.0,7451,1380484.0,461,0.8915401301518439,819956.0,200000.0,3,778600.0,200000.0,2,778600.0,200000.0,2,778600.0,VERA250718C00022500,bought
VERA,2025-12-31,52.75555555555555,7122.0,0.0,7134,6574439.0,17,1.0,0.0,6520000.0,2,0.0,6520000.0,2,0.0,6520000.0,2,3300000.0,VERA260116C00040000,sold
VERA,2026-07-06,28.51778656126482,7215.0,0.0,10953,3913897.0,1542,0.9014267185473412,2032913.0,101250.0,7,1927130.0,101250.0,3,1874930.0,101250.0,2,1874930.0,VERA260821C00045000,bought
VCEL,2024-08-16,242.0,2420.0,0.0,2440,472065.0,8,0.875,410815.0,0.0,2,410815.0,0.0,2,410815.0,0.0,2,238814.99999999997,VCEL240816P00050000,sold
VKTX,2025-03-17,22.07239819004525,2439.0,0.0,30528,4492045.0,1826,0.9512595837897044,1404746.0,932526.0,42,821843.0,579775.0,16,419237.0,134190.0,4,183890.0,VKTX250417C00035000,bought
TGTX,2026-06-11,4.4577656675749315,1636.0,0.0,4468,1797131.0,682,0.9237536656891496,510374.0,58980.0,8,383720.0,0.0,3,270000.0,0.0,1,270000.0,TGTX270115C00022000,bought
TGTX,2025-07-07,10.348448687350835,2168.0,0.0,7168,2017822.0,703,0.8534850640113798,312370.0,328680.0,11,247380.00000000003,143840.0,3,247380.00000000003,0.0,1,247380.00000000003,TGTX250919C00018000,bought
TERN,2024-09-26,2.966442953020134,1105.0,0.0,1767,174143.0,88,0.9204545454545454,44000.00000000001,0.0,1,0.0,0.0,0,0.0,0.0,0,44000.00000000001,TERN250117C00005000,bought
TERN,2024-09-09,7.208970438328237,3536.0,0.0,18915,1264759.0,1668,0.935851318944844,0.0,113865.0,3,0.0,0.0,0,0.0,0.0,0,45999.99999999999,TERN240920C00005000,sold
TERN,2024-09-05,3.64321608040201,1450.0,0.0,4413,644085.0,413,0.9757869249394672,0.0,0.0,0,0.0,0.0,0,0.0,0.0,0,12500.0,TERN241018C00007500,bought
TERN,2024-09-03,7.932203389830509,1638.0,0.0,3493,350425.0,348,0.9051724137931034,0.0,0.0,0,0.0,0.0,0,0.0,0.0,0,18375.0,TERN240920P00007000,bought
TERN,2024-08-28,18.82758620689655,2730.0,0.0,4222,412741.0,749,0.9506008010680908,0.0,0.0,0,0.0,0.0,0,0.0,0.0,0,6250.0,TERN241018C00009000,bought
TERN,2024-08-19,134.11111111111111,2414.0,0.0,10615,1298093.0,703,0.9502133712660028,172111.0,400979.99999999994,4,132111.0,400979.99999999994,3,132111.0,322739.99999999994,2,322739.99999999994,TERN240920C00010000,sold
TERN,2024-06-24,11.11439114391144,1506.0,0.0,2019,213031.0,106,0.9622641509433962,0.0,0.0,0,0.0,0.0,0,0.0,0.0,0,20499.999999999996,TERN250117C00005000,bought
TECH,2026-05-06,14.033333333333331,1263.0,0.0,1555,445020.0,129,0.875968992248062,304000.0,0.0,3,260000.0,0.0,2,260000.0,0.0,2,132000.0,TECH260515P00055000,sold
TECH,2026-05-04,35.567567567567565,2632.0,0.0,2735,762114.0,28,0.9642857142857144,732000.0,0.0,2,732000.0,0.0,2,732000.0,0.0,2,435000.0,TECH260515P00055000,sold
TECH,2026-04-23,16.448,1028.0,0.0,1053,503673.0,29,0.8275862068965517,0.0,0.0,0,0.0,0.0,0,0.0,0.0,0,470000.0,TECH260515P00055000,mid
TECH,2026-03-19,20.46268656716418,1371.0,0.0,1371,1620459.0,33,1.0,0.0,1599000.0,2,0.0,1599000.0,2,0.0,1599000.0,2,962000.0,TECH260320P00065000,bought
TECH,2026-03-04,10.838427947598252,1241.0,0.0,1247,363531.0,50,0.96,330000.0,0.0,1,330000.0,0.0,1,330000.0,0.0,1,330000.0,TECH260320P00060000,sold
TECH,2026-02-24,139.6564417177914,11382.0,0.0,16387,2283100.0,210,0.9809523809523808,615000.0,1600000.0,4,615000.0,1600000.0,4,615000.0,1600000.0,4,1435000.0,TECH260417P00055000,bought
TECH,2026-02-19,42.46666666666667,3822.0,0.0,3834,2947753.0,26,0.8846153846153846,2520800.0,400000.0,3,2520800.0,400000.0,3,2520800.0,400000.0,3,1602899.9999999998,TECH260220P00070000,sold
TECH,2026-02-12,32.57142857142857,5016.0,0.0,5363,2576957.0,38,0.9473684210526316,1462500.0,987500.0,2,1462500.0,987500.0,2,1462500.0,987500.0,2,1462500.0,TECH260220P00065000,sold
TECH,2026-01-22,68.56271186440678,10113.0,0.0,12172,2348206.0,115,0.9652173913043478,294520.0,1225000.0,5,294520.0,1225000.0,5,0.0,1225000.0,1,1225000.0,TECH260220P00065000,bought
TECH,2026-01-13,91.64957264957263,10723.0,0.0,10727,1682101.0,210,0.9952380952380953,1475000.0,0.0,2,1475000.0,0.0,2,1475000.0,0.0,2,1055000.0,TECH260220P00060000,sold
TARS,2025-11-18,68.70967741935483,1065.0,0.0,1076,408514.0,31,0.967741935483871,0.0,360000.0,1,0.0,360000.0,1,0.0,360000.0,1,360000.0,TARS260116C00080000,sold
TARS,2026-02-19,203.3,2033.0,0.0,2040,714597.0,12,0.9166666666666666,700000.0,0.0,1,700000.0,0.0,1,700000.0,0.0,1,700000.0,TARS260417P00060000,sold
TBPH,2026-01-22,212.3,2123.0,0.0,2259,697370.0,178,0.8258426966292135,303180.0,46620.0,2,303180.0,0.0,1,303180.0,0.0,1,303180.0,TBPH260320C00022500,bought
TBPH,2026-01-23,175.2,1752.0,0.0,1885,637306.0,162,0.9444444444444444,103468.0,63510.0,3,65520.00000000001,63510.0,2,0.0,0.0,0,65520.00000000001,TBPH260320C00022500,bought
TBPH,2026-02-04,36.0,1242.0,0.0,2279,577964.0,59,0.8135593220338984,0.0,409999.9999999999,4,0.0,286999.99999999994,1,0.0,286999.99999999994,1,286999.99999999994,TBPH260320P00017500,bought
TBPH,2026-03-16,9.168831168831169,1412.0,0.0,1545,485930.0,164,0.8475609756097561,0.0,0.0,0,0.0,0.0,0,0.0,0.0,0,17500.0,TBPH260320P00017500,sold
TERN,2024-10-14,13.541463414634146,1388.0,0.0,1482,41600.0,54,0.8888888888888888,0.0,0.0,0,0.0,0.0,0,0.0,0.0,0,6265.0,TERN241018C00007500,sold
TBPH,2026-03-19,6.432098765432099,1042.0,0.0,1116,382518.0,109,0.981651376146789,0.0,0.0,0,0.0,0.0,0,0.0,0.0,0,18500.0,TBPH260320P00017500,bought
TECH,2024-05-06,36.77777777777778,1324.0,0.0,1533,255133.0,147,1.0,56960.0,0.0,1,56960.0,0.0,1,0.0,0.0,0,56960.0,TECH240517P00075000,sold
TECH,2024-11-15,178.51612903225808,2767.0,0.0,2018,322001.0,39,0.8205128205128205,119750.0,167130.0,4,84780.0,167130.0,3,0.0,0.0,0,96930.0,TECH250117C00075000,sold
TECH,2025-04-15,118.8,1188.0,0.0,1223,87998.0,24,0.6666666666666666,0.0,59850.0,1,0.0,59850.0,1,0.0,0.0,0,59850.0,TECH250516C00055000,sold
TECH,2025-10-07,24.479338842975206,1481.0,0.0,1618,341371.0,74,0.7567567567567568,0.0,287270.0,1,0.0,287270.0,1,0.0,287270.0,1,287270.0,TECH251121C00065000,sold
TECH,2025-11-17,120.91891891891892,2237.0,0.0,2241,150478.0,403,0.9900744416873448,0.0,0.0,0,0.0,0.0,0,0.0,0.0,0,10990.0,TECH260116C00075000,mid
TECH,2026-01-02,16.624434389140273,1837.0,0.0,1862,198349.0,574,0.9860627177700348,0.0,0.0,0,0.0,0.0,0,0.0,0.0,0,16380.000000000002,TECH260116P00060000,sold
TBPH,2026-06-03,137.3,1373.0,0.0,1374,62037.0,144,0.8402777777777778,0.0,0.0,0,0.0,0.0,0,0.0,0.0,0,8000.0,TBPH260618C00017500,bought
TGTX,2025-07-08,13.107398568019091,2746.0,0.0,9522,2806946.0,1463,0.9309637730690362,594930.0,244340.0,15,447600.0,75000.0,4,447600.0,0.0,3,210000.0,TGTX260116P00033000,sold
TEVA,2024-01-05,2.523666351687999,14689.0,0.0,46347,2919426.0,1621,0.9123997532387416,463290.0,434986.0,26,67840.0,0.0,1,0.0,0.0,0,67840.0,TEVA260116C00007000,bought
TEVA,2024-03-21,3.1958285052143687,1379.0,0.0,14453,581385.0,776,0.940721649484536,0.0,90160.0,2,0.0,0.0,0,0.0,0.0,0,45079.99999999999,TEVA260116C00005000,sold
TGTX,2025-06-16,6.365168539325842,1133.0,0.0,9420,1482534.0,1100,0.9027272727272728,179775.0,0.0,1,179775.0,0.0,1,179775.0,0.0,1,179775.0,TGTX250703C00035000,bought
TGTX,2024-08-01,4.582623509369676,1345.0,0.0,8841,1259726.0,703,0.903271692745377,133680.0,139101.0,5,103680.0,51000.0,2,103680.0,0.0,1,103680.0,TGTX250117C00005000,bought
TGTX,2024-06-11,5.283018867924528,1260.0,0.0,3860,389094.0,470,0.9425531914893616,0.0,0.0,0,0.0,0.0,0,0.0,0.0,0,21420.0,TGTX250117C00017000,bought
TGTX,2024-02-27,8.26984126984127,2605.0,0.0,13848,1622866.0,1659,0.940928270042194,251150.0,42400.0,8,55919.99999999999,0.0,1,0.0,0.0,0,55919.99999999999,TGTX240315C00015000,bought
TEVA,2026-09-24,10.004098360655735,2441.0,0.0,5430,1037111.0,864,0.945601851851852,0.0,0.0,0,0.0,0.0,0,0.0,0.0,0,21609.0,TEVA261016C00037000,bought
TEVA,2026-09-01,5.861271676300578,1014.0,0.0,10196,2152793.0,3038,0.9400921658986175,279145.0,460737.0,17,57329.99999999999,232050.0,4,0.0,112800.0,1,112800.0,TEVA261218C00032000,sold
TEVA,2026-06-30,13.965591397849462,3247.0,0.0,25172,2720312.0,1266,0.9494470774091628,621414.0,791389.0,18,546914.0,693009.0,13,184000.0,501290.0,5,184000.0,TEVA260710C00035000,bought
TEVA,2026-06-18,26.80719794344473,5214.0,0.0,52217,7007784.0,1618,0.9215080346106304,4112135.0,898124.0,24,3873717.0,855124.0,16,3573268.0,682294.0,10,1047600.0,TEVA261218C00032000,bought
TEVA,2026-04-09,5.079518072289156,1054.0,0.0,4100,519826.0,867,0.776239907727797,36850.0,0.0,1,0.0,0.0,0,0.0,0.0,0,36850.0,TEVA280121C00037000,bought
TEVA,2025-11-13,19.692544196771713,25620.0,0.0,66875,31614201.0,2339,0.9414279606669516,11593276.0,15568630.0,203,10770682.0,14394444.0,141,6435418.0,12539426.0,65,876000.0,TEVA251219C00017000,sold
TEVA,2025-10-01,2.708217546645494,6822.0,0.0,36266,3095774.0,2123,0.8775317946302402,947417.0,372164.0,15,780265.0,251394.0,7,683587.0,128000.0,4,400000.0,TEVA251017P00020500,sold
TEVA,2025-07-18,4.135531135531136,1129.0,0.0,5952,502708.0,706,0.8583569405099151,136850.0,42600.0,3,136850.0,0.0,2,0.0,0.0,0,70850.0,TEVA250919C00011000,bought
TEVA,2025-06-10,7.825621042377009,8033.0,0.0,125364,9369449.0,1617,0.9208410636982064,3747023.0,1478460.0,99,3117817.0,706467.0,58,909868.0,205000.0,10,159000.0,TEVA250620C00015000,bought
TEVA,2025-05-27,4.436771687526974,5140.0,0.0,122210,7038674.0,2936,0.8995231607629428,1366816.0,3240452.0,15,1214004.0,3211252.0,9,1050000.0,2905000.0,2,2905000.0,TEVA250606C00017500,sold
TEVA,2025-04-14,44.63775780010577,42205.0,0.0,92555,3524198.0,984,0.929878048780488,403990.0,1874396.0,5,403990.0,1777556.0000000002,2,403990.0,1777556.0000000002,2,1777556.0000000002,TEVA250509P00012000,bought
TEVA,2025-04-11,9.572519083969466,8778.0,0.0,28327,1779394.0,2008,0.9407370517928288,190036.0,322834.0,12,52352.0,134700.0,3,0.0,0.0,0,94848.0,TEVA250919C00014000,mid
TEVA,2025-03-05,5.694020618556701,6904.0,0.0,40386,1160662.0,2401,0.9446064139941692,83873.0,35819.0,4,0.0,0.0,0,0.0,0.0,0,35819.0,TEVA250417C00017000,sold
TEVA,2024-04-05,6.281708094327597,4928.0,0.0,16324,486939.0,1052,0.9239543726235742,26160.000000000004,41250.0,2,0.0,0.0,0,0.0,0.0,0,41250.0,TEVA240419C00015000,sold
TEVA,2024-05-14,17.147499203568014,26913.0,0.0,51183,3309626.0,2684,0.9206408345752608,601720.0,1181864.0,13,574750.0,891035.0,4,497250.0,837000.0,2,837000.0,TEVA240621C00016000,sold
TEVA,2024-06-13,2.6182883176049465,4023.0,0.0,28370,2343094.0,1493,0.925653047555258,535750.0,718201.0,33,338750.0,276750.0,11,0.0,0.0,0,56500.0,TEVA240920C00016000,bought
TEVA,2024-07-22,3.399209486166008,2580.0,0.0,15242,1696715.0,960,0.9333333333333332,46314.00000000001,832988.0,14,0.0,528909.0,6,0.0,0.0,0,91500.0,TEVA240920C00016000,sold
TEVA,2024-08-16,3.577663068981699,3812.0,0.0,29601,1518768.0,2306,0.8764093668690373,31121.999999999996,161005.0,4,0.0,102910.0,1,0.0,102910.0,1,102910.0,TEVA250117C00015000,sold
TEVA,2024-08-22,9.828249648052555,10472.0,0.0,23251,1658315.0,1333,0.9639909977494372,234135.0,385856.0,15,54179.99999999999,108128.0,2,0.0,108128.0,1,108128.0,TEVA250321C00018000,sold
TEVA,2024-02-09,3.601846508944028,6242.0,0.0,12610,611839.0,659,0.9089529590288316,39300.0,144470.0,4,0.0,88970.0,1,0.0,0.0,0,88970.0,TEVA250117C00010000,sold
TEVA,2024-08-26,7.182544970019987,10781.0,0.0,41260,3027634.0,2022,0.940158259149357,923235.0,316918.0,16,731465.0,264754.0,8,602140.0,161252.0,4,347760.00000000006,TEVA260116C00012000,bought
TEVA,2024-10-04,3.87514103046258,5152.0,0.0,19148,325734.0,597,0.9195979899497488,0.0,91200.0,2,0.0,0.0,0,0.0,0.0,0,48000.0,TEVA241011C00018000,sold
TEVA,2024-10-11,9.275737940964722,6442.0,0.0,11518,551590.0,715,0.8909090909090909,68450.0,213600.0,3,68450.0,213600.0,3,0.0,159600.0,1,159600.0,TEVA250117C00012000,sold
TEVA,2024-10-15,4.172786177105832,2898.0,0.0,12073,881992.0,1261,0.9175257731958762,65750.0,26852.0,2,65750.0,0.0,1,0.0,0.0,0,65750.0,TEVA250117C00005000,bought
TEVA,2024-11-14,8.839667977282657,10117.0,0.0,21164,964034.0,1009,0.937561942517344,114516.0,163000.0,5,50999.99999999999,132500.0,2,0.0,132500.0,1,132500.0,TEVA241220P00016000,bought
TEVA,2025-01-16,2.5455580865603644,4470.0,0.0,13419,1494963.0,1569,0.9337157425111536,55394.0,43890.0,3,0.0,0.0,0,0.0,0.0,0,43890.0,TEVA250117C00007000,sold
TEVA,2025-01-27,2.0171945701357465,2229.0,0.0,17805,2018603.0,1157,0.9369057908383752,630055.0,444781.0,21,323762.0,256156.0,7,112500.0,101336.0,2,112500.0,TEVA260116C00025000,bought
TEVA,2024-09-04,5.640569395017794,4755.0,0.0,26237,1752691.0,1245,0.918875502008032,535674.0,321000.0,6,497174.0,321000.0,5,429809.0,256000.0,3,300000.0,TEVA240920C00019500,bought
TARS,2024-07-05,300.5,3005.0,0.0,6011,1880383.0,97,0.7422680412371134,916125.0,771750.0,2,916125.0,771750.0,2,916125.0,771750.0,2,916125.0,TARS240816C00030000,bought
VKTX,2025-03-24,10.025316455696204,1584.0,0.0,15495,1909419.0,2054,0.9396299902629016,100400.0,0.0,2,60800.0,0.0,1,0.0,0.0,0,60800.0,VKTX250417P00027500,sold
VKTX,2026-02-17,3.2821270310192023,1111.0,0.0,14959,2958713.0,2362,0.8962743437764606,524213.0,979120.0,12,392100.0,979120.0,8,0.0,891120.0,2,447360.00000000006,VKTX270115P00065000,bought
XERS,2025-07-09,29.56626506024097,1227.0,0.0,1525,76118.0,131,0.8702290076335878,0.0,0.0,0,0.0,0.0,0,0.0,0.0,0,15750.0,XERS250815C00005000,sold
XENE,2026-04-28,150.0,1500.0,0.0,1540,268480.0,52,1.0,118338.0,0.0,1,118338.0,0.0,1,118338.0,0.0,1,118338.0,XENE260618P00050000,sold
XENE,2026-03-09,98.05714285714286,1716.0,0.0,32604,8339627.0,1706,0.9167643610785464,2440655.0,1770600.0,22,2242195.0,1736640.0,15,2125720.0,1343160.0,7,864000.0,XENE260417C00060000,bought
XENE,2026-03-06,303.2142857142857,4245.0,0.0,15585,4895787.0,127,0.9133858267716536,2148670.0,2379000.0,12,2111420.0,2379000.0,11,2058420.0,2379000.0,10,1050000.0,XENE260417P00027500,bought
XENE,2025-05-13,103.75510204081633,2542.0,0.0,6508,1255086.0,306,0.915032679738562,718925.0,0.0,2,718925.0,0.0,2,718925.0,0.0,2,570000.0,XENE250620C00030000,bought
WVE,2026-06-04,2.638095238095238,1385.0,0.0,1552,50646.0,110,0.8272727272727273,0.0,0.0,0,0.0,0.0,0,0.0,0.0,0,10000.0,WVE260618C00007000,mid
WVE,2026-04-01,3.199756023177798,5246.0,0.0,8069,302790.0,381,0.8503937007874016,60000.0,0.0,1,60000.0,0.0,1,0.0,0.0,0,60000.0,WVE260417C00007500,bought
WVE,2026-03-23,6.404212231672742,7906.0,0.0,26522,3589024.0,1260,0.9753968253968254,1169450.0,163408.0,11,1124150.0,75848.0,7,847500.0,0.0,2,497500.0,WVE260417C00015000,bought
WVE,2026-03-09,5.146095717884131,2043.0,0.0,2657,294937.0,159,0.9119496855345912,70920.0,52500.0,3,0.0,52500.0,1,0.0,0.0,0,52500.0,WVE260320P00013000,bought
WVE,2026-02-05,5.158333333333333,1238.0,0.0,1651,217760.0,112,0.9017857142857144,0.0,107784.0,1,0.0,107784.0,1,0.0,107784.0,1,107784.0,WVE260320C00015000,sold
WVE,2025-11-11,2.701168614357262,1618.0,0.0,2331,186609.0,127,0.968503937007874,0.0,0.0,0,0.0,0.0,0,0.0,0.0,0,22500.0,WVE251121C00007000,bought
WVE,2025-10-31,10.404973357015988,2929.0,0.0,3706,427220.0,251,0.9322709163346612,85680.0,57269.99999999999,3,0.0,57269.99999999999,1,0.0,0.0,0,57269.99999999999,WVE251121C00009000,sold
WVE,2025-10-30,4.426287744227354,1246.0,0.0,1897,260006.0,236,0.940677966101695,0.0,33000.0,1,0.0,0.0,0,0.0,0.0,0,33000.0,WVE251121C00009000,sold
WVE,2025-09-10,17.135135135135137,2536.0,0.0,2652,145102.0,28,0.8928571428571429,0.0,0.0,0,0.0,0.0,0,0.0,0.0,0,125000.0,WVE250919P00007500,mid
WVE,2025-02-20,27.463414634146343,1689.0,0.0,2449,376717.0,188,0.946808510638298,178125.0,0.0,2,178125.0,0.0,2,0.0,0.0,0,90625.0,WVE250417C00012500,bought
WVE,2024-12-20,9.114551083591332,1472.0,0.0,1529,55751.0,172,0.3255813953488372,0.0,0.0,0,0.0,0.0,0,0.0,0.0,0,7480.0,WVE250117C00015000,bought
WVE,2024-12-17,83.24458204334366,13444.0,0.0,13614,1030370.0,895,0.8793296089385475,0.0,144745.0,3,0.0,92040.0,1,0.0,0.0,0,92040.0,WVE241220C00017500,sold
VTRS,2026-06-09,4.869841269841269,1534.0,0.0,2925,224997.0,325,0.8492307692307692,0.0,0.0,0,0.0,0.0,0,0.0,0.0,0,20499.999999999996,VTRS270115C00008000,bought
VTRS,2026-06-18,22.99093655589124,11415.0,0.0,21270,786578.0,373,0.8820375335120644,26700.0,233600.0,4,0.0,170000.0,1,0.0,170000.0,1,170000.0,VTRS280121C00020000,sold
VTRS,2026-06-29,2.5435616438356163,2321.0,0.0,2558,95333.0,208,0.9375,0.0,0.0,0,0.0,0.0,0,0.0,0.0,0,10980.000000000002,VTRS280121C00012000,bought
VTRS,2026-07-21,4.1665753424657535,3802.0,0.0,5065,264022.0,603,0.9502487562189056,0.0,0.0,0,0.0,0.0,0,0.0,0.0,0,10500.0,VTRS270115P00016000,bought
VTRS,2026-07-22,2.147945205479452,1960.0,0.0,2902,179318.0,141,0.9148936170212766,0.0,96825.0,2,0.0,63000.0,1,0.0,0.0,0,63000.0,VTRS260821P00016000,bought
VTRS,2026-09-02,4.792560801144492,1675.0,0.0,2704,164880.0,216,0.8194444444444444,0.0,0.0,0,0.0,0.0,0,0.0,0.0,0,17500.0,VTRS280121C00020000,bought
XERS,2025-10-15,48.95238095238095,3084.0,0.0,7089,777356.0,746,0.789544235924933,164260.0,0.0,5,0.0,0.0,0,0.0,0.0,0,45000.0,XERS260417C00007500,bought
VTYX,2025-10-24,65.38461538461539,3825.0,0.0,12008,731578.0,842,0.9370546318289786,0.0,28000.0,1,0.0,0.0,0,0.0,0.0,0,28000.0,VTYX260320C00007500,sold
VTYX,2025-11-04,5.911504424778761,1002.0,0.0,1932,332932.0,268,0.9514925373134328,78500.0,0.0,2,0.0,0.0,0,0.0,0.0,0,44000.0,VTYX251219C00010000,bought
VTYX,2026-02-05,36.8,2944.0,0.0,8814,58688.0,300,0.4733333333333333,0.0,0.0,0,0.0,0.0,0,0.0,0.0,0,2000.0,VTYX260918C00015000,bought
VTYX,2026-02-12,62.98701298701299,2425.0,0.0,4452,34932.0,423,0.574468085106383,0.0,0.0,0,0.0,0.0,0,0.0,0.0,0,2480.0,VTYX260320C00001500,bought
VTYX,2026-02-20,7.27536231884058,1004.0,0.0,2516,44940.0,236,0.6949152542372882,0.0,0.0,0,0.0,0.0,0,0.0,0.0,0,4725.0,VTYX260220C00012500,sold
VTYX,2026-02-27,3.572700296735905,1204.0,0.0,1523,24630.000000000004,90,0.3222222222222222,0.0,0.0,0,0.0,0.0,0,0.0,0.0,0,13455.000000000002,VTYX260320C00005000,bought
WVE,2024-11-18,14.43298969072165,1400.0,0.0,1561,258671.0,79,0.9113924050632912,0.0,129130.0,1,0.0,129130.0,1,0.0,129130.0,1,129130.0,WVE250117C00012500,sold
VTYX,2025-11-03,8.020979020979022,1147.0,0.0,2138,309123.0,194,0.9278350515463918,26100.0,0.0,1,0.0,0.0,0,0.0,0.0,0,26100.0,VTYX251219C00010000,bought
VTRS,2026-05-08,8.38888888888889,4228.0,0.0,9925,1446352.0,383,0.8093994778067886,31559.999999999996,912018.0,15,0.0,616300.0,6,0.0,300000.0,2,150000.0,VTRS270115C00015000,sold
XERS,2026-02-19,20.864406779661017,1231.0,0.0,12750,712703.0,488,0.9467213114754098,252400.0,252000.0,3,252400.0,252000.0,3,160000.0,252000.0,2,252000.0,XERS260717C00007500,sold
ZBIO,2026-06-29,100.1,1001.0,0.0,1010,337905.0,103,0.970873786407767,0.0,0.0,0,0.0,0.0,0,0.0,0.0,0,19470.0,ZBIO260821C00025000,sold
ZVRA,2026-06-29,5.152619589977221,1131.0,0.0,1362,174228.0,74,0.9054054054054054,0.0,102500.0,2,0.0,102500.0,2,0.0,0.0,0,51500.0,ZVRA260821C00015000,sold
ZVRA,2026-05-07,4.778181818181818,1314.0,0.0,2245,427364.0,465,0.9634408602150538,0.0,0.0,0,0.0,0.0,0,0.0,0.0,0,16450.0,ZVRA260515C00011000,bought
ZVRA,2026-04-30,4.792727272727273,1318.0,0.0,2232,144675.0,74,0.945945945945946,65934.0,0.0,1,65934.0,0.0,1,0.0,0.0,0,65934.0,ZVRA260515C00011000,bought
ZVRA,2026-03-10,19.17061611374407,4045.0,0.0,16034,1928989.0,907,0.9272326350606396,599405.0,277540.0,13,497565.0,172000.0,7,362615.0,0.0,2,242000.0,ZVRA260320C00009000,bought
ZVRA,2026-01-21,4.763940520446097,2563.0,0.0,2578,85710.0,58,0.9310344827586208,0.0,0.0,0,0.0,0.0,0,0.0,0.0,0,11800.0,ZVRA260220C00009000,sold
ZVRA,2026-01-06,2.780952380952381,1168.0,0.0,1374,39204.0,95,0.8,0.0,0.0,0,0.0,0.0,0,0.0,0.0,0,4935.0,ZVRA260220C00005000,sold
ZVRA,2025-12-08,3.248339973439575,1223.0,0.0,1333,34004.0,125,0.952,0.0,0.0,0,0.0,0.0,0,0.0,0.0,0,8710.0,ZVRA261218C00008000,bought
ZVRA,2025-11-24,3.3428981348637015,1165.0,0.0,1505,117171.0,114,0.8596491228070176,0.0,0.0,0,0.0,0.0,0,0.0,0.0,0,24010.000000000004,ZVRA260515C00005000,sold
ZVRA,2025-11-05,4.091240875912408,2242.0,0.0,6613,253083.0,309,0.9288025889967636,0.0,0.0,0,0.0,0.0,0,0.0,0.0,0,13200.0,ZVRA260116C00005000,bought
ZVRA,2025-09-18,103.75,2075.0,0.0,34361,4118777.0,360,0.6833333333333333,0.0,59500.0,2,0.0,0.0,0,0.0,0.0,0,2100000.0,ZVRA260116C00009000,mid
ZVRA,2024-10-09,2.2844089091947457,2000.0,0.0,2861,166027.0,217,0.9539170506912442,0.0,0.0,0,0.0,0.0,0,0.0,0.0,0,15400.0,ZVRA241115C00007500,bought
ZTS,2026-06-04,4.474033401967513,9778.0,0.0,20384,27311480.0,2630,0.9015209125475284,13462114.0,10018642.0,192,12430016.0,9229102.0,143,9906740.0,5556110.0,29,2355690.0,ZTS260618P00105000,bought
ZTS,2026-05-12,8.639344262295081,3689.0,0.0,15655,7159929.0,2822,0.877037562012757,1133160.0,1067212.0,31,755540.0,675450.0,9,755540.0,523850.0,7,689999.9999999999,ZTS260717C00085000,mid
ZTS,2026-04-27,42.954314720812185,8462.0,0.0,13123,2749337.0,241,0.9294605809128632,804350.0,1552100.0,5,751150.0,1552100.0,3,751150.0,1552100.0,3,1552100.0,ZTS260515P00115000,bought
ZTS,2026-01-12,2.472843450479233,1161.0,0.0,1994,696221.0,476,0.8592436974789915,0.0,294880.0,2,0.0,250000.0,1,0.0,250000.0,1,250000.0,ZTS260116P00130000,bought
ZTS,2025-12-16,8.158536585365853,4683.0,0.0,7264,1957750.0,759,0.8089591567852438,743440.0,198802.0,5,680000.0,198802.0,3,680000.0,126990.0,2,680000.0,ZTS260116C00130000,bought
ZTS,2025-11-04,16.07608695652174,2958.0,0.0,12133,12547422.0,2597,0.9122063919907586,3391685.0,3291000.0,89,3022410.0,2640825.0,60,1988630.0,799570.0,17,330750.0,ZTS280121C00135000,sold
ZLAB,2025-12-15,100.54545454545456,1659.0,0.0,3647,1255355.0,67,0.9850746268656716,587926.0,587466.0,9,587926.0,552636.0,8,587926.0,552636.0,8,192000.0,ZLAB261218P00017500,sold
ZTS,2024-02-16,10.242622950819673,1562.0,0.0,2474,518903.0,332,0.8825301204819277,190530.0,0.0,4,128990.0,0.0,2,0.0,0.0,0,74000.0,ZTS240315C00190000,bought
ZTS,2024-03-20,3.697478991596639,1100.0,0.0,2719,742597.0,543,0.9079189686924494,135642.0,0.0,2,135642.0,0.0,2,0.0,0.0,0,69930.0,ZTS240419P00165000,sold
ZTS,2024-07-17,39.62530413625304,8143.0,0.0,16476,20110160.0,555,0.9225225225225224,6027400.0,12668570.0,65,6027400.0,12596720.0,63,5612820.0,12349400.0,55,750000.0,ZTS240719C00170000,mid
ZTS,2024-07-25,8.469333333333333,1588.0,0.0,2560,1176164.0,609,0.9507389162561576,185879.99999999997,0.0,2,145919.99999999997,0.0,1,145919.99999999997,0.0,1,145919.99999999997,ZTS240816C00190000,bought
ZTS,2024-10-03,8.201492537313433,1099.0,0.0,2629,1217705.0,288,0.9652777777777778,853740.0,0.0,3,853740.0,0.0,3,853740.0,0.0,3,462000.0,ZTS260116P00185000,sold
XERS,2026-05-21,12.662921348314606,1127.0,0.0,1189,44319.0,65,0.8461538461538461,0.0,0.0,0,0.0,0.0,0,0.0,0.0,0,7975.0,XERS260717C00007500,sold
ZTS,2024-10-14,9.8141592920354,1109.0,0.0,2014,531899.0,196,0.8061224489795918,0.0,322406.0,4,0.0,280756.0,3,0.0,130000.0,1,130000.0,ZTS241115C00210000,sold
ZTS,2024-12-19,26.429752066115704,1599.0,0.0,3318,1537865.0,577,0.9566724436741768,218340.0,268447.0,16,0.0,0.0,0,0.0,0.0,0,40810.0,ZTS250117P00170000,sold
ZTS,2025-02-14,2.7945544554455446,1129.0,0.0,10911,12812878.0,1623,0.8872458410351202,10770006.0,407370.0,13,10679616.0,286772.0,8,10679616.0,0.0,4,9865680.0,ZTS270115C00175000,bought
ZTS,2025-04-08,7.548223350253807,1487.0,0.0,2538,1631130.0,615,0.9382113821138212,81300.0,153160.0,7,0.0,50399.99999999999,1,0.0,0.0,0,50399.99999999999,ZTS250516C00150000,sold
ZTS,2025-04-25,11.479744136460557,2692.0,0.0,4632,2375717.0,1292,0.8823529411764706,35000.0,920590.0,3,0.0,880000.0,1,0.0,880000.0,1,880000.0,ZTS250516P00150000,bought
ZTS,2025-05-06,4.119800332778702,1238.0,0.0,4520,1468924.0,1287,0.8865578865578866,168850.0,25099.999999999996,5,51120.00000000001,0.0,1,0.0,0.0,0,51120.00000000001,ZTS260116P00165000,sold
ZTS,2025-08-12,31.12136752136752,9103.0,0.0,14726,2681397.0,417,0.9016786570743404,770000.0,1144000.0,2,770000.0,1144000.0,2,770000.0,1144000.0,2,1144000.0,ZTS250919P00145000,bought
ZTS,2024-11-19,3.988304093567251,1023.0,0.0,2418,3359207.0,218,0.9541284403669724,2998250.0,133719.0,2,2998250.0,133719.0,2,2998250.0,133719.0,2,2998250.0,ZTS270115C00175000,bought
VKTX,2025-10-01,7.965156794425087,1143.0,0.0,20272,3369660.0,2751,0.9465648854961832,390065.0,248655.0,10,329360.0,133820.0,5,221260.0,0.0,1,221260.0,VKTX251121C00020000,bought
VTRS,2026-05-06,57.46556473829201,20860.0,0.0,36307,1811066.0,1295,0.9413127413127412,837500.0,338225.0,12,837500.0,65625.0,3,837500.0,0.0,2,625000.0,VTRS260515C00016000,bought
VTRS,2026-02-12,7.858252427184466,4047.0,0.0,6681,407245.0,420,0.7738095238095238,0.0,40500.0,1,0.0,0.0,0,0.0,0.0,0,40500.0,VTRS270115C00008000,sold
VSTM,2025-06-27,4.83203125,1237.0,0.0,2049,108824.0,99,0.7878787878787878,0.0,0.0,0,0.0,0.0,0,0.0,0.0,0,75000.0,VSTM250815C00005000,mid
VRTX,2025-08-14,39.59183673469388,1940.0,0.0,6791,26556812.0,1078,0.901669758812616,18556212.0,6380510.0,23,18434050.0,6295310.0,18,18434050.0,6295310.0,18,4766999.999999999,VRTX250815P00460000,sold
VRTX,2025-08-07,222.52631578947367,4228.0,0.0,39968,219837735.0,2568,0.9069314641744548,109590453.0,105622586.0,101,108898270.0,105139562.0,69,108479720.0,104604734.0,55,31122000.0,VRTX250808P00430000,bought
VRTX,2025-01-02,12.992063492063492,3274.0,0.0,11232,52736003.0,1014,0.8767258382642998,21973070.0,27985050.0,33,21832720.0,27919170.0,27,21607920.0,27859720.0,23,5788160.0,VRTX250117P00450000,sold
VRNA,2025-06-11,9.075098814229248,3444.0,0.0,11967,4737399.0,1150,0.8834782608695653,449350.0,1566260.0,27,383300.0,1140090.0,13,177700.0,810660.0,6,216479.99999999997,VRNA260116C00075000,sold
VRNA,2025-06-09,2.2903930131004366,1049.0,0.0,3262,413344.0,241,0.95850622406639,110870.0,27333.0,4,0.0,0.0,0,0.0,0.0,0,42175.0,VRNA250620P00080000,sold
VRNA,2025-05-30,4.908296943231441,2248.0,0.0,7243,4143815.0,1129,0.9309123117803366,1210988.0,437650.0,13,1145148.0,407050.0,10,1086600.0,194250.0,6,367900.0,VRNA260116C00060000,bought
VRNA,2025-05-14,3.286808510638298,1931.0,0.0,2257,454667.0,200,0.92,36900.0,25020.0,2,0.0,0.0,0,0.0,0.0,0,36900.0,VRNA270115P00075000,sold
VRNA,2025-04-28,2.991649269311065,7165.0,0.0,9756,3120631.0,827,0.9625151148730352,270555.0,655807.0,17,148200.0,404540.0,5,0.0,260000.0,1,755000.0,VRNA250516C00055000,mid
VRNA,2025-03-31,3.968804159445407,3435.0,0.0,3662,1245777.0,227,0.947136563876652,25935.000000000004,595742.0,12,0.0,457652.0,6,0.0,133980.0,1,133980.0,VRNA250417P00060000,bought
VRNA,2025-02-24,12.867309117865084,8679.0,0.0,9778,3631680.0,842,0.97624703087886,285870.0,1082300.0,27,104700.0,757920.0,12,0.0,241040.0,2,124000.0,VRNA250321C00055000,sold
VRNA,2024-11-01,5.696969696969697,1034.0,0.0,1200,423611.0,259,0.9266409266409268,27252.0,0.0,1,0.0,0.0,0,0.0,0.0,0,27252.0,VRNA250321C00012500,bought
VRNA,2024-10-30,12.645962732919257,2036.0,0.0,2239,865030.0,416,0.8774038461538461,56100.0,77910.0,4,0.0,0.0,0,0.0,0.0,0,49000.0,VRNA241220C00010000,sold
VRNA,2024-10-08,6.0875,1461.0,0.0,1549,328818.0,106,0.9528301886792452,0.0,168415.0,2,0.0,133400.0,1,0.0,133400.0,1,133400.0,VRNA241018C00030000,sold
VRNA,2024-10-04,6.1347826086956525,1411.0,0.0,2209,518624.0,239,0.9330543933054394,47599.99999999999,144000.0,2,0.0,144000.0,1,0.0,144000.0,1,144000.0,VRNA241018C00030000,sold
VRNA,2024-08-13,21.20618556701031,2057.0,0.0,7437,2309669.0,1127,0.9361135758651288,515640.0,145720.0,17,58800.0,64000.0,2,0.0,0.0,0,64000.0,VRNA240816C00017500,sold
VRNA,2024-08-12,17.422680412371133,1690.0,0.0,2659,809574.0,652,0.9478527607361964,0.0,0.0,0,0.0,0.0,0,0.0,0.0,0,13600.0,VRNA240816C00025000,bought
VKTX,2026-08-14,9.797356828193832,1112.0,0.0,9191,1054462.0,1478,0.8822733423545331,91445.0,81315.0,5,0.0,0.0,0,0.0,0.0,0,43365.0,VKTX270115C00030000,sold
VNDA,2026-01-08,6.598337950138504,2382.0,0.0,9246,518671.0,396,0.8838383838383839,166350.0,71825.0,4,117000.0,0.0,1,117000.0,0.0,1,117000.0,VNDA260220C00007000,bought
VNDA,2026-02-11,3.8688524590163937,1298.0,0.0,1473,94665.0,108,0.925925925925926,0.0,0.0,0,0.0,0.0,0,0.0,0.0,0,20000.0,VNDA260320C00008000,bought
VNDA,2026-04-07,5.100890207715134,1719.0,0.0,1906,57383.0,122,0.7868852459016393,0.0,0.0,0,0.0,0.0,0,0.0,0.0,0,7800.0,VNDA260417C00008000,bought
VNDA,2026-04-17,19.928571428571427,2232.0,0.0,2315,110124.0,63,0.4761904761904761,25000.0,68000.0,2,0.0,68000.0,1,0.0,0.0,0,68000.0,VNDA260515C00007000,sold
VNDA,2026-05-07,6.151162790697675,1058.0,0.0,1577,80617.0,70,0.8285714285714286,0.0,0.0,0,0.0,0.0,0,0.0,0.0,0,16500.0,VNDA260618C00007000,bought
VSTM,2025-08-11,81.26470588235294,11052.0,0.0,20406,1244002.0,677,0.8788774002954209,137880.0,750000.0,2,137880.0,750000.0,2,137880.0,750000.0,2,750000.0,VSTM250919C00008000,sold
VOR,2025-07-08,237.2,2372.0,0.0,34403,1584621.0,1732,0.9237875288683602,110000.0,350300.0,6,110000.0,233900.0,3,110000.0,233900.0,3,118900.0,VOR260116P00002000,bought
VRDN,2024-09-11,8.91150442477876,1007.0,0.0,2733,566279.0,622,0.9131832797427653,0.0,0.0,0,0.0,0.0,0,0.0,0.0,0,14260.0,VRDN241018C00017500,sold
VRDN,2024-10-18,34.65573770491803,1057.0,0.0,1380,167713.0,166,0.927710843373494,0.0,0.0,0,0.0,0.0,0,0.0,0.0,0,8550.0,VRDN250417C00022500,bought
VRDN,2024-12-16,70.89344262295081,8649.0,0.0,9537,1176951.0,808,0.9455445544554456,560000.0,27000.0,2,560000.0,0.0,1,560000.0,0.0,1,560000.0,VRDN250117P00022500,sold
VRDN,2024-12-17,15.686832740213523,2204.0,0.0,2305,183047.0,179,0.9162011173184358,0.0,0.0,0,0.0,0.0,0,0.0,0.0,0,17370.0,VRDN250117C00022500,sold
VRDN,2024-12-30,17.86837294332724,9774.0,0.0,9785,1023247.0,195,0.9948717948717948,463600.0,0.0,1,463600.0,0.0,1,463600.0,0.0,1,463600.0,VRDN250117P00020000,sold
VRNA,2024-07-08,2.7219343696027636,1576.0,0.0,2535,338282.0,244,0.8811475409836066,0.0,80250.0,2,0.0,0.0,0,0.0,0.0,0,47250.0,VRNA240816C00017500,sold
VOR,2025-07-09,108.0,1080.0,0.0,24876,926208.0,1034,0.925531914893617,112000.0,234000.0,5,75000.0,150000.0,2,0.0,150000.0,1,150000.0,VOR251017C00004000,sold
VTRS,2026-02-23,3.1421608448415923,1934.0,0.0,3739,668934.0,354,0.9491525423728814,99600.0,187458.0,3,99600.0,187458.0,3,0.0,119400.0,1,119400.0,VTRS270115C00010000,sold
VSTM,2026-03-04,150.32835820895522,5036.0,0.0,5126,171317.0,33,0.5151515151515151,0.0,0.0,0,0.0,0.0,0,0.0,0.0,0,76500.0,VSTM260417C00007000,mid
VSTM,2026-06-24,41.3469387755102,1013.0,0.0,1894,134894.0,704,0.8892045454545454,0.0,0.0,0,0.0,0.0,0,0.0,0.0,0,15750.0,VSTM261218P00004000,bought
VTRS,2026-02-11,5.889320388349515,3033.0,0.0,8057,830209.0,634,0.889589905362776,0.0,269572.0,5,0.0,189440.0,2,0.0,126000.0,1,126000.0,VTRS270115C00010000,sold
VTRS,2026-02-09,6.427184466019417,3310.0,0.0,11241,1526067.0,1093,0.9039341262580056,189655.0,134170.0,8,92500.0,0.0,1,0.0,0.0,0,92500.0,VTRS260717C00011000,bought
VTRS,2025-11-06,6.488852188274153,3929.0,0.0,7328,468746.0,279,0.8602150537634409,0.0,52125.0,2,0.0,0.0,0,0.0,0.0,0,27000.0,VTRS251121C00010000,sold
VTRS,2025-09-15,9.6171875,2462.0,0.0,4056,240590.0,305,0.8819672131147541,28750.0,33180.0,2,0.0,0.0,0,0.0,0.0,0,33180.0,VTRS251017C00009000,sold
VTRS,2025-08-15,2.359348680516564,2101.0,0.0,3166,299825.0,453,0.8874172185430463,0.0,0.0,0,0.0,0.0,0,0.0,0.0,0,8170.0,VTRS260116C00009000,bought
VTRS,2025-08-14,2.485657104736491,1863.0,0.0,3385,253318.0,561,0.857397504456328,0.0,0.0,0,0.0,0.0,0,0.0,0.0,0,13968.0,VTRS270115C00010000,bought
VTRS,2025-08-12,4.838874680306906,2838.0,0.0,4466,233119.0,432,0.9166666666666666,0.0,0.0,0,0.0,0.0,0,0.0,0.0,0,18375.0,VTRS250815C00009000,sold
VTRS,2025-08-08,2.7057569296375266,1269.0,0.0,2713,252658.0,297,0.7845117845117845,0.0,29295.000000000004,1,0.0,0.0,0,0.0,0.0,0,29295.000000000004,VTRS270115C00010000,sold
VTRS,2025-06-06,15.144827586206896,6588.0,0.0,7503,152894.0,229,0.8209606986899564,0.0,0.0,0,0.0,0.0,0,0.0,0.0,0,13679.999999999998,VTRS250718C00008000,sold
VTRS,2025-04-01,4.519710378117458,2809.0,0.0,4923,188615.0,341,0.9178885630498532,0.0,0.0,0,0.0,0.0,0,0.0,0.0,0,19435.0,VTRS260116C00010000,bought
VTRS,2025-03-17,5.706436420722135,3635.0,0.0,4178,103984.0,161,0.906832298136646,0.0,0.0,0,0.0,0.0,0,0.0,0.0,0,13935.0,VTRS250417C00010000,bought
VTRS,2025-02-13,9.882869692532942,3375.0,0.0,4463,256263.0,132,0.9015151515151516,74975.0,62750.0,3,74975.0,0.0,1,0.0,0.0,0,74975.0,VTRS250221P00011000,sold
VTRS,2025-02-04,7.263665594855305,2259.0,0.0,3674,139041.0,173,0.7630057803468208,0.0,0.0,0,0.0,0.0,0,0.0,0.0,0,21750.0,VTRS250321C00012000,sold
VTRS,2025-01-22,5.157492354740061,3373.0,0.0,5240,222088.0,352,0.875,34750.0,32829.99999999999,2,0.0,0.0,0,0.0,0.0,0,34750.0,VTRS270115C00012000,bought
VTRS,2025-01-07,3.49665327978581,1306.0,0.0,5207,204088.0,399,0.8922305764411027,0.0,0.0,0,0.0,0.0,0,0.0,0.0,0,20099.999999999996,VTRS250117C00010000,sold
VTRS,2024-10-15,5.665322580645161,1405.0,0.0,3057,196755.0,315,0.8,0.0,0.0,0,0.0,0.0,0,0.0,0.0,0,11200.000000000002,VTRS241115P00012000,sold
VTRS,2024-09-23,2.5413766434648104,1643.0,0.0,2837,131015.0,257,0.9027237354085604,0.0,0.0,0,0.0,0.0,0,0.0,0.0,0,22500.0,VTRS241018C00007000,bought
VSTM,2026-06-26,121.52941176470588,3099.0,0.0,3835,194994.0,690,0.8913043478260869,0.0,0.0,0,0.0,0.0,0,0.0,0.0,0,22500.0,VSTM260717P00004000,sold
VTRS,2024-01-04,5.15,2781.0,0.0,6008,434355.0,534,0.8838951310861424,0.0,39000.0,1,0.0,0.0,0,0.0,0.0,0,39000.0,VTRS240621P00013000,bought
VTRS,2024-01-08,3.914364640883978,2834.0,0.0,5444,657237.0,350,0.8742857142857143,156665.0,95400.0,6,62400.0,66900.0,2,0.0,0.0,0,66900.0,VTRS240216C00010000,sold
VTRS,2024-02-12,5.768361581920904,3063.0,0.0,3875,156460.0,192,0.8697916666666666,43500.0,0.0,1,0.0,0.0,0,0.0,0.0,0,43500.0,VTRS260116C00010000,bought
VTRS,2024-02-15,6.75517890772128,3587.0,0.0,10474,826410.0,1013,0.8835143139190523,178640.0,0.0,2,178640.0,0.0,2,0.0,0.0,0,90915.0,VTRS240315C00010000,bought
VTRS,2024-03-14,3.1047928513403735,3822.0,0.0,4180,131688.0,343,0.9096209912536444,0.0,0.0,0,0.0,0.0,0,0.0,0.0,0,6000.0,VTRS240315P00012000,sold
VSTM,2026-05-11,113.5754189944134,10165.0,0.0,10323,432844.0,66,0.8181818181818182,0.0,410000.0,2,0.0,410000.0,2,0.0,320000.0,1,320000.0,VSTM260618C00006000,sold
VTRS,2024-04-16,4.149134487350199,1558.0,0.0,2168,192156.0,105,0.9333333333333332,0.0,140700.0,2,0.0,140700.0,2,0.0,0.0,0,73500.0,VTRS240517P00012000,bought
VTRS,2024-05-29,3.144396551724138,1459.0,0.0,4126,201745.0,331,0.9577039274924471,0.0,0.0,0,0.0,0.0,0,0.0,0.0,0,11200.0,VTRS240621P00012000,bought
VTRS,2024-06-03,3.808997632202052,2413.0,0.0,2553,59975.0,154,0.9155844155844156,0.0,0.0,0,0.0,0.0,0,0.0,0.0,0,12460.0,VTRS240621P00012000,sold
VTRS,2024-07-18,2.2536687631027252,1075.0,0.0,3817,219692.0,407,0.8058968058968059,0.0,0.0,0,0.0,0.0,0,0.0,0.0,0,18400.0,VTRS250117C00010000,sold
VTRS,2024-08-07,8.962962962962964,4356.0,0.0,6958,313082.0,504,0.9543650793650794,97800.0,30000.0,3,63000.0,0.0,1,0.0,0.0,0,63000.0,VTRS240816C00011000,bought
VTRS,2024-08-28,3.843597262952102,1966.0,0.0,2887,338252.0,213,0.9154929577464788,0.0,0.0,0,0.0,0.0,0,0.0,0.0,0,22000.0,VTRS241018C00010000,bought
VTRS,2024-08-30,3.85356811862836,2079.0,0.0,2770,285941.0,257,0.933852140077821,67940.0,0.0,2,0.0,0.0,0,0.0,0.0,0,38485.0,VTRS241018C00010000,bought
VTRS,2024-05-08,16.322505800464036,7035.0,0.0,10726,272442.0,648,0.9089506172839508,0.0,0.0,0,0.0,0.0,0,0.0,0.0,0,20755.0,VTRS240517C00012000,bought
TARS,2024-03-01,109.5,1095.0,0.0,1166,148892.0,161,0.9565217391304348,0.0,0.0,0,0.0,0.0,0,0.0,0.0,0,14420.000000000002,TARS241018C00017500,sold
TARS,2024-02-23,125.5,1255.0,0.0,1255,360125.0,6,1.0,160500.0,198000.0,2,160500.0,198000.0,2,160500.0,198000.0,2,198000.0,TARS240419P00030000,bought
TARA,2026-03-11,7.503703703703704,1013.0,0.0,1023,5778.0,47,0.1489361702127659,0.0,0.0,0,0.0,0.0,0,0.0,0.0,0,1600.0,TARA260320C00007500,mid
RZLT,2025-11-14,22.47619047619047,1416.0,0.0,2818,1216560.0,83,0.891566265060241,733750.0,415000.0,2,733750.0,415000.0,2,733750.0,415000.0,2,733750.0,RZLT260116C00005000,bought
RZLT,2025-11-10,105.38095238095238,6639.0,0.0,9644,1810344.0,248,0.8266129032258065,960000.0,600000.0,3,960000.0,600000.0,3,960000.0,600000.0,3,740000.0,RZLT251219C00012500,bought
RYTM,2025-05-19,110.9,1109.0,0.0,1116,142495.0,106,0.981132075471698,35460.0,0.0,1,0.0,0.0,0,0.0,0.0,0,45540.0,RYTM250620C00065000,mid
RYTM,2025-04-04,67.07692307692308,1308.0,0.0,1336,167083.0,25,0.8,0.0,0.0,0,0.0,0.0,0,0.0,0.0,0,20000.0,RYTM250417C00060000,mid
RYTM,2025-03-25,72.47058823529412,1232.0,0.0,1476,129617.0,17,0.7647058823529411,0.0,37500.0,1,0.0,0.0,0,0.0,0.0,0,41400.0,RYTM250417P00050000,mid
RYTM,2025-01-17,6.931868131868132,1577.0,0.0,1602,395049.0,24,0.875,0.0,362500.0,2,0.0,362500.0,2,0.0,290000.0,1,290000.0,RYTM250221C00055000,sold
RYTM,2024-12-05,22.071428571428573,2163.0,0.0,2265,342091.0,130,0.9615384615384616,0.0,96000.0,1,0.0,96000.0,1,0.0,0.0,0,96000.0,RYTM250117C00065000,sold
RYTM,2024-11-14,64.6923076923077,2523.0,0.0,3669,1840006.0,55,0.9090909090909092,803606.0,821400.0,15,717690.0,783800.0,12,415140.0,733040.0,6,235619.99999999997,RYTM241115C00055000,bought
RYTM,2024-08-16,95.88235294117646,2445.0,0.0,2495,447981.0,49,0.6530612244897959,0.0,423700.0,2,0.0,423700.0,2,0.0,423700.0,2,223000.0,RYTM241018C00050000,sold
RXRX,2026-07-13,2.11037193831267,6979.0,0.0,14548,825145.0,2852,0.9403927068723704,58254.0,60443.99999999999,2,58254.0,60443.99999999999,2,0.0,0.0,0,60443.99999999999,RXRX280121C00004000,sold
RXRX,2026-04-15,3.562396921385377,3240.0,0.0,14655,751994.0,1894,0.8790918690601901,0.0,0.0,0,0.0,0.0,0,0.0,0.0,0,20708.0,RXRX260424C00003500,bought
RXRX,2026-02-23,2.1835641735918743,5912.0,0.0,21746,527220.0,2036,0.8983300589390962,0.0,0.0,0,0.0,0.0,0,0.0,0.0,0,24839.999999999996,RXRX260227C00003500,bought
RXRX,2026-02-13,3.3277580071174375,9351.0,0.0,21181,464054.0,1401,0.8479657387580299,45240.0,0.0,1,0.0,0.0,0,0.0,0.0,0,45240.0,RXRX260313P00003500,sold
RXRX,2025-11-10,2.5599870298313876,7895.0,0.0,21827,954872.0,2529,0.8999604586793198,68670.0,0.0,2,0.0,0.0,0,0.0,0.0,0,42840.0,RXRX251219C00005000,bought
RXRX,2025-09-18,2.783807568201819,4745.0,0.0,20719,1028136.0,2157,0.8711172925359295,0.0,63000.0,1,0.0,63000.0,1,0.0,0.0,0,76500.0,RXRX251219P00007000,mid
RXRX,2025-08-11,2.149529117816644,5592.0,0.0,13498,976074.0,2029,0.9181862986692952,27360.000000000004,64921.0,3,0.0,0.0,0,0.0,0.0,0,35209.0,RXRX270115C00010000,sold
RXRX,2024-11-18,3.2418032786885247,3164.0,0.0,12371,844201.0,1909,0.9465688842325825,30576.0,0.0,1,0.0,0.0,0,0.0,0.0,0,30576.0,RXRX250321C00007000,bought
RVMD,2026-08-17,19.254545454545458,4236.0,0.0,9346,22398164.0,2641,0.8860280196895115,6086234.0,5465252.0,85,5003901.0,5063591.0,37,4839916.0,4493576.0,28,2008000.0,RVMD280121P00200000,bought
RVMD,2026-08-26,8.682634730538922,2175.0,0.0,6336,8986731.0,1655,0.9480362537764352,2235241.0,1203059.0,51,1568996.0,831939.0,22,1135620.0,259350.0,8,300000.0,RVMD260918P00220000,sold
RVNC,2024-02-01,4.556910569105691,1121.0,0.0,2292,112886.0,86,0.8953488372093024,0.0,0.0,0,0.0,0.0,0,0.0,0.0,0,16920.0,RVNC240419P00005000,bought
RVNC,2024-03-05,4.02076124567474,1162.0,0.0,1774,130547.0,166,0.927710843373494,0.0,0.0,0,0.0,0.0,0,0.0,0.0,0,17080.0,RVNC240419P00007500,sold
RVNC,2024-09-23,102.64102564102564,4003.0,0.0,4794,292239.0,935,0.9914438502673796,0.0,0.0,0,0.0,0.0,0,0.0,0.0,0,11250.0,RVNC250117P00005000,sold
RVNC,2024-11-08,21.660633484162897,4787.0,0.0,13941,709601.0,1167,0.92630676949443,0.0,33000.0,1,0.0,0.0,0,0.0,0.0,0,33000.0,RVNC241220P00007500,bought
RZLT,2025-11-25,10.49673202614379,1606.0,0.0,2563,478443.0,379,0.9577836411609498,81165.0,0.0,2,0.0,0.0,0,0.0,0.0,0,46199.99999999999,RZLT251219C00010000,bought
RXRX,2024-01-09,2.0694835680751176,1102.0,0.0,9537,1464874.0,1690,0.9372781065088758,0.0,0.0,0,0.0,0.0,0,0.0,0.0,0,17900.0,RXRX240315C00015000,bought
RXRX,2024-03-14,2.2614095001552315,3642.0,0.0,8917,1166610.0,1004,0.899402390438247,75150.0,159640.0,6,0.0,62000.0,1,0.0,0.0,0,62000.0,RXRX240621C00010000,sold
RXRX,2024-04-29,2.0435693338919148,2439.0,0.0,4072,320961.0,402,0.8830845771144279,25480.0,26000.0,2,0.0,0.0,0,0.0,0.0,0,26000.0,RXRX260116C00005000,sold
RXRX,2024-05-13,10.40692959823074,14117.0,0.0,20378,1874009.0,2109,0.92176386913229,152588.0,216500.0,9,0.0,60000.0,1,0.0,0.0,0,60000.0,RXRX240517C00009000,sold
RXRX,2024-06-24,2.573203883495146,3313.0,0.0,7224,707562.0,981,0.9194699286442406,57585.0,0.0,2,0.0,0.0,0,0.0,0.0,0,32504.999999999996,RXRX240816C00009000,bought
RXRX,2024-10-01,2.623097582811101,1465.0,0.0,3685,222325.0,541,0.8428835489833642,0.0,0.0,0,0.0,0.0,0,0.0,0.0,0,14800.0,RXRX250117P00006000,sold
RXRX,2024-10-16,2.183520599250936,1749.0,0.0,5897,615333.0,746,0.8914209115281502,88300.0,65250.0,4,55000.0,0.0,1,0.0,0.0,0,55000.0,RXRX270115C00010000,bought
RXRX,2024-01-22,2.1819425444596443,1595.0,0.0,3966,330931.0,415,0.9180722891566264,0.0,63020.0,2,0.0,0.0,0,0.0,0.0,0,34020.0,RXRX240315C00012500,sold
RVMD,2026-07-17,4.544303797468355,1436.0,0.0,4118,5296322.0,574,0.9059233449477352,3317961.0,431500.0,9,3264260.0,431500.0,7,3174500.0,344000.0,5,1462500.0,RVMD260821C00160000,bought
RZLT,2026-06-18,59.59090909090909,1311.0,0.0,3524,309293.0,122,0.819672131147541,151404.0,65369.00000000001,4,85800.0,65369.00000000001,2,0.0,0.0,0,85800.0,RZLT260618C00002500,bought
SAGE,2024-03-04,12.106508875739644,1023.0,0.0,3026,172291.0,8,1.0,90000.0,80000.0,2,90000.0,80000.0,2,0.0,0.0,0,90000.0,SAGE240315C00022500,bought
SDGR,2026-08-11,6.3261390887290165,1319.0,0.0,1508,254206.0,109,0.8256880733944955,90218.0,0.0,1,90218.0,0.0,1,0.0,0.0,0,90218.0,SDGR260821C00017500,bought
SDGR,2026-05-19,4.5665236051502145,1064.0,0.0,1123,111657.0,93,0.946236559139785,59920.00000000001,0.0,1,59920.00000000001,0.0,1,0.0,0.0,0,59920.00000000001,SDGR260618C00012500,bought
SDGR,2026-05-18,12.763948497854075,2974.0,0.0,3197,291979.0,283,0.9257950530035336,132400.0,25650.0,4,0.0,0.0,0,0.0,0.0,0,44910.0,SDGR260618C00012500,bought
SDGR,2026-02-26,65.65625,6303.0,0.0,7089,336619.0,352,0.9261363636363636,0.0,65000.0,1,0.0,65000.0,1,0.0,0.0,0,65000.0,SDGR260320C00012500,sold
SDGR,2026-01-30,25.544159544159545,4483.0,0.0,6863,839548.0,317,0.9558359621451104,0.0,32639.999999999996,1,0.0,0.0,0,0.0,0.0,0,32639.999999999996,SDGR261120P00010000,bought
SDGR,2026-01-22,10.660968660968662,1871.0,0.0,2511,323446.0,378,0.9365079365079364,0.0,0.0,0,0.0,0.0,0,0.0,0.0,0,19500.0,SDGR260220C00017500,sold
SDGR,2025-02-26,3.783191230207065,1553.0,0.0,2955,474694.0,579,0.8635578583765112,0.0,0.0,0,0.0,0.0,0,0.0,0.0,0,8310.0,SDGR250321C00020000,sold
SDGR,2025-01-31,3.494880546075086,1536.0,0.0,2157,431523.0,447,0.9485458612975392,26085.000000000004,0.0,1,0.0,0.0,0,0.0,0.0,0,26085.000000000004,SDGR250321C00030000,bought
SDGR,2025-01-30,4.303030303030303,1562.0,0.0,4061,787257.0,641,0.9188767550702028,31680.0,0.0,1,0.0,0.0,0,0.0,0.0,0,31680.0,SDGR250321C00025000,bought
SDGR,2025-01-21,6.225596529284165,1435.0,0.0,2560,371811.0,510,0.9274509803921568,0.0,32400.0,1,0.0,0.0,0,0.0,0.0,0,32400.0,SDGR260116C00025000,sold
SDGR,2024-09-19,7.776536312849162,1392.0,0.0,1646,170853.0,225,0.8577777777777778,0.0,0.0,0,0.0,0.0,0,0.0,0.0,0,20000.0,SDGR250117P00025000,mid
SCPH,2025-10-06,2848.6,28486.0,0.0,55804,10856503.0,236,0.7669491525423728,9919250.0,629000.0,10,9881750.0,603000.0,8,9881750.0,550500.0,7,5456000.0,SCPH251121C00002500,bought
SANA,2026-06-29,44.78260869565217,1545.0,0.0,1771,34815.0,44,0.9545454545454546,0.0,0.0,0,0.0,0.0,0,0.0,0.0,0,22500.0,SANA260821C00005000,bought
SANA,2026-01-13,2.204208885424786,1414.0,0.0,1813,85318.0,142,0.9295774647887324,0.0,0.0,0,0.0,0.0,0,0.0,0.0,0,7800.0,SANA260220C00005000,bought
SANA,2025-12-31,2.331320103537532,1351.0,0.0,1710,82669.0,140,0.9142857142857144,0.0,0.0,0,0.0,0.0,0,0.0,0.0,0,20000.0,SANA260717P00007500,mid
SANA,2025-10-07,9.927710843373497,1236.0,0.0,2561,147838.0,117,0.9230769230769232,65860.0,0.0,2,0.0,0.0,0,0.0,0.0,0,40860.0,SANA251121C00005000,bought
SANA,2025-07-08,5.872246696035242,1333.0,0.0,5658,443364.0,547,0.8647166361974405,40500.0,123875.0,2,0.0,123875.0,1,0.0,123875.0,1,123875.0,SANA250718P00005000,bought
SAGE,2024-04-05,9.472118959107808,1274.0,0.0,2542,270926.0,175,0.9371428571428572,93259.0,0.0,2,65514.0,0.0,1,0.0,0.0,0,65514.0,SAGE240517C00017500,bought
SAGE,2024-05-16,24.379888268156424,6546.0,0.0,6629,1042016.0,92,0.9891304347826086,589519.0,131550.0,11,540025.0,0.0,6,333000.0,0.0,3,114000.0,SAGE240621C00010000,bought
SAGE,2024-06-20,20.496703296703295,4663.0,0.0,9109,1761355.0,131,0.9465648854961832,1330879.0,96226.0,17,1134389.0,0.0,8,990082.0,0.0,6,271950.0,SAGE240719C00007500,bought
SAGE,2024-07-10,3.299382716049383,1069.0,0.0,1122,61291.0,104,0.9519230769230768,0.0,0.0,0,0.0,0.0,0,0.0,0.0,0,4900.0,SAGE240719P00010000,bought
SAGE,2024-08-12,5.758558558558558,1598.0,0.0,9310,1380429.0,76,0.8947368421052632,1124700.0,169950.0,7,1124700.0,103200.0,5,1124700.0,103200.0,5,380900.0,SAGE240920C00005000,bought
SAGE,2025-01-17,37.225806451612904,1154.0,0.0,2478,53816.0,232,0.8362068965517241,0.0,0.0,0,0.0,0.0,0,0.0,0.0,0,14160.0,SAGE250221P00007500,mid
SAGE,2024-01-11,17.91946308724832,1335.0,0.0,3065,2070314.0,135,0.8814814814814815,579878.0,1300758.0,11,510258.0,1183386.0,6,418128.0,1100578.0,4,789048.0,SAGE240216C00017500,sold
SAGE,2025-02-19,7.014245014245014,1231.0,0.0,3074,414649.0,110,0.9454545454545454,352500.0,30000.0,3,352500.0,0.0,2,352500.0,0.0,2,195000.0,SAGE260116C00005000,bought
SAGE,2025-07-10,11.953333333333331,1793.0,0.0,2412,61466.0,96,0.7708333333333334,0.0,0.0,0,0.0,0.0,0,0.0,0.0,0,8970.0,SAGE250815C00007500,bought
SANA,2024-02-21,20.133333333333333,1057.0,0.0,1196,149646.0,103,0.9805825242718448,0.0,71325.0,2,0.0,0.0,0,0.0,0.0,0,37450.0,SANA240315C00007500,sold
SANA,2024-06-10,74.55284552845528,4585.0,0.0,12742,1062197.0,48,0.8541666666666666,120000.0,200000.0,2,120000.0,200000.0,2,120000.0,200000.0,2,680000.0,SANA240719P00007500,mid
SANA,2024-06-18,84.92592592592592,4586.0,0.0,4884,576513.0,194,0.922680412371134,37000.0,253585.0,4,0.0,216730.0,2,0.0,216730.0,2,114010.0,SANA240719P00005000,bought
SANA,2024-06-25,24.678571428571427,1382.0,0.0,2040,217063.0,178,0.898876404494382,0.0,0.0,0,0.0,0.0,0,0.0,0.0,0,19180.0,SANA240719P00005000,bought
SANA,2024-07-17,2.2659176029962547,1210.0,0.0,2028,147309.0,203,0.896551724137931,0.0,0.0,0,0.0,0.0,0,0.0,0.0,0,12005.000000000002,SANA240816P00007500,bought
SAGE,2025-03-17,8.495176848874598,1321.0,0.0,2277,89755.0,53,0.9056603773584906,0.0,0.0,0,0.0,0.0,0,0.0,0.0,0,18045.0,SAGE250321C00007500,bought
SDGR,2026-08-19,10.495495495495495,1165.0,0.0,3918,517653.0,496,0.8770161290322581,116620.0,0.0,2,75150.0,0.0,1,0.0,0.0,0,75150.0,SDGR261218C00022500,bought
RVMD,2026-06-25,13.8236301369863,8073.0,0.0,24823,27888884.0,1694,0.8937426210153483,9709156.0,11722709.0,81,8991463.0,11398331.0,50,8290911.0,10826891.0,31,3090000.0000000005,RVMD260821P00170000,sold
RVMD,2026-05-22,12.522727272727272,2755.0,0.0,12574,11460688.0,850,0.9576470588235294,3710590.0,4445170.0,20,3638510.0,4200080.0,11,3638510.0,3991030.0,8,2001810.0,RVMD260618C00145000,sold
RNA,2025-10-14,2.4816849816849818,1355.0,0.0,2578,1141834.0,818,0.988997555012225,713000.0,0.0,2,713000.0,0.0,2,713000.0,0.0,2,358800.0,RNA260918C00070000,bought
RNA,2025-09-11,5.669745958429561,7365.0,0.0,14931,2757730.0,1634,0.9277845777233782,426650.0,185440.0,15,171680.0,0.0,3,0.0,0.0,0,61020.00000000001,RNA251017C00045000,bought
RNA,2025-08-29,8.420454545454545,6669.0,0.0,6898,2425156.0,284,0.9788732394366196,122967.0,1785000.0,4,97920.0,1785000.0,3,0.0,1785000.0,2,987000.0,RNA250919C00050000,sold
RNA,2025-08-19,7.807427785419533,2838.0,0.0,6742,1589084.0,682,0.9486803519061584,290972.0,84436.0,8,263972.0,50596.0,6,0.0,0.0,0,57000.0,RNA250919C00048000,bought
RNA,2025-08-13,5.281596452328159,1191.0,0.0,3955,1816996.0,493,0.95131845841785,308276.0,225817.0,10,190400.0,116892.0,4,113400.0,0.0,1,113400.0,RNA251219C00030000,bought
RNA,2025-07-23,27.458823529411763,1167.0,0.0,2037,521221.0,393,0.8524173027989822,0.0,155809.0,4,0.0,0.0,0,0.0,0.0,0,39100.0,RNA250919C00035000,sold
RNA,2025-06-04,155.82222222222222,3506.0,0.0,8153,1284663.0,199,0.964824120603015,429520.0,520000.0,11,208000.0,520000.0,5,0.0,520000.0,1,520000.0,RNA250620P00030000,bought
RNA,2025-05-19,222.94545454545457,6131.0,0.0,10155,1591489.0,264,0.9962121212121212,506089.99999999994,555000.0,2,506089.99999999994,555000.0,2,506089.99999999994,555000.0,2,555000.0,RNA250620P00025000,bought
RNA,2025-03-13,200.0,2000.0,0.0,4062,1287888.0,31,0.8387096774193549,0.0,980000.0,1,0.0,980000.0,1,0.0,980000.0,1,980000.0,RNA250417P00033000,bought
RNA,2024-02-21,143.06849315068493,5222.0,0.0,10943,1119014.0,230,0.9130434782608696,0.0,789280.0,1,0.0,789280.0,1,0.0,789280.0,1,789280.0,RNA240315C00015000,sold
RLMD,2026-05-04,22.149425287356323,1927.0,0.0,1945,79244.0,931,0.6584317937701396,0.0,0.0,0,0.0,0.0,0,0.0,0.0,0,4400.0,RLMD260515C00007500,sold
RLAY,2026-06-02,12.051282051282053,6345.0,0.0,9721,3167363.0,2032,0.9212598425196852,1593750.0,49401.0,8,1400000.0,0.0,1,1400000.0,0.0,1,1400000.0,RLAY260618C00013000,bought
RLAY,2026-05-22,8.007220216606498,1109.0,0.0,2871,463200.0,478,0.9205020920502092,32000.0,0.0,1,0.0,0.0,0,0.0,0.0,0,32000.0,RLAY260918C00013000,bought
RLAY,2026-05-19,72.62100456621005,7952.0,0.0,8582,1021985.0,1191,0.9303106633081444,82080.0,156025.0,5,82080.0,0.0,1,0.0,0.0,0,82080.0,RLAY260618C00013000,bought
RLAY,2025-11-14,134.6315789473684,5116.0,0.0,5191,143020.0,61,0.9672131147540984,0.0,130928.0,2,0.0,130928.0,2,0.0,0.0,0,66668.0,RLAY251219C00007500,sold
RLAY,2025-11-04,118.86363636363636,5230.0,0.0,5230,286950.0,4,0.75,0.0,0.0,0,0.0,0.0,0,0.0,0.0,0,275000.0,RLAY251219C00007500,mid
RLAY,2025-01-21,13.4188376753507,3348.0,0.0,3353,98215.0,91,0.912087912087912,0.0,0.0,0,0.0,0.0,0,0.0,0.0,0,13979.999999999998,RLAY250221C00005000,sold
RCUS,2026-04-21,30.5,1586.0,0.0,1734,133346.0,145,0.9655172413793104,0.0,0.0,0,0.0,0.0,0,0.0,0.0,0,10300.0,RCUS260717C00030000,bought
RDY,2026-01-22,770.9,7709.0,0.0,7746,359376.0,117,0.8888888888888888,265300.0,0.0,5,191000.0,0.0,3,0.0,0.0,0,90000.0,RDY260320C00015000,bought
RDY,2026-05-12,249.1,2491.0,0.0,2491,563863.0,62,0.967741935483871,0.0,396000.0,5,0.0,327000.0,3,0.0,232500.0,2,122500.0,RDY260515P00015000,bought
REGN,2025-01-16,32.64,1224.0,0.0,6707,71258277.0,615,0.943089430894309,49224560.0,17205150.0,65,49048790.0,16880510.0,52,48875940.0,16880510.0,50,5689800.0,REGN250117P00800000,sold
REPL,2025-07-29,2.6597222222222223,2298.0,0.0,21724,1328645.0,1201,0.8301415487094088,204311.0,0.0,3,154462.0,0.0,2,0.0,0.0,0,93000.0,REPL250815P00012500,sold
REPL,2025-12-15,98.14634146341464,2012.0,0.0,2366,69354.0,70,0.6857142857142857,0.0,0.0,0,0.0,0.0,0,0.0,0.0,0,30000.0,REPL251219P00009000,mid
RNA,2025-11-03,3.4758220502901356,1797.0,0.0,2879,903144.0,488,0.5040983606557377,56016.0,0.0,2,0.0,0.0,0,0.0,0.0,0,30000.0,RNA260918C00050000,bought
REPL,2026-03-24,22.6,2486.0,0.0,4782,1027770.0,907,0.6968026460859978,165660.0,203815.0,12,0.0,0.0,0,0.0,0.0,0,47160.0,REPL260417P00006000,sold
REPL,2026-04-08,6.202247191011236,1656.0,0.0,29261,3264322.0,2569,0.904632152588556,164750.0,321980.0,10,54250.0,150000.0,2,0.0,150000.0,1,210000.0,REPL260417C00015000,mid
RGEN,2024-03-25,169.33333333333334,2032.0,0.0,2074,955210.0,128,0.9765625,0.0,749300.0,2,0.0,749300.0,2,0.0,693440.0,1,693440.0,RGEN240517C00210000,sold
RGLS,2025-06-16,12.641221374045802,1656.0,0.0,2295,19343.0,74,0.6756756756756757,0.0,0.0,0,0.0,0.0,0,0.0,0.0,0,2500.0,RGLS250815C00007000,bought
RGNX,2026-05-21,7.688212927756654,1011.0,0.0,1280,67752.0,64,0.859375,0.0,0.0,0,0.0,0.0,0,0.0,0.0,0,55000.0,RGNX260717C00007000,mid
RLAY,2024-10-30,121.58823529411764,2067.0,0.0,2069,50269.0,13,0.8461538461538461,0.0,0.0,0,0.0,0.0,0,0.0,0.0,0,19980.0,RLAY241220P00005000,bought
RLAY,2025-01-10,4.793926247288503,1105.0,0.0,1767,69414.0,179,0.8603351955307262,0.0,0.0,0,0.0,0.0,0,0.0,0.0,0,7500.0,RLAY250117C00005000,bought
REPL,2026-04-06,8.32712215320911,2011.0,0.0,16044,2669462.0,1933,0.8453181583031557,494200.0,185581.0,8,465000.0,54924.0,3,465000.0,0.0,2,350000.0,REPL260417C00008000,bought
RVMD,2026-06-02,27.2,5984.0,0.0,15879,12106000.0,1598,0.9167709637046308,4244942.0,3657596.0,47,3938288.0,3211002.0,25,3376562.0,2887752.0,12,1207381.0,RVMD260717C00165000,bought
RNA,2025-12-01,5.346020761245675,1545.0,0.0,1757,46275.0,101,0.6633663366336634,0.0,0.0,0,0.0,0.0,0,0.0,0.0,0,11450.0,RNA280121P00070000,sold
RNA,2026-01-20,46.6,1398.0,0.0,1619,30790.0,166,0.7710843373493976,0.0,0.0,0,0.0,0.0,0,0.0,0.0,0,1750.0,RNA260320C00055000,sold
RVMD,2026-03-31,2.661870503597122,1295.0,0.0,2335,1337093.0,517,0.9458413926499032,0.0,312392.0,4,0.0,210000.0,1,0.0,210000.0,1,210000.0,RVMD260618P00095000,bought
RVMD,2026-03-17,9.001557632398754,5779.0,0.0,12746,7783312.0,702,0.9529914529914528,4926559.0,190193.0,26,4500000.0,0.0,8,4350000.0,0.0,5,2800000.0,RVMD260417C00105000,bought
RVMD,2026-01-14,23.070631970260223,3103.0,0.0,11744,14692997.0,1521,0.9276791584483892,4114717.0,8117526.0,32,3740730.0,7756290.0,9,3446590.0,7756290.0,5,6778250.0,RVMD260417C00050000,sold
RVMD,2024-12-19,12.905263157894735,1226.0,0.0,1469,297760.0,62,0.9516129032258064,170000.0,0.0,1,170000.0,0.0,1,170000.0,0.0,1,170000.0,RVMD250117P00043000,sold
RPRX,2026-01-08,27.39130434782609,2520.0,0.0,3466,686388.0,53,0.7924528301886793,0.0,638396.0,4,0.0,638396.0,4,0.0,558396.0,3,190000.0,RPRX260116C00040000,sold
RPRX,2026-01-06,13.123456790123456,1063.0,0.0,1389,208829.0,113,0.9203539823008848,58000.0,0.0,1,58000.0,0.0,1,0.0,0.0,0,58000.0,RPRX260116C00040000,bought
RPRX,2025-08-15,51.79487179487179,1010.0,0.0,1022,64975.0,48,0.875,0.0,0.0,0,0.0,0.0,0,0.0,0.0,0,9295.0,RPRX251017P00035000,sold
RPRX,2025-04-01,6.041558441558442,1163.0,0.0,1406,250103.0,74,0.9864864864864864,70000.0,100000.0,2,70000.0,100000.0,2,0.0,100000.0,1,100000.0,RPRX250417P00032500,bought
RPRX,2025-03-25,51.291666666666664,3693.0,0.0,4891,370706.0,221,0.8778280542986425,52320.00000000001,0.0,1,52320.00000000001,0.0,1,0.0,0.0,0,52320.00000000001,RPRX250417P00032500,sold
RPRX,2024-02-13,3.984709480122324,1303.0,0.0,1347,99163.0,92,0.9565217391304348,0.0,0.0,0,0.0,0.0,0,0.0,0.0,0,13760.0,RPRX240315P00025000,bought
ROIV,2026-05-20,255.8,2558.0,0.0,9657,1355985.0,424,0.929245283018868,250000.0,458100.0,3,250000.0,410000.0,2,250000.0,410000.0,2,410000.0,ROIV260821C00033000,sold
ROIV,2025-09-24,99.67591240875912,34139.0,0.0,64789,9882749.0,167,0.934131736526946,1889528.0,7884408.0,8,1889528.0,7884408.0,8,1889528.0,7826610.0,7,3693150.0,ROIV251017C00012000,sold
ROIV,2025-09-09,39.674740484429066,11466.0,0.0,30431,2632278.0,490,0.9,743885.0,1279760.0,7,716760.0,1205000.0,4,716760.0,1125000.0,3,1125000.0,ROIV251017C00012000,sold
ROIV,2025-06-18,43.95555555555555,1978.0,0.0,2645,92766.0,117,0.7521367521367521,0.0,0.0,0,0.0,0.0,0,0.0,0.0,0,19000.0,ROIV260116P00012500,bought
ROIV,2025-05-29,57.21621621621622,2117.0,0.0,2442,62801.0,105,0.8380952380952381,0.0,0.0,0,0.0,0.0,0,0.0,0.0,0,9000.0,ROIV250620P00010000,mid
ROIV,2024-12-19,24.069868995633183,2756.0,0.0,2837,60444.0,54,0.5555555555555556,0.0,0.0,0,0.0,0.0,0,0.0,0.0,0,37500.0,ROIV250117C00012500,mid
ROIV,2024-12-13,33.303030303030305,7693.0,0.0,7898,117941.0,37,0.6756756756756757,45180.0,45190.0,2,0.0,0.0,0,0.0,0.0,0,45190.0,ROIV241220C00012000,sold
ROIV,2024-03-04,3.789203084832905,2211.0,0.0,2318,331179.0,82,0.926829268292683,304000.0,0.0,1,304000.0,0.0,1,304000.0,0.0,1,304000.0,ROIV240315C00010000,bought
ROIV,2024-03-14,2.555466879489226,1601.0,0.0,2570,192933.0,133,0.9097744360902256,0.0,0.0,0,0.0,0.0,0,0.0,0.0,0,16239.999999999998,ROIV240517P00010000,sold
ROIV,2024-04-01,7.120961682945154,4739.0,0.0,6894,190311.0,224,0.8303571428571429,0.0,0.0,0,0.0,0.0,0,0.0,0.0,0,24360.0,ROIV240419C00014000,mid
ROIV,2024-04-04,2.5401129943502827,2248.0,0.0,3868,196411.0,165,0.8,33600.0,0.0,1,0.0,0.0,0,0.0,0.0,0,48000.0,ROIV240517C00011000,mid
ROIV,2024-04-09,2.27926267281106,2473.0,0.0,2505,95344.0,109,0.926605504587156,0.0,40000.0,1,0.0,0.0,0,0.0,0.0,0,40000.0,ROIV240517C00012500,sold
ROIV,2024-04-16,2.0795454545454546,1098.0,0.0,1401,75327.0,126,0.8968253968253969,0.0,0.0,0,0.0,0.0,0,0.0,0.0,0,24480.0,ROIV241115P00016000,sold
RNA,2025-12-11,12.382417582417585,5634.0,0.0,6157,224577.0,122,0.7295081967213115,0.0,0.0,0,0.0,0.0,0,0.0,0.0,0,12074.999999999998,RNA260116P00065000,sold
ROIV,2024-05-14,3.4614173228346456,1099.0,0.0,2145,173682.0,87,0.9080459770114944,0.0,26500.0,1,0.0,0.0,0,0.0,0.0,0,26500.0,ROIV250117C00012500,sold
ROIV,2024-08-29,18.25736095965103,8371.0,0.0,8320,86660.0,92,0.8478260869565217,0.0,0.0,0,0.0,0.0,0,0.0,0.0,0,20000.0,ROIV240920P00010000,mid
ROIV,2024-09-23,3.7068516912402423,2137.0,0.0,2189,80255.0,51,0.8235294117647058,0.0,0.0,0,0.0,0.0,0,0.0,0.0,0,69930.0,ROIV241018C00012000,mid
ROIV,2024-09-24,15.960104076322637,9201.0,0.0,10106,319332.0,395,0.9291139240506328,130000.0,0.0,1,130000.0,0.0,1,130000.0,0.0,1,130000.0,ROIV241018C00012000,bought
ROIV,2024-11-04,22.218487394957982,1322.0,0.0,1548,48869.0,59,1.0,0.0,0.0,0,0.0,0.0,0,0.0,0.0,0,13529.999999999998,ROIV241220P00011000,sold
ROIV,2024-11-06,20.8411214953271,1115.0,0.0,1260,12759.0,81,0.4567901234567901,0.0,0.0,0,0.0,0.0,0,0.0,0.0,0,1560.0,ROIV260116C00012500,bought
ROIV,2024-11-08,122.01869158878505,6528.0,0.0,7075,63088.0,136,0.7941176470588235,0.0,0.0,0,0.0,0.0,0,0.0,0.0,0,23515.0,ROIV241115P00011000,mid
ROIV,2024-06-24,11.181347150259068,1079.0,0.0,1515,36731.0,65,0.7538461538461538,0.0,0.0,0,0.0,0.0,0,0.0,0.0,0,9970.0,ROIV240719C00012000,bought
SDGR,2026-10-02,4.240816326530612,1039.0,0.0,8077,2640062.0,1989,0.8893916540975364,164750.0,262840.0,8,0.0,191370.0,2,0.0,129000.0,1,129000.0,SDGR261120C00032500,sold
SGMT,2026-09-24,30.24561403508772,2586.0,0.0,3531,522308.0,214,0.9579439252336448,251300.0,128215.0,7,203300.0,56700.0,4,0.0,0.0,0,85500.0,SGMT261016P00010000,sold
SIGA,2024-08-22,7.775947281713345,2360.0,0.0,5674,541169.0,813,0.9372693726937268,0.0,34375.0,1,0.0,0.0,0,0.0,0.0,0,34375.0,SIGA240920C00009400,sold
SRPT,2025-11-21,2.6802721088435373,1379.0,0.0,8433,1026647.0,835,0.8,317260.0,161700.0,5,317260.0,161700.0,5,210800.0,102900.0,2,210800.0,SRPT251219C00020000,bought
SRPT,2025-11-06,3.483211678832117,1193.0,0.0,9869,9436164.0,1171,0.8633646456020495,5663200.0,2914000.0,17,5663200.0,2914000.0,17,5459150.0,2772000.0,12,1201500.0,SRPT251121P00045000,sold
SRPT,2025-01-21,95.66666666666669,1148.0,0.0,2527,719260.0,217,0.9400921658986175,42729.99999999999,409120.0,8,0.0,323100.0,4,0.0,120000.0,1,120000.0,SRPT250321C00135000,sold
SRPT,2024-07-29,100.8,1008.0,0.0,3211,904676.0,1088,0.9365808823529412,104200.0,26980.0,3,79200.00000000001,0.0,1,0.0,0.0,0,79200.00000000001,SRPT240830P00150000,sold
SRPT,2024-05-14,33.84375,1083.0,0.0,3312,1878783.0,986,0.9655172413793104,0.0,30600.0,1,0.0,0.0,0,0.0,0.0,0,30600.0,SRPT240517C00144000,sold
SPRY,2026-07-29,29.446540880503143,2341.0,0.0,2418,84160.0,71,0.943661971830986,0.0,0.0,0,0.0,0.0,0,0.0,0.0,0,6400.0,SPRY260918C00007500,mid
SPRY,2026-05-04,14.558375634517766,1434.0,0.0,1562,221884.0,78,0.9743589743589745,0.0,32564.999999999996,1,0.0,0.0,0,0.0,0.0,0,32564.999999999996,SPRY260618C00007500,sold
SPRY,2026-01-09,22.87958115183246,2185.0,0.0,4361,533907.0,310,0.8935483870967742,0.0,28859.999999999996,1,0.0,0.0,0,0.0,0.0,0,28859.999999999996,SPRY260220C00012500,sold
SPRY,2025-10-20,5.314159292035399,1201.0,0.0,2052,103818.0,73,0.9315068493150684,0.0,37765.0,1,0.0,0.0,0,0.0,0.0,0,37765.0,SPRY251121C00012500,sold
SPRY,2025-09-25,21.340314136125656,2038.0,0.0,2122,275197.0,56,0.9285714285714286,199935.0,0.0,1,199935.0,0.0,1,199935.0,0.0,1,199935.0,SPRY251121C00010000,bought
SPRY,2025-09-24,19.72327044025157,1568.0,0.0,1793,228091.0,69,0.8840579710144928,0.0,0.0,0,0.0,0.0,0,0.0,0.0,0,13500.0,SPRY251121C00010000,sold
SPRY,2025-08-01,18.3125,1465.0,0.0,1479,199362.0,449,0.9487750556792872,0.0,0.0,0,0.0,0.0,0,0.0,0.0,0,7000.0,SPRY250919C00015000,sold
SPRY,2025-07-29,28.74,1437.0,0.0,1606,176128.0,425,0.8282352941176471,0.0,0.0,0,0.0,0.0,0,0.0,0.0,0,10500.0,SPRY250815C00017500,sold
SPRY,2025-05-07,10.758620689655173,1092.0,0.0,1127,60160.0,19,1.0,25000.0,27500.0,2,0.0,0.0,0,0.0,0.0,0,27500.0,SPRY250516P00012500,bought
SNY,2026-07-29,8.878787878787879,2344.0,0.0,8629,927177.0,402,0.900497512437811,105367.0,263880.0,4,0.0,263880.0,1,0.0,263880.0,1,263880.0,SNY260821P00045000,bought
SNY,2026-07-20,4.520599250936329,1207.0,0.0,3170,586571.0,458,0.9519650655021834,0.0,262490.0,4,0.0,262490.0,4,0.0,0.0,0,76800.0,SNY260821C00042500,sold
SNY,2026-07-17,8.392857142857142,1880.0,0.0,2999,1100380.0,675,0.7718518518518519,67455.0,0.0,2,0.0,0.0,0,0.0,0.0,0,36925.0,SNY260717C00042500,bought
SNY,2025-06-16,17.42142857142857,2439.0,0.0,7009,395543.0,191,0.8534031413612565,248553.0,0.0,3,211053.0,0.0,2,157003.0,0.0,1,157003.0,SNY260116C00060000,bought
SNY,2025-08-06,99.04901960784314,10103.0,0.0,20817,699462.0,127,0.889763779527559,0.0,100000.0,1,0.0,100000.0,1,0.0,100000.0,1,550000.0,SNY250815C00047500,mid
SNY,2025-08-26,2.018716577540107,1510.0,0.0,2712,375524.0,352,0.9147727272727272,29000.0,0.0,1,0.0,0.0,0,0.0,0.0,0,29000.0,SNY260618P00052500,sold
SNY,2025-09-19,4.178272980501393,2250.0,0.0,3119,428444.0,467,0.8907922912205567,38070.0,0.0,1,0.0,0.0,0,0.0,0.0,0,38070.0,SNY280121P00050000,sold
SNY,2025-11-04,11.2465483234714,2851.0,0.0,4246,774690.0,666,0.9894894894894894,0.0,157875.0,1,0.0,157875.0,1,0.0,157875.0,1,157875.0,SNY251121P00047500,bought
SNY,2025-12-08,84.64765100671141,25225.0,0.0,40694,7109383.0,172,0.8430232558139535,5224000.0,0.0,3,5224000.0,0.0,3,5224000.0,0.0,3,2338100.0,SNY260116P00050000,sold
SRPT,2025-11-25,4.065735414954807,2474.0,0.0,6784,2914588.0,882,0.9036281179138322,1928369.0,52324.0,7,1790000.0,52324.0,3,1790000.0,0.0,2,1020000.0,SRPT260116P00060000,sold
SNY,2026-01-08,12.445414847161572,2850.0,0.0,3065,161780.0,141,0.950354609929078,32895.0,0.0,1,0.0,0.0,0,0.0,0.0,0,32895.0,SNY260116C00050000,bought
SNY,2026-01-12,20.66812227074236,4733.0,0.0,6485,394133.0,322,0.8633540372670807,0.0,32740.000000000004,1,0.0,0.0,0,0.0,0.0,0,32740.000000000004,SNY260116C00050000,sold
SNY,2026-02-13,5.233954451345756,1264.0,0.0,3372,538118.0,260,0.8961538461538462,118195.0,195000.0,4,70000.0,195000.0,3,0.0,125000.0,1,125000.0,SNY260320C00047500,sold
SNY,2026-03-17,6.852941176470588,1398.0,0.0,1834,120420.0,180,0.6944444444444444,0.0,0.0,0,0.0,0.0,0,0.0,0.0,0,13490.0,SNY260918C00052500,bought
SNY,2026-04-23,10.506849315068491,2301.0,0.0,3576,796728.0,427,0.892271662763466,56586.0,0.0,2,0.0,0.0,0,0.0,0.0,0,32000.0,SNY260618C00047500,mid
SNY,2026-05-01,37.90055248618785,6860.0,0.0,18597,7828131.0,441,0.9297052154195012,5616950.0,1248670.0,66,5386800.0,583170.0,42,4212000.0,460800.0,25,241200.0,SNY260618C00040000,sold
SNY,2026-07-10,4.578640776699029,1179.0,0.0,4212,911908.5,352,0.7471590909090909,88776.0,237205.5,7,0.0,237205.5,4,0.0,0.0,0,71395.0,SNY260717C00042500,sold
SNY,2026-01-09,5.829694323144105,1335.0,0.0,3008,452761.0,253,0.9130434782608696,0.0,0.0,0,0.0,0.0,0,0.0,0.0,0,22800.0,SNY260116C00047500,bought
SNY,2025-04-04,10.069651741293532,1012.0,0.0,4110,981754.0,210,0.961904761904762,0.0,505000.0,3,0.0,505000.0,3,0.0,443000.0,2,293000.0,SNY250417P00055000,bought
SRPT,2025-12-03,4.01137171286425,2822.0,0.0,9873,1913176.0,1123,0.8762243989314337,188345.0,793480.0,10,0.0,724000.0,3,0.0,650000.0,2,420000.0,SRPT251219C00017500,sold
SRPT,2026-04-13,13.31764705882353,1132.0,0.0,5027,1086365.0,684,0.8114035087719298,0.0,278460.0,3,0.0,204960.0,1,0.0,204960.0,1,204960.0,SRPT270115P00055000,bought
TARA,2025-12-10,117.3,1173.0,0.0,1223,90845.0,44,0.9090909090909092,0.0,0.0,0,0.0,0.0,0,0.0,0.0,0,13050.0,TARA251219C00005000,sold
TAK,2026-01-05,188.8,1888.0,0.0,1941,38056.0,112,0.3125,0.0,0.0,0,0.0,0.0,0,0.0,0.0,0,5100.0,TAK260116C00015000,sold
TAK,2025-12-18,171.0,1710.0,0.0,1818,65388.0,132,0.7121212121212122,0.0,0.0,0,0.0,0.0,0,0.0,0.0,0,4759.999999999999,TAK260116C00012500,bought
TAK,2025-10-28,179.03703703703704,2417.0,0.0,2445,72145.0,88,0.9431818181818182,31500.0,0.0,1,0.0,0.0,0,0.0,0.0,0,31500.0,TAK251121C00015000,bought
TAK,2025-10-27,207.4814814814815,2801.0,0.0,2812,71477.0,207,0.9371980676328504,0.0,0.0,0,0.0,0.0,0,0.0,0.0,0,7500.0,TAK251121C00015000,mid
TAK,2025-09-08,16.57894736842105,1260.0,0.0,1439,58635.0,153,0.673202614379085,0.0,0.0,0,0.0,0.0,0,0.0,0.0,0,8000.0,TAK250919C00015000,bought
TAK,2025-09-04,61.92941176470588,2632.0,0.0,2707,54546.0,20,0.85,0.0,0.0,0,0.0,0.0,0,0.0,0.0,0,9820.0,TAK250919P00015000,sold
TAK,2024-09-16,199.1,1991.0,0.0,1994,20457.0,86,0.1162790697674418,0.0,0.0,0,0.0,0.0,0,0.0,0.0,0,5860.0,TAK241018C00017500,mid
SWTX,2025-06-16,168.1,1681.0,0.0,7161,43364.0,753,0.1673306772908366,0.0,0.0,0,0.0,0.0,0,0.0,0.0,0,2500.0,SWTX250718C00050000,mid
SWTX,2025-01-21,3.003264417845484,1380.0,0.0,1782,599323.0,307,0.9381107491856676,60300.0,51700.0,3,0.0,51700.0,1,0.0,0.0,0,59850.0,SWTX250221C00040000,mid
SWTX,2025-01-13,9.38150289017341,1623.0,0.0,2907,734006.0,402,0.9402985074626866,162080.0,0.0,4,67000.0,0.0,1,0.0,0.0,0,67000.0,SWTX250221C00040000,bought
SWTX,2024-02-13,20.32748538011696,3476.0,0.0,3793,1370187.0,328,0.975609756097561,158380.0,227431.0,10,0.0,0.0,0,0.0,0.0,0,49400.0,SWTX240315C00055000,bought
SVRA,2026-07-20,33.64935064935065,2591.0,0.0,3734,315756.0,626,0.8945686900958466,27000.0,0.0,1,0.0,0.0,0,0.0,0.0,0,27000.0,SVRA260821C00006000,bought
SVRA,2025-12-08,8.697802197802197,1583.0,0.0,1730,240802.0,29,0.9310344827586208,0.0,138000.0,1,0.0,138000.0,1,0.0,138000.0,1,138000.0,SVRA251219C00005000,sold
SUPN,2026-02-24,144.8,1448.0,0.0,2166,594535.0,131,0.9618320610687024,450000.0,0.0,2,450000.0,0.0,2,360000.0,0.0,1,360000.0,SUPN260320C00050000,bought
STOK,2025-11-21,80.488,10061.0,0.0,10103,3686648.0,48,0.7083333333333334,2015000.0,1640000.0,2,2015000.0,1640000.0,2,2015000.0,1640000.0,2,2015000.0,STOK251121C00025000,bought
STOK,2025-09-17,39.84920634920635,5021.0,0.0,10126,5014195.0,18,0.7222222222222222,4050000.0,936190.0,3,4050000.0,900000.0,2,4050000.0,900000.0,2,4050000.0,STOK250919C00015000,bought
SRPT,2026-08-27,9.953333333333331,1493.0,0.0,15182,1931227.0,2552,0.9000783699059561,226680.0,27550.0,4,165000.0,0.0,1,165000.0,0.0,1,165000.0,SRPT270219P00015000,sold
SRRK,2024-11-12,254.140350877193,7243.0,0.0,9841,883071.0,307,0.9153094462540716,645000.0,0.0,2,645000.0,0.0,2,645000.0,0.0,2,480000.0,SRRK241220C00030000,bought
SRRK,2024-11-19,18.90909090909091,1144.0,0.0,3131,483147.0,82,0.926829268292683,378768.0,41958.0,3,378768.0,0.0,2,378768.0,0.0,2,231767.99999999997,SRRK250117C00030000,bought
SRRK,2025-01-17,20.431192660550455,2227.0,0.0,2396,811544.0,384,0.9505208333333334,0.0,52924.0,1,0.0,52924.0,1,0.0,0.0,0,52924.0,SRRK250321C00050000,sold
SRRK,2025-04-16,142.44444444444446,3205.0,0.0,7644,730886.0,810,0.5493827160493827,132300.0,0.0,1,132300.0,0.0,1,132300.0,0.0,1,132300.0,SRRK250516C00035000,bought
SRRK,2025-07-23,4.642857142857143,1040.0,0.0,1140,119837.0,92,0.9239130434782608,0.0,0.0,0,0.0,0.0,0,0.0,0.0,0,15000.0,SRRK250815P00030000,mid
SRPT,2026-02-24,32.55696202531646,1286.0,0.0,3443,424210.0,747,0.8982597054886211,0.0,0.0,0,0.0,0.0,0,0.0,0.0,0,19685.0,SRPT260320C00020000,sold
SRRK,2025-09-05,3.7091503267973858,1135.0,0.0,3806,924430.0,332,0.9548192771084336,348500.0,270000.0,5,306000.0,229500.0,3,306000.0,229500.0,3,229500.0,SRRK251219P00025000,bought
SRRK,2025-10-13,5.666328394560584,13959.0,0.0,17141,4864704.0,1329,0.962377727614748,2637342.0,913412.0,11,2552352.0,878412.0,8,2420000.0,802300.0,5,2057000.0,SRRK251017P00035000,sold
SRRK,2026-01-16,18.98429319371728,1813.0,0.0,1879,432930.0,212,0.8018867924528302,111500.0,57750.0,4,53500.0,57750.0,2,0.0,0.0,0,57750.0,SRRK260116C00045000,sold
SRRK,2026-03-24,7.805243445692884,1042.0,0.0,1567,387578.0,20,1.0,277500.0,87500.0,3,277500.0,87500.0,3,182500.0,0.0,1,182500.0,SRRK260515C00045000,bought
SRRK,2026-08-26,52.39622641509434,5554.0,0.0,5922,1883455.0,239,0.895397489539749,1460600.0,0.0,3,1460600.0,0.0,3,1400000.0,0.0,2,1050000.0,SRRK260918C00060000,bought
STOK,2024-12-20,100.2,1002.0,0.0,1006,71375.0,120,1.0,0.0,0.0,0,0.0,0.0,0,0.0,0.0,0,2080.0,STOK241220P00012500,bought
STOK,2025-08-06,96.32911392405065,3805.0,0.0,3828,338623.0,491,0.9287169042769856,0.0,0.0,0,0.0,0.0,0,0.0,0.0,0,10000.0,STOK250919C00015000,bought
SRRK,2025-10-01,2.209133367929424,4257.0,0.0,4422,1446868.0,370,0.9405405405405406,0.0,770000.0,2,0.0,770000.0,2,0.0,770000.0,2,540000.0,SRRK251017C00030000,sold
SNY,2025-01-15,19.738636363636363,1737.0,0.0,2725,143205.0,98,0.8367346938775511,0.0,26052.0,1,0.0,0.0,0,0.0,0.0,0,26052.0,SNY250221C00052500,sold
SNY,2024-09-24,12.498876404494382,2781.0,0.0,5628,486427.0,74,1.0,64800.0,340200.0,6,0.0,306000.0,3,0.0,207000.0,2,103500.0,SNY241018P00057500,bought
SNY,2024-09-20,9.99092970521542,2203.0,0.0,3707,460553.0,571,0.9737302977232924,0.0,31350.0,1,0.0,0.0,0,0.0,0.0,0,31350.0,SNY240920C00055000,sold
SMMT,2025-03-21,6.189933523266856,3259.0,0.0,4710,485249.0,548,0.8266423357664233,42500.0,33750.0,2,0.0,0.0,0,0.0,0.0,0,42500.0,SMMT270115P00020000,sold
SMMT,2025-02-19,21.189655172413794,1229.0,0.0,4909,686448.0,782,0.9718670076726342,56250.0,0.0,1,56250.0,0.0,1,0.0,0.0,0,56250.0,SMMT250228C00024000,bought
SMMT,2024-12-05,19.35135135135135,1074.0,0.0,2299,415823.5,305,0.9114754098360656,128520.0,0.0,4,0.0,0.0,0,0.0,0.0,0,39520.0,SMMT250117P00015000,sold
SMMT,2024-07-26,27.20930232558139,6435.0,0.0,11118,2537411.0,498,0.9457831325301204,338050.0,1219100.0,11,169800.0,1193260.0,6,114800.0,1057500.0,3,675000.0,SMMT240920P00010000,bought
SMMT,2024-06-10,2.693266832917706,1080.0,0.0,2825,180222.0,200,0.925,29639.999999999996,0.0,1,0.0,0.0,0,0.0,0.0,0,29639.999999999996,SMMT240719P00007000,sold
SMMT,2024-05-28,6.855397148676171,1683.0,0.0,6691,294693.0,404,0.8564356435643564,61280.0,0.0,2,0.0,0.0,0,0.0,0.0,0,32000.0,SMMT240621C00003000,bought
SMMT,2024-05-23,8.207674943566591,1818.0,0.0,2459,121558.0,72,0.9861111111111112,0.0,0.0,0,0.0,0.0,0,0.0,0.0,0,17500.0,SMMT240621C00006000,bought
SMMT,2024-02-26,11.41132075471698,1512.0,0.0,1540,26995.0,59,0.9491525423728814,0.0,0.0,0,0.0,0.0,0,0.0,0.0,0,8990.0,SMMT240315C00005000,bought
SLS,2026-02-27,3.1699939503932244,5240.0,0.0,64455,8823764.0,2905,0.8853700516351118,3341144.0,1511000.0,71,2509073.0,1040585.0,34,1458838.0,617864.9999999999,12,331499.99999999994,SLS280121C00005000,sold
SLS,2026-02-17,3.386696730552424,3004.0,0.0,19725,1934524.0,1358,0.8460972017673049,45000.0,0.0,1,0.0,0.0,0,0.0,0.0,0,45000.0,SLS280121C00003500,bought
SLS,2026-02-11,2.467515070328198,1842.0,0.0,9790,952141.0,1099,0.8343949044585988,169610.0,40000.0,4,90610.0,0.0,1,0.0,0.0,0,90610.0,SLS270115C00004000,bought
SLRN,2024-04-18,21.978021978021975,1000.0,0.0,1146,8617.0,30,0.2666666666666666,0.0,0.0,0,0.0,0.0,0,0.0,0.0,0,3675.0,SLRN241115C00005000,sold
SLRN,2024-02-14,6.316076294277929,1159.0,0.0,1579,99699.0,164,0.725609756097561,33640.0,30160.000000000004,2,0.0,0.0,0,0.0,0.0,0,33640.0,SLRN240315C00007500,bought
SLRN,2024-01-26,15.51851851851852,2095.0,0.0,2126,212057.0,650,0.8553846153846154,0.0,0.0,0,0.0,0.0,0,0.0,0.0,0,8050.0,SLRN240315C00007500,bought
SLRN,2024-01-17,8.417266187050359,1170.0,0.0,1173,84139.0,97,0.8762886597938144,0.0,0.0,0,0.0,0.0,0,0.0,0.0,0,14940.0,SLRN240216C00007500,bought
SLNO,2026-03-03,3.0268817204301075,1126.0,0.0,2376,285054.0,85,0.9294117647058824,27089.999999999996,140490.0,4,0.0,76950.0,1,0.0,0.0,0,76950.0,SLNO260417C00050000,sold
SLNO,2026-03-02,3.28494623655914,1222.0,0.0,2455,362321.0,169,0.9467455621301776,49875.0,0.0,1,0.0,0.0,0,0.0,0.0,0,49875.0,SLNO260618C00055000,bought
SLN,2026-08-17,300.8780487804878,12336.0,0.0,24631,3458832.0,74,0.8108108108108109,1539000.0000000002,1494000.0,4,1494000.0000000002,1494000.0,3,1494000.0000000002,1494000.0,3,1494000.0000000002,SLN261016C00015000,bought
SLNO,2024-03-01,38.31746031746032,1207.0,0.0,1208,553477.0,7,1.0,498000.0,54000.0,2,498000.0,54000.0,2,498000.0,0.0,1,498000.0,SLNO240419P00050000,sold
SLNO,2024-04-19,130.9,1309.0,0.0,1311,1796094.0,9,1.0,855419.9999999999,931740.0,2,855419.9999999999,931740.0,2,855419.9999999999,931740.0,2,931740.0,SLNO240621P00050000,bought
SLNO,2025-01-03,6.108108108108108,1582.0,0.0,2583,908962.0,441,0.9546485260770976,542376.0,0.0,2,542376.0,0.0,2,542376.0,0.0,2,324197.99999999994,SLNO250417C00055000,bought
SLNO,2025-03-05,17.984251968503937,1142.0,0.0,1352,743538.0,176,0.9375,75000.0,306000.0,2,75000.0,306000.0,2,0.0,306000.0,1,306000.0,SLNO250417P00040000,bought
SLNO,2025-06-25,20.015810276679844,2532.0,0.0,15764,8418925.0,1053,0.9753086419753086,5020650.0,1763000.0,12,4940750.0,1725000.0,9,4940750.0,1725000.0,9,1725000.0,SLNO251219P00070000,bought
SMMT,2025-03-28,3.3504531722054383,1109.0,0.0,3451,745478.0,488,0.9057377049180328,29500.0,38000.0,2,0.0,0.0,0,0.0,0.0,0,38000.0,SMMT250718C00020000,sold
SLNO,2025-09-08,12.175438596491228,1041.0,0.0,1203,328843.0,90,0.8444444444444444,79878.99999999999,0.0,2,53906.99999999999,0.0,1,0.0,0.0,0,53906.99999999999,SLNO251017P00070000,sold
SLNO,2025-09-19,24.052287581699343,1840.0,0.0,6714,2850074.0,302,0.933774834437086,752400.0,1645000.0,5,720000.0,1645000.0,4,720000.0,1645000.0,4,720000.0,SLNO251121P00050000,sold
SLNO,2025-10-08,6.580926430517711,6038.0,0.0,11832,5818276.0,455,0.9648351648351648,4174150.0,912900.0,10,4174150.0,650000.0,3,4174150.0,650000.0,3,3750000.0,SLNO251121C00065000,bought
SLNO,2025-10-10,5.084252315835906,5763.0,0.0,10890,4919708.0,180,0.9555555555555556,4115000.0,600000.0,3,4115000.0,600000.0,3,4025000.0,600000.0,2,4025000.0,SLNO251121C00065000,bought
SLNO,2025-11-28,3.6021621621621622,4998.0,0.0,5114,1137653.0,884,0.9785067873303168,0.0,0.0,0,0.0,0.0,0,0.0,0.0,0,15840.0,SLNO260116P00050000,sold
SLNO,2026-01-13,2.7166276346604215,1740.0,0.0,2725,596747.0,248,0.8870967741935484,90870.0,66000.0,5,0.0,0.0,0,0.0,0.0,0,38700.0,SLNO260618C00055000,sold
SLNO,2026-01-16,2.369357045143639,2598.0,0.0,3520,835574.0,537,0.9515828677839852,0.0,178020.0,4,0.0,108360.0,2,0.0,0.0,0,55900.0,SLNO260220P00050000,bought
SLNO,2025-09-18,21.26797385620915,1627.0,0.0,5062,2871300.0,1068,0.9559925093632958,355170.0,706300.0,8,291000.0,635600.0,4,210000.0,635600.0,3,352800.0,SLNO250919P00080000,bought
SMMT,2025-04-22,4.252873563218391,4810.0,0.0,30901,7500684.0,2720,0.9308823529411764,967462.0,1799463.0,33,818721.0,1367440.0,16,437352.0,1020000.0,5,740000.0,SMMT250516C00020000,sold
SMMT,2025-07-03,20.076923076923077,1827.0,0.0,19977,4087049.0,2990,0.8826086956521739,316730.0,772540.0,24,60760.0,509100.0,8,0.0,105000.0,1,105000.0,SMMT250718C00020000,sold
SMMT,2025-12-18,6.0708860759493675,1199.0,0.0,4029,910576.0,300,0.87,141900.0,356700.0,6,141900.0,356700.0,6,0.0,226200.0,2,121200.0,SMMT260417P00020000,bought
SNDX,2025-09-24,20.387665198237887,2314.0,0.0,3013,151763.0,94,0.7872340425531915,0.0,0.0,0,0.0,0.0,0,0.0,0.0,0,14720.000000000002,SNDX251017C00020000,bought
SNDX,2025-10-07,4.789808917197452,2256.0,0.0,3027,211186.0,214,0.7383177570093458,0.0,0.0,0,0.0,0.0,0,0.0,0.0,0,9400.0,SNDX251017P00017500,bought
SNDX,2025-11-13,4.968503937007874,4417.0,0.0,7516,1346487.0,206,0.883495145631068,801300.0,27588.0,6,727500.0,0.0,3,727500.0,0.0,3,303750.0,SNDX251219C00014000,bought
SNDX,2026-09-29,10.521739130434783,1331.0,0.0,6253,630376.0,441,0.979591836734694,317840.0,0.0,2,287500.0,0.0,1,287500.0,0.0,1,287500.0,SNDX270115C00025000,bought
SNDX,2026-10-02,8.051851851851852,1087.0,0.0,11639,1712774.0,211,0.924170616113744,1600000.0,0.0,2,1600000.0,0.0,2,1600000.0,0.0,2,800000.0,SNDX270115C00024000,bought
SNY,2024-02-16,55.54838709677419,1722.0,0.0,1778,199687.0,22,0.7727272727272727,0.0,190920.0,2,0.0,151360.0,1,0.0,151360.0,1,151360.0,SNY240419C00047500,sold
SNDX,2025-09-05,41.12618296529968,13037.0,0.0,19443,1312442.0,81,0.8641975308641975,0.0,1243200.0,4,0.0,1243200.0,4,0.0,1243200.0,4,355000.0,SNDX250919C00017500,sold
SNY,2024-03-25,58.0,1102.0,0.0,1741,283692.0,221,0.8597285067873304,0.0,0.0,0,0.0,0.0,0,0.0,0.0,0,13439.999999999998,SNY250117C00040000,bought
SNY,2024-07-01,2.0778072502210434,1175.0,0.0,1352,170762.0,202,0.9752475247524752,0.0,0.0,0,0.0,0.0,0,0.0,0.0,0,6000.0,SNY240719C00050000,bought
SNY,2024-07-29,3.785063752276867,2078.0,0.0,2394,511097.0,157,0.9554140127388536,0.0,402160.0,2,0.0,402160.0,2,0.0,402160.0,2,203500.00000000003,SNY240816C00050000,sold
SNY,2024-08-01,2.3538998835855645,1011.0,0.0,1140,179271.0,89,0.9775280898876404,0.0,35960.0,1,0.0,0.0,0,0.0,0.0,0,35960.0,SNY240816C00050000,sold
SNY,2024-08-22,5.6344537815126055,1341.0,0.0,1482,137349.0,209,0.9808612440191388,0.0,0.0,0,0.0,0.0,0,0.0,0.0,0,5336.0,SNY250117C00060000,bought
SNY,2024-08-26,11.432525951557093,1652.0,0.0,5263,522033.0,688,0.8924418604651163,0.0,95000.0,2,0.0,70000.0,1,0.0,0.0,0,70000.0,SNY241220C00062500,sold
SNY,2024-09-12,4.612244897959184,1017.0,0.0,1258,213161.0,324,0.9074074074074074,0.0,0.0,0,0.0,0.0,0,0.0,0.0,0,12180.0,SNY241018C00057500,sold
SNY,2024-06-21,29.10948905109489,1994.0,0.0,2428,118135.0,254,0.84251968503937,0.0,0.0,0,0.0,0.0,0,0.0,0.0,0,5159.999999999999,SNY240920C00047500,sold
RCUS,2025-12-10,8.827004219409282,1046.0,0.0,1487,352596.0,230,0.9217391304347826,30000.0,90100.0,3,0.0,52500.0,1,0.0,0.0,0,52500.0,RCUS251219C00022500,sold
SNDX,2025-05-12,16.833333333333332,1313.0,0.0,1322,53777.0,31,0.8387096774193549,0.0,30150.0,1,0.0,0.0,0,0.0,0.0,0,30150.0,SNDX250620P00010000,bought
SNDX,2025-04-22,45.64071856287425,3811.0,0.0,6236,564352.0,236,0.9449152542372882,133190.0,0.0,2,133190.0,0.0,2,0.0,0.0,0,80000.0,SNDX250718P00010000,sold
SMMT,2026-01-06,9.569482288828338,1756.0,0.0,7622,722072.0,812,0.8805418719211823,54400.0,26664.0,3,0.0,0.0,0,0.0,0.0,0,29400.0,SMMT270115C00018000,bought
SMMT,2026-01-08,9.329700272479563,1712.0,0.0,2569,321222.0,290,0.913793103448276,0.0,0.0,0,0.0,0.0,0,0.0,0.0,0,16225.0,SMMT260116C00020000,bought
SMMT,2026-04-02,2.2876847290640394,1161.0,0.0,3589,1355520.0,837,0.6917562724014337,34560.0,359475.0,10,0.0,101695.0,2,0.0,0.0,0,51385.0,SMMT260417C00018000,sold
SMMT,2026-06-24,10.112,2528.0,0.0,6665,930057.0,572,0.7814685314685315,187781.0,167015.0,9,56525.0,55915.0,2,0.0,0.0,0,56525.0,SMMT260821P00012000,sold
SMMT,2026-06-25,8.303846153846154,2159.0,0.0,9896,2391654.0,1212,0.599009900990099,751935.0,363000.0,7,653000.0,363000.0,4,653000.0,363000.0,4,327000.0,SMMT270115C00018000,bought
SMMT,2026-08-03,11.440233236151604,1962.0,0.0,6920,1133078.0,702,0.7250712250712251,26500.0,457500.0,2,0.0,457500.0,1,0.0,457500.0,1,457500.0,SMMT270115C00015000,sold
SNDX,2025-05-08,65.54166666666667,3146.0,0.0,3189,116148.0,264,0.8787878787878788,0.0,0.0,0,0.0,0.0,0,0.0,0.0,0,7500.0,SNDX250620P00010000,bought
SNDX,2024-10-15,18.73949579831933,1115.0,0.0,1121,7500.0,6,0.8333333333333334,0.0,0.0,0,0.0,0.0,0,0.0,0.0,0,5575.0,SNDX241018P00017500,mid
SNDX,2024-12-03,13.44578313253012,2790.0,0.0,1922,113981.0,32,0.96875,104640.0,0.0,2,104640.0,0.0,2,0.0,0.0,0,52319.99999999999,SNDX250117C00020000,bought
SNDX,2025-01-22,11.337962962962964,2449.0,0.0,2577,290604.0,88,0.6704545454545454,0.0,186990.0,1,0.0,186990.0,1,0.0,186990.0,1,186990.0,SNDX250321C00015000,sold
SNDX,2025-02-14,9.263157894736842,1144.0,0.0,1145,6725.0,4,0.5,0.0,0.0,0,0.0,0.0,0,0.0,0.0,0,5625.0,SNDX250221P00012500,mid
SNDX,2025-02-20,10.704453441295549,1322.0,0.0,1863,218494.0,75,0.8933333333333333,66290.0,37000.0,2,66290.0,0.0,1,0.0,0.0,0,66290.0,SNDX250321C00017500,bought
SNDX,2025-02-21,11.48987854251012,1419.0,0.0,2026,267276.0,103,0.883495145631068,0.0,36899.99999999999,1,0.0,0.0,0,0.0,0.0,0,36899.99999999999,SNDX260116P00017500,bought
SNDX,2025-03-03,30.47517730496454,4297.0,0.0,4402,164079.0,78,0.935897435897436,0.0,120520.0,3,0.0,0.0,0,0.0,0.0,0,46280.0,SNDX250321C00017500,sold
SNDX,2024-11-13,2.590762620837809,1206.0,0.0,2796,411158.0,424,0.8938679245283019,0.0,120130.0,1,0.0,120130.0,1,0.0,120130.0,1,120130.0,SNDX260116C00020000,sold
IMMX,2026-09-17,31.51304347826087,1812.0,0.0,1877,208229.0,117,0.9658119658119658,100700.0,0.0,2,100700.0,0.0,2,0.0,0.0,0,50350.0,IMMX261016C00015000,bought
ZYME,2026-08-26,24.141176470588235,3078.0,0.0,3640,436927.0,518,0.8996138996138996,162500.0,0.0,1,162500.0,0.0,1,162500.0,0.0,1,162500.0,ZYME261016P00025000,sold
IMGN,2024-01-24,113.21739130434784,1302.0,0.0,7742,106499.0,75,0.8933333333333333,0.0,0.0,0,0.0,0.0,0,0.0,0.0,0,39880.0,IMGN240216P00029000,mid
APLS,2024-09-06,26.19607843137255,6680.0,0.0,7251,1032751.0,435,0.9402298850574712,469775.0,0.0,1,469775.0,0.0,1,469775.0,0.0,1,469775.0,APLS240920C00045000,bought
APLS,2024-09-18,8.775652173913043,2523.0,0.0,2798,447574.0,164,0.9634146341463414,36000.0,185000.0,2,0.0,185000.0,1,0.0,185000.0,1,185000.0,APLS240920C00035000,sold
APLS,2024-11-27,4.244628099173553,1284.0,0.0,2881,3168139.0,371,0.9272237196765498,1352400.0,1423800.0,5,1352400.0,1423800.0,5,1352400.0,1363600.0,4,786800.0,APLS250117P00090000,bought
BMRN,2026-09-01,3.717206132879046,1091.0,0.0,1394,291979.0,212,0.7783018867924528,0.0,145665.0,1,0.0,145665.0,1,0.0,145665.0,1,145665.0,BMRN260918C00065000,sold
BMRN,2026-04-14,4.475,1074.0,0.0,2273,331325.0,302,0.5960264900662252,52500.0,138000.0,2,52500.0,138000.0,2,0.0,138000.0,1,138000.0,BMRN260515C00055000,sold
BMRN,2026-02-19,48.07692307692308,1250.0,0.0,1862,379614.0,240,0.85,34655.99999999999,83250.0,2,0.0,83250.0,1,0.0,0.0,0,83250.0,BMRN260320C00070000,sold
BMRN,2026-02-18,41.73076923076923,1085.0,0.0,1448,245365.0,275,0.9309090909090908,0.0,0.0,0,0.0,0.0,0,0.0,0.0,0,20680.0,BMRN260515P00070000,bought
BMRN,2025-12-19,6.774193548387097,1995.0,0.0,12536,3438534.0,2105,0.9064133016627078,211910.0,429470.0,10,131900.0,276900.0,4,0.0,276900.0,2,237660.0,BMRN270115C00060000,mid
BMRN,2025-11-24,6.563218390804598,1142.0,0.0,2332,502644.0,252,0.9087301587301588,244000.0,0.0,2,244000.0,0.0,2,168000.0,0.0,1,168000.0,BMRN251219C00057500,bought
BMRN,2025-09-25,7.254019292604502,1128.0,0.0,1614,230099.0,211,0.914691943127962,0.0,29800.0,1,0.0,0.0,0,0.0,0.0,0,29800.0,BMRN251017C00057500,sold
BMRN,2025-09-22,7.342618384401114,1318.0,0.0,2005,305610.0,453,0.8874172185430463,0.0,64476.0,1,0.0,64476.0,1,0.0,0.0,0,64476.0,BMRN251017C00057500,sold
BMRN,2025-02-25,17.914893617021278,1684.0,0.0,2696,931846.0,431,0.8863109048723898,52683.0,296592.0,5,0.0,247200.0,2,0.0,247200.0,2,147200.0,BMRN270115C00065000,sold
BMRN,2025-02-19,33.714285714285715,2006.0,0.0,4485,585138.0,729,0.8984910836762688,192000.0,0.0,2,192000.0,0.0,2,102000.0,0.0,1,102000.0,BMRN250221C00067500,bought
APLS,2024-08-09,3.867060561299852,1309.0,0.0,1583,210879.0,179,0.9776536312849162,0.0,0.0,0,0.0,0.0,0,0.0,0.0,0,22500.0,APLS250117C00045000,bought
BMRN,2024-10-17,10.74671052631579,3267.0,0.0,9681,9022528.0,298,0.9093959731543624,3656500.0,4926900.0,16,3656500.0,4926900.0,16,3560300.0,4818100.0,13,1648500.0,BMRN241018P00080000,bought
BMRN,2024-09-09,5.176681614349776,2886.0,0.0,10094,1750897.0,1369,0.9284149013878744,889670.0,100210.0,4,864250.0,100210.0,3,768000.0,100210.0,2,768000.0,BMRN260116P00085000,sold
BMRN,2024-08-28,5.359223300970874,1656.0,0.0,3411,682392.0,512,0.955078125,0.0,85320.0,3,0.0,0.0,0,0.0,0.0,0,33600.0,BMRN240920P00080000,bought
BMRN,2024-05-29,6.133047210300429,1429.0,0.0,2597,671890.0,352,0.9232954545454546,234175.0,0.0,3,142500.0,0.0,1,142500.0,0.0,1,142500.0,BMRN240920P00070000,sold
BMRN,2024-04-17,29.75700934579439,1592.0,0.0,2178,371449.0,181,0.9502762430939228,70995.0,0.0,2,0.0,0.0,0,0.0,0.0,0,39690.0,BMRN240517C00065000,bought
BMRN,2024-02-22,5.343151693667157,1814.0,0.0,3917,1034646.0,458,0.925764192139738,131250.0,0.0,2,131250.0,0.0,2,0.0,0.0,0,305625.0,BMRN240315C00090000,mid
BMRN,2024-02-12,15.13841368584759,4867.0,0.0,5742,721810.0,246,0.8333333333333334,467590.0,0.0,2,467590.0,0.0,2,467590.0,0.0,2,275310.0,BMRN240315P00080000,sold
BMRN,2024-01-18,10.085987261146498,3167.0,0.0,3331,1145004.0,64,0.90625,43475.0,987500.0,3,0.0,987500.0,2,0.0,987500.0,2,575000.0,BMRN240216P00095000,bought
BMRN,2024-01-05,3.0488081725312144,1343.0,0.0,2379,421613.0,278,0.9640287769784172,0.0,81560.0,2,0.0,55000.0,1,0.0,0.0,0,55000.0,BMRN240119C00100000,sold
BMEA,2024-11-13,29.149532710280372,3119.0,0.0,8433,2562411.0,354,0.9576271186440678,1191111.9999999998,1120392.0,3,1191111.9999999998,1120392.0,3,1140151.9999999998,1120392.0,2,1140151.9999999998,BMEA241220P00012500,sold
BMEA,2024-04-24,2.619105199516324,1083.0,0.0,4201,157680.0,184,0.8315217391304348,0.0,0.0,0,0.0,0.0,0,0.0,0.0,0,14860.0,BMEA240517C00017500,mid
BMEA,2024-04-17,11.663699307616222,5896.0,0.0,6379,59957.0,67,0.8805970149253731,0.0,0.0,0,0.0,0.0,0,0.0,0.0,0,29270.0,BMEA240419C00015000,mid
BMEA,2024-01-19,6.264705882352941,3834.0,0.0,4231,278933.0,202,0.8168316831683168,0.0,0.0,0,0.0,0.0,0,0.0,0.0,0,20750.0,BMEA240315C00020000,sold
BIOA,2026-07-31,25.21929824561403,5750.0,0.0,9690,7083859.0,2347,0.9782701320835108,790334.0,652698.0,36,295390.0,77600.0,5,0.0,0.0,0,99900.0,BIOA260821P00022500,sold
BMRN,2024-10-03,9.617579028527372,6237.0,0.0,12983,17456236.0,231,0.9090909090909092,12167200.0,4110600.0,9,12167200.0,4110600.0,9,12167200.0,4110600.0,9,6384000.0,BMRN241018P00085000,sold
BIOA,2026-07-27,8.103806228373703,1171.0,0.0,1510,750812.0,175,0.9028571428571428,204600.0,0.0,3,204600.0,0.0,3,0.0,0.0,0,70200.0,BIOA260821P00022500,sold
APLS,2024-08-08,6.153618906942393,2083.0,0.0,3073,471611.0,374,0.9705882352941176,0.0,30000.0,1,0.0,0.0,0,0.0,0.0,0,30000.0,APLS250117C00045000,sold
APGE,2026-05-15,80.0,2720.0,0.0,5477,1458095.0,26,0.6538461538461539,0.0,1080000.0,6,0.0,1045000.0,5,0.0,940000.0,3,490000.0,APGE260618P00070000,bought
BNTX,2024-06-18,3.5294117647058822,2190.0,0.0,4257,714665.0,784,0.9464285714285714,35520.0,88030.0,3,0.0,53000.0,1,0.0,0.0,0,53000.0,BNTX250620C00095000,sold
BNTX,2024-06-17,2.7945205479452055,1734.0,0.0,4529,1180406.0,795,0.9182389937106918,30243.0,270000.0,2,0.0,270000.0,1,0.0,270000.0,1,270000.0,BNTX240719C00090000,sold
BNTX,2024-06-14,2.114,1057.0,0.0,2674,341096.0,425,0.9247058823529412,0.0,0.0,0,0.0,0.0,0,0.0,0.0,0,21600.0,BNTX240719C00110000,sold
BNTX,2024-06-05,3.17904993909866,1305.0,0.0,3576,1045914.0,510,0.9490196078431372,265781.0,120615.0,6,160605.0,83415.0,2,160605.0,0.0,1,160605.0,BNTX240719P00105000,sold
BNTX,2024-05-31,3.961098398169336,1731.0,0.0,5270,1223216.0,971,0.937178166838311,55890.0,25520.0,3,0.0,0.0,0,0.0,0.0,0,30090.000000000004,BNTX240920C00110000,bought
BMY,2026-09-29,6.598484848484849,3484.0,0.0,29835,6204454.0,2726,0.9398385913426266,3150290.0000000005,200485.0,14,3057380.0000000005,0.0,6,2849870.0000000005,0.0,3,2420000.0000000005,BMY261218P00060000,sold
AMRX,2024-06-24,65.42105263157895,1243.0,0.0,1276,45778.0,62,0.967741935483871,0.0,0.0,0,0.0,0.0,0,0.0,0.0,0,13860.0,AMRX240719C00007500,bought
BMY,2026-07-07,8.201288244766506,5093.0,0.0,22732,3078373.0,3022,0.9351422898742554,215125.0,179996.0,10,68400.0,100000.0,2,0.0,100000.0,1,100000.0,BMY270115P00057500,bought
AMRX,2024-10-18,365.6,3656.0,0.0,3656,127113.0,84,0.6309523809523809,0.0,0.0,0,0.0,0.0,0,0.0,0.0,0,103215.0,AMRX241115C00010000,mid
BMY,2026-05-21,3.3282904689863844,2200.0,0.0,23804,2384313.0,2590,0.9254826254826256,357694.0,277736.0,11,357694.0,156456.0,7,0.0,156456.0,1,156456.0,BMY270115P00047000,bought
BMY,2026-05-20,9.594985535197686,4975.0,0.0,33429,6024349.0,3069,0.945584881068752,1637103.0,1060324.0,24,1517083.0,596102.0,7,1383000.0,460500.0,3,1050000.0,BMY270617P00055000,sold
AMRX,2025-01-17,44.40677966101695,2620.0,0.0,2656,77540.0,336,0.3839285714285714,0.0,0.0,0,0.0,0.0,0,0.0,0.0,0,6630.0,AMRX250221C00010000,mid
AMRX,2025-09-23,185.4,1854.0,0.0,2114,105908.0,118,0.923728813559322,0.0,0.0,0,0.0,0.0,0,0.0,0.0,0,19260.0,AMRX251017C00010000,bought
APGE,2026-05-27,105.6065573770492,3221.0,0.0,3404,875810.0,179,0.88268156424581,297000.00000000006,88704.0,4,297000.00000000006,0.0,1,297000.00000000006,0.0,1,297000.00000000006,APGE260717P00070000,sold
BMY,2026-04-15,7.471916618413434,6452.0,0.0,18486,3102522.0,2094,0.933142311365807,762262.0,803803.0,14,664220.0,681802.0,7,550060.0,613750.0,4,613750.0,BMY270115P00055000,bought
AMRX,2025-12-08,64.55072463768116,2227.0,0.0,2240,26108.0,11,0.9090909090909092,0.0,0.0,0,0.0,0.0,0,0.0,0.0,0,24299.0,AMRX251219C00012500,sold
IMMX,2026-05-21,23.208791208791208,2112.0,0.0,2277,189699.0,155,0.9032258064516128,0.0,0.0,0,0.0,0.0,0,0.0,0.0,0,12000.0,IMMX260821C00010000,bought
ANAB,2025-02-10,16.59375,1062.0,0.0,3827,2016474.0,122,0.9590163934426228,1032430.0,855625.0,14,932800.0,855625.0,11,932800.0,546800.0,6,932800.0,ANAB250321P00022500,sold
ANAB,2025-11-17,203.1,2031.0,0.0,3486,2497628.0,229,0.9519650655021834,743040.0,340890.0,13,707040.0,129350.0,5,650000.0,0.0,2,330000.0,ANAB260116P00035000,sold
ANAB,2025-11-21,165.89743589743588,3235.0,0.0,3262,227573.0,78,0.9487179487179488,152515.0,0.0,1,152515.0,0.0,1,152515.0,0.0,1,152515.0,ANAB251219P00030000,sold
ANIP,2025-12-04,100.0,1000.0,0.0,1002,250010.0,4,0.5,247000.0,0.0,1,247000.0,0.0,1,247000.0,0.0,1,247000.0,ANIP260116P00080000,sold
ANNX,2024-05-14,6.859504132231405,1660.0,0.0,6306,682164.0,407,0.85995085995086,338860.0,0.0,5,293500.0,0.0,4,0.0,0.0,0,94500.0,ANNX240719C00007500,bought
ANNX,2026-07-23,11.524163568773234,1550.0,0.0,1700,55138.0,83,0.9397590361445785,0.0,0.0,0,0.0,0.0,0,0.0,0.0,0,12600.0,ANNX260821C00007000,bought
BMY,2025-04-01,7.794871794871795,7752.0,0.0,25557,4192486.0,2870,0.919163763066202,1020811.0,276325.0,21,737182.0,188331.0,11,210500.0,136107.0,3,136107.0,BMY250516P00057500,bought
APGE,2025-04-08,10.523605150214593,1226.0,0.0,1338,551352.0,103,0.970873786407767,37380.0,172020.0,4,0.0,122380.0,2,0.0,0.0,0,66960.0,APGE250417P00030000,bought
APGE,2026-01-07,62.666666666666664,1128.0,0.0,2459,883336.0,220,1.0,237620.0,300000.0,3,200000.0,300000.0,2,200000.0,300000.0,2,300000.0,APGE260220C00085000,sold
APGE,2026-01-14,72.82142857142857,2039.0,0.0,2409,1884090.0,270,0.9444444444444444,710245.0,452620.0,17,562745.0,381120.0,11,216000.0,0.0,1,216000.0,APGE260116C00075000,bought
APGE,2026-04-13,27.44736842105263,1043.0,0.0,2066,788653.0,32,0.90625,490000.0,290000.0,2,490000.0,290000.0,2,490000.0,290000.0,2,490000.0,APGE260417C00085000,bought
AMRX,2025-11-25,34.95238095238095,1101.0,0.0,1213,62397.0,58,0.5172413793103449,50000.0,0.0,1,50000.0,0.0,1,0.0,0.0,0,50000.0,AMRX251219C00012500,bought
BIOA,2026-07-13,89.17073170731707,1828.0,0.0,2028,822692.0,275,0.96,0.0,41200.0,1,0.0,0.0,0,0.0,0.0,0,41200.0,BIOA260821P00020000,bought
BHVN,2026-09-24,4.726094003241491,1458.0,0.0,2074,178003.0,262,0.5534351145038168,0.0,0.0,0,0.0,0.0,0,0.0,0.0,0,19550.0,BHVN261218C00010000,bought
BHVN,2026-09-17,5.614525139664805,2010.0,0.0,27794,7421790.0,595,0.8554621848739495,5685720.0,0.0,3,5685720.0,0.0,3,5685720.0,0.0,3,4901970.0,BHVN261016C00010000,bought
BHVN,2024-03-14,4.434137291280148,1195.0,0.0,1806,910851.0,522,0.9597701149425288,234240.0,0.0,2,234240.0,0.0,2,159620.0,0.0,1,159620.0,BHVN240419C00060000,bought
BHVN,2024-03-08,5.3164556962025316,1260.0,0.0,2456,1177748.0,125,0.984,630000.0,250000.0,2,630000.0,250000.0,2,630000.0,250000.0,2,630000.0,BHVN240419C00065000,bought
BHC,2026-08-18,16.214285714285715,2043.0,0.0,3963,277826.0,521,0.7523992322456814,105000.0,0.0,1,105000.0,0.0,1,105000.0,0.0,1,105000.0,BHC261016C00006000,bought
BHC,2026-08-04,16.49808429118774,2153.0,0.0,13436,1462302.0,1212,0.8325082508250825,133500.0,503665.0,8,0.0,461260.0,4,0.0,346000.0,2,210000.0,BHC280121P00007000,bought
BHC,2026-06-29,8.503311258278146,1284.0,0.0,14109,457467.0,768,0.9075520833333334,108800.0,0.0,2,81600.0,0.0,1,0.0,0.0,0,81600.0,BHC260821C00006000,bought
BHC,2025-12-01,4.802690582959642,1071.0,0.0,5523,318833.0,716,0.7960893854748603,0.0,0.0,0,0.0,0.0,0,0.0,0.0,0,24000.0,BHC260417C00007000,sold
BHC,2025-06-11,6.925742574257426,1399.0,0.0,2505,100927.0,225,0.7644444444444445,0.0,0.0,0,0.0,0.0,0,0.0,0.0,0,10000.0,BHC250620C00005000,mid
BHC,2025-05-06,7.523255813953488,1294.0,0.0,3332,138200.0,206,0.6699029126213593,0.0,0.0,0,0.0,0.0,0,0.0,0.0,0,21630.0,BHC250620P00010000,sold
BHC,2025-03-03,7.35676625659051,2093.0,0.0,4831,305815.0,379,0.9393139841688656,0.0,33790.0,1,0.0,0.0,0,0.0,0.0,0,33790.0,BHC250417P00008000,bought
BHC,2024-11-27,85.44162436548223,16832.0,0.0,18406,632192.0,304,0.9671052631578948,0.0,0.0,0,0.0,0.0,0,0.0,0.0,0,434000.0,BHC250117C00010000,mid
BHC,2024-10-31,11.226415094339623,1190.0,0.0,86196,5337300.0,813,0.9102091020910208,3042600.0,266000.0,5,3012000.0,266000.0,4,3012000.0,266000.0,4,1500000.0,BHC251219C00007000,bought
BHC,2024-09-12,5.1611721611721615,1409.0,0.0,4431,88034.0,243,0.9670781893004116,0.0,0.0,0,0.0,0.0,0,0.0,0.0,0,8820.0,BHC240920C00006000,sold
BHC,2024-08-14,2.491031390134529,1111.0,0.0,2895,137349.0,305,0.9377049180327868,0.0,0.0,0,0.0,0.0,0,0.0,0.0,0,18000.0,BHC250117C00006000,bought
BHVN,2024-04-05,7.576219512195122,2485.0,0.0,2530,847574.0,68,0.9117647058823528,155000.0,612500.0,3,155000.0,612500.0,3,155000.0,562500.0,2,562500.0,BHVN240517C00060000,sold
BHC,2024-08-08,5.828810020876826,2792.0,0.0,13727,437033.0,702,0.9672364672364672,0.0,0.0,0,0.0,0.0,0,0.0,0.0,0,22344.0,BHC251219P00007000,bought
BHC,2024-03-27,43.236111111111114,28017.0,0.0,77509,3571238.0,2252,0.9582593250444048,1774160.0,664874.0,9,1704760.0,634874.0,6,1704760.0,493550.0,4,1012500.0,BHC240621C00010000,bought
BHC,2024-03-01,5.685474647350362,14913.0,0.0,78113,12855181.0,599,0.9148580968280468,6882855.0,5543100.0,4,6882855.0,5543100.0,4,6882855.0,5543100.0,4,4685400.0,BHC240322C00008000,bought
BHC,2024-02-20,33.28128342245989,15559.0,0.0,33980,2355301.0,301,0.9302325581395348,1305000.0,870000.0,2,1305000.0,870000.0,2,1305000.0,870000.0,2,1305000.0,BHC240315C00008000,bought
BHC,2024-02-15,24.49197860962567,11450.0,0.0,23598,1182390.0,113,0.9026548672566372,570000.0,570000.0,2,570000.0,570000.0,2,570000.0,570000.0,2,570000.0,BHC240216C00008000,bought
BHC,2024-02-14,42.862032085561495,20038.0,0.0,21900,957942.0,177,0.903954802259887,900000.0,0.0,2,900000.0,0.0,2,900000.0,0.0,2,774000.0,BHC240216C00008000,bought
BHC,2024-01-17,2.9290307216003812,12299.0,0.0,24120,1596803.0,511,0.9412915851272016,392825.0,797621.0,9,352400.0,753500.0,7,352400.0,660000.0,6,211000.0,BHC240719P00009000,bought
BHC,2024-01-16,6.7218385329840435,28225.0,0.0,30212,1898372.0,274,0.927007299270073,743796.0,1033050.0,2,743796.0,1033050.0,2,743796.0,1033050.0,2,1033050.0,BHC240216C00008000,sold
BHC,2024-01-09,2.6402439024390243,6495.0,0.0,27623,1224969.0,571,0.936952714535902,120000.0,539942.0,7,80000.0,441900.0,3,0.0,441900.0,2,239400.0,BHC240202C00008500,sold
BHC,2024-01-08,6.9802989130434785,10275.0,0.0,32956,1043811.0,1264,0.9691455696202532,0.0,91000.0,3,0.0,0.0,0,0.0,0.0,0,36000.0,BHC240216C00009000,sold
BHC,2024-01-05,7.176608187134503,6136.0,0.0,20354,642816.0,668,0.9491017964071856,0.0,253803.0,6,0.0,127000.0,2,0.0,0.0,0,70000.0,BHC240209C00008500,sold
BHC,2024-01-04,2.480047647409172,2082.0,0.0,5432,186117.0,184,0.9239130434782608,95000.0,0.0,1,95000.0,0.0,1,0.0,0.0,0,95000.0,BHC240202C00008000,bought
BEAM,2026-09-08,13.78181818181818,1895.0,0.0,5443,638086.0,1002,0.9461077844311376,28480.0,25000.0,2,0.0,0.0,0,0.0,0.0,0,28480.0,BEAM280121P00037000,sold
BEAM,2025-06-06,11.81578947368421,1347.0,0.0,2310,391972.0,304,0.9375,85350.0,70495.0,3,54000.0,70495.0,2,0.0,0.0,0,70495.0,BEAM250718C00020000,sold
BHC,2024-04-11,2.052302025782689,2786.0,0.0,25376,789198.0,1693,0.9373892498523332,0.0,0.0,0,0.0,0.0,0,0.0,0.0,0,20000.0,BHC250117P00010000,sold
BHVN,2024-04-19,2.1113074204946995,1195.0,0.0,2844,1283348.0,378,0.9470899470899472,411150.0,235650.0,11,362900.0,151350.0,8,0.0,0.0,0,96750.0,BHVN240517P00040000,bought
BHVN,2024-05-22,4.0,1042.0,0.0,3126,846817.0,42,0.9047619047619048,565000.0,221940.0,4,565000.0,180000.0,3,500000.0,180000.0,2,500000.0,BHVN240621C00040000,bought
BHVN,2024-06-03,3.8962490023942538,2441.0,0.0,2568,220603.0,60,0.9333333333333332,0.0,174965.0,4,0.0,105000.0,2,0.0,0.0,0,55000.0,BHVN240621C00030000,sold
BHVN,2026-07-16,29.003636363636364,3988.0,0.0,16840,3512178.0,312,0.5576923076923077,1674600.0,1675000.0,10,1674600.0,1675000.0,10,1617600.0,1610400.0,8,581400.0,BHVN260717C00011000,sold
BHVN,2026-06-25,6.041618497109827,2613.0,0.0,3087,258322.0,98,0.826530612244898,0.0,69270.0,2,0.0,0.0,0,0.0,0.0,0,41320.00000000001,BHVN260717P00011000,bought
BHVN,2026-06-18,9.62645011600928,4149.0,0.0,4821,1093133.0,303,0.8943894389438944,325120.0,213300.0,9,175200.0,142200.0,3,0.0,142200.0,1,142200.0,BHVN260618C00011000,sold
BHVN,2026-06-16,25.37278106508876,8576.0,0.0,8828,1800169.0,97,0.865979381443299,1715925.0,0.0,2,1715925.0,0.0,2,1715925.0,0.0,2,858000.0,BHVN260618C00010000,bought
BHVN,2026-06-15,4.153589315525877,1244.0,0.0,2452,220267.0,413,0.973365617433414,0.0,0.0,0,0.0,0.0,0,0.0,0.0,0,8400.0,BHVN260717C00012500,bought
BHVN,2026-05-21,6.120234604105572,2087.0,0.0,2285,133260.0,297,0.7070707070707071,0.0,0.0,0,0.0,0.0,0,0.0,0.0,0,14250.0,BHVN260618C00009000,bought
BHVN,2026-04-14,5.210428305400373,2798.0,0.0,3173,450655.0,784,0.9757653061224488,0.0,69700.0,1,0.0,69700.0,1,0.0,0.0,0,69700.0,BHVN270115P00015000,bought
BHVN,2026-04-10,18.04489337822671,8039.0,0.0,8060,283059.0,82,0.8658536585365854,0.0,126735.0,3,0.0,53250.0,1,0.0,0.0,0,107960.0,BHVN260515C00012000,mid
BHVN,2026-01-16,2.53573264781491,4932.0,0.0,14362,2101107.0,1318,0.8968133535660091,769750.0,411450.0,8,667750.0,380250.0,4,667750.0,380250.0,4,475000.0,BHVN270115C00015000,bought
BHVN,2026-01-12,4.193840579710145,6945.0,0.0,8971,1198019.0,877,0.9372862029646524,80440.0,93355.0,5,0.0,0.0,0,0.0,0.0,0,41440.0,BHVN260116C00010000,bought
BHVN,2025-12-16,2.7785282616423745,3908.0,0.0,13771,1572886.0,1620,0.971604938271605,122060.0,730928.0,4,122060.0,730928.0,4,0.0,730928.0,2,603248.0,BHVN260116P00012500,bought
APLS,2024-12-20,11.261648745519713,1571.0,0.0,3456,2315341.0,712,0.7471910112359551,646080.0,1219630.0,8,646080.0,1219630.0,8,494700.0,1219630.0,6,669970.0,APLS250117P00090000,bought
BHVN,2025-10-15,3.084016393442623,3010.0,0.0,6247,1695915.0,887,0.9413754227733936,566310.0,0.0,8,428000.0,0.0,4,265000.0,0.0,1,265000.0,BHVN251017C00012500,bought
BHVN,2025-09-26,5.682352941176471,2898.0,0.0,16107,3552232.0,1074,0.931098696461825,1520000.0,682800.0,7,1520000.0,625000.0,5,1520000.0,625000.0,5,760000.0,BHVN251121P00010000,sold
BHVN,2025-09-18,5.005701254275941,2195.0,0.0,7497,1624338.0,1240,0.9346774193548388,65520.0,432780.0,5,0.0,404280.0,2,0.0,345000.0,1,345000.0,BHVN260417C00015000,sold
BHVN,2025-08-26,11.616191904047977,3874.0,0.0,14930,3744015.0,188,0.8670212765957447,1776250.0,1487500.0,7,1776250.0,1487500.0,7,1776250.0,1487500.0,7,875000.0,BHVN251219C00017500,bought
BHVN,2025-08-21,10.539473684210526,2403.0,0.0,2819,536309.0,232,0.9310344827586208,280740.0,0.0,5,171635.0,0.0,2,101660.0,0.0,1,101660.0,BHVN251017C00020000,bought
BHVN,2025-07-21,3.8341625207296848,1156.0,0.0,1554,169227.0,154,0.8896103896103896,0.0,57519.00000000001,1,0.0,57519.00000000001,1,0.0,0.0,0,57519.00000000001,BHVN250815C00015000,sold
BHVN,2025-05-20,2.65514261019879,1536.0,0.0,2049,224177.0,128,0.8671875,0.0,49500.00000000001,1,0.0,0.0,0,0.0,0.0,0,49500.00000000001,BHVN250620C00017500,sold
BHVN,2025-05-12,3.6745689655172415,1705.0,0.0,3284,312747.0,344,0.938953488372093,37863.0,97963.0,2,0.0,97963.0,1,0.0,0.0,0,97963.0,BHVN250620C00022500,sold
BHVN,2025-04-22,45.56545961002786,8179.0,0.0,9996,3262240.0,998,0.9629258517034068,0.0,2154580.0,3,0.0,2125000.0,2,0.0,2125000.0,2,1075000.0,BHVN250516C00020000,sold
BHVN,2025-04-11,11.728813559322036,1038.0,0.0,1886,352992.0,112,0.9375,102225.0,0.0,1,102225.0,0.0,1,102225.0,0.0,1,102225.0,BHVN250516P00015000,sold
BHVN,2025-04-08,13.234567901234568,1072.0,0.0,2237,325424.0,56,0.875,255000.0,0.0,2,255000.0,0.0,2,180000.0,0.0,1,180000.0,BHVN250516C00020000,bought
BHVN,2024-11-01,10.3359375,1323.0,0.0,4058,1452961.0,538,0.9944237918215614,101270.0,0.0,4,0.0,0.0,0,0.0,0.0,0,25460.0,BHVN241220C00040000,bought
BHVN,2024-10-07,4.150375939849624,1104.0,0.0,5734,1268051.0,488,0.9241803278688524,175000.0,207600.0,3,175000.0,177000.0,2,175000.0,177000.0,2,177000.0,BHVN241115C00065000,sold
BHVN,2024-09-19,23.099378881987576,3719.0,0.0,10477,1731974.0,993,0.8902316213494461,279270.0,1124915.0,7,279270.0,1095215.0,6,219600.0,1095215.0,5,525000.0,BHVN241018C00040000,sold
BHVN,2024-08-15,15.928783382789318,2684.0,0.0,2813,683885.0,104,0.8173076923076923,325000.0,295662.0,3,325000.0,270000.0,2,325000.0,270000.0,2,325000.0,BHVN240920C00040000,bought
BHVN,2024-07-24,8.585365853658537,1408.0,0.0,1729,394060.0,126,0.9206349206349206,262500.0,0.0,1,262500.0,0.0,1,262500.0,0.0,1,262500.0,BHVN240816C00040000,bought
BHVN,2024-07-19,36.29050279329609,6496.0,0.0,4055,1513578.0,64,0.9375,522500.0,935000.0,8,522500.0,935000.0,8,348000.0,935000.0,6,262500.0,BHVN240719C00030000,sold
BNTX,2024-07-03,5.56797583081571,1843.0,0.0,2692,1020013.0,235,0.9276595744680852,70100.0,542500.0,5,0.0,468000.0,1,0.0,468000.0,1,468000.0,BNTX240816C00080000,sold
BEAM,2024-11-15,31.85531914893617,3743.0,0.0,5334,863374.0,523,0.9254302103250478,237600.0,339780.0,5,237600.0,306780.0,4,237600.0,161280.00000000003,2,237600.0,BEAM250117C00029000,bought
BNTX,2024-07-09,4.256,1064.0,0.0,4830,613080.0,447,0.9664429530201344,61250.0,26400.0,2,61250.0,0.0,1,0.0,0.0,0,61250.0,BNTX240719C00087500,bought
BNTX,2024-08-05,20.34878587196468,4609.0,0.0,7157,457026.0,820,0.9170731707317074,0.0,75490.0,2,0.0,50320.00000000001,1,0.0,0.0,0,50320.00000000001,BNTX240816C00087500,sold
ALT,2025-03-31,2.455421686746988,2038.0,0.0,18596,916882.0,1152,0.921875,63750.0,136650.0,4,63750.0,108000.0,3,0.0,0.0,0,63750.0,ALT250620P00007000,sold
ALT,2025-04-14,2.001341381623072,1492.0,0.0,6346,292396.0,751,0.8801597869507324,0.0,0.0,0,0.0,0.0,0,0.0,0.0,0,17500.0,ALT250620C00007000,bought
ALT,2025-05-01,2.563706563706564,1660.0,0.0,5375,442487.0,570,0.9,27000.0,0.0,1,0.0,0.0,0,0.0,0.0,0,27000.0,ALT250620C00006000,bought
ALT,2025-06-11,2.372321742184756,3377.0,0.0,21310,2008299.0,2710,0.8988929889298893,71080.0,0.0,2,0.0,0.0,0,0.0,0.0,0,41580.0,ALT260116C00010000,bought
ALT,2025-08-28,3.2186666666666666,1207.0,0.0,9650,366544.0,2108,0.9478178368121444,58000.0,0.0,1,58000.0,0.0,1,0.0,0.0,0,58000.0,ALT260116C00008000,bought
ALT,2025-09-10,3.791449426485922,1818.0,0.0,5948,232913.0,823,0.6998784933171325,0.0,0.0,0,0.0,0.0,0,0.0,0.0,0,23625.0,ALT270115C00005000,sold
ALT,2025-09-29,4.368989205103042,2226.0,0.0,9625,370827.0,540,0.7092592592592593,0.0,27900.0,1,0.0,0.0,0,0.0,0.0,0,27900.0,ALT251219P00003000,bought
ALT,2025-11-17,5.310982658959538,2297.0,0.0,4654,216102.0,573,0.8726003490401396,36113.0,0.0,1,0.0,0.0,0,0.0,0.0,0,36113.0,ALT260116C00005000,bought
ALT,2025-11-18,8.367630057803469,3619.0,0.0,14227,650114.0,994,0.8792756539235412,0.0,0.0,0,0.0,0.0,0,0.0,0.0,0,28000.0,ALT260116P00005000,mid
ALT,2025-11-21,3.1143481427530952,2138.0,0.0,12001,502588.0,1101,0.8837420526793823,0.0,0.0,0,0.0,0.0,0,0.0,0.0,0,20750.0,ALT251128C00004500,bought
ALXO,2024-07-25,28.85,1154.0,0.0,2193,140695.0,165,0.7515151515151515,0.0,0.0,0,0.0,0.0,0,0.0,0.0,0,6000.0,ALXO240816P00006000,bought
ALXO,2024-07-29,13.52317880794702,1021.0,0.0,5456,218670.0,269,0.7806691449814126,0.0,56250.0,1,0.0,56250.0,1,0.0,0.0,0,56250.0,ALXO240816P00005000,bought
AMGN,2024-04-17,2.440944881889764,1395.0,0.0,18261,31098475.0,1966,0.9277721261444556,21929685.0,6584174.0,34,21929685.0,6475324.0,31,21929685.0,6324274.0,29,5462099.999999999,AMGN240419P00285000,sold
ALT,2025-02-19,5.179640718562874,3460.0,0.0,8722,580152.0,1086,0.8738489871086557,0.0,27189.0,1,0.0,0.0,0,0.0,0.0,0,27189.0,ALT250620P00007000,bought
AMGN,2024-07-22,2.716861081654294,1281.0,0.0,10851,7165635.0,2695,0.9521335807050092,1814176.0,333793.0,33,982265.0,130690.0,6,818999.9999999999,0.0,1,818999.9999999999,AMGN250117P00330000,sold
AMGN,2025-03-19,10.226415094339623,1084.0,0.0,8482,4494993.0,1989,0.9482151835093012,820070.0,576157.0,19,753730.0,398297.0,12,585680.0,126140.0,5,199440.0,AMGN260116C00330000,bought
AMGN,2025-11-28,11.971119133574009,3316.0,0.0,8713,5794951.0,1444,0.9259002770083102,363729.0,2234089.0,19,143469.0,2007674.0,5,0.0,1881000.0,1,1881000.0,AMGN260116P00330000,bought
AMGN,2025-12-02,4.708860759493671,1488.0,0.0,6938,4200146.0,1604,0.905860349127182,946270.0,206983.0,13,732600.0,57000.0,2,732600.0,0.0,1,732600.0,AMGN260116P00330000,sold
AMGN,2026-03-03,5.21025641025641,1016.0,0.0,6333,5839763.0,1724,0.9460556844547564,731440.0,910620.0,23,510684.0,766464.0,13,188790.0,589440.0,5,217500.0,AMGN260320C00385000,sold
AMLX,2024-01-03,4.561622464898596,1462.0,0.0,2590,347702.0,324,0.9197530864197532,0.0,0.0,0,0.0,0.0,0,0.0,0.0,0,22620.0,AMLX240517C00023000,bought
AMLX,2024-01-19,9.013262599469495,3398.0,0.0,6770,417142.0,611,0.823240589198036,0.0,0.0,0,0.0,0.0,0,0.0,0.0,0,21600.0,AMLX240216C00016000,bought
AMLX,2025-10-06,154.9,1549.0,0.0,3472,1033723.0,49,0.7959183673469388,610312.0,385312.0,8,610312.0,385312.0,8,541687.0,283028.0,5,270803.0,AMLX260515C00016000,bought
AMLX,2026-04-20,42.33802816901409,1503.0,0.0,3054,1465366.0,45,0.8888888888888888,584868.0,819108.0000000001,8,584868.0,819108.0000000001,8,508287.0,819108.0000000001,7,287271.0,AMLX261218C00018000,sold
AMLX,2026-08-07,37.6972972972973,3487.0,0.0,10381,4445849.0,485,0.9587628865979382,885000.0,2614468.0,8,885000.0,2506132.0,5,885000.0,2295000.0,2,2295000.0,AMLX260918P00021000,bought
AMPH,2026-09-28,132.6,1326.0,0.0,1333,239297.0,432,0.9189814814814816,0.0,0.0,0,0.0,0.0,0,0.0,0.0,0,5860.0,AMPH261016C00025000,sold
AMRX,2024-03-15,32.92537313432836,2206.0,0.0,2271,56625.0,234,0.6666666666666666,0.0,0.0,0,0.0,0.0,0,0.0,0.0,0,5400.0,AMRX240419C00005000,bought
AMRX,2024-05-17,6.010554089709762,1139.0,0.0,1141,26772.0,8,1.0,0.0,0.0,0,0.0,0.0,0,0.0,0.0,0,24725.0,AMRX240621C00007500,bought
AMRX,2024-06-10,135.7,2714.0,0.0,2723,47120.0,135,0.8592592592592593,0.0,0.0,0,0.0,0.0,0,0.0,0.0,0,3500.0,AMRX240719C00007500,bought
AMGN,2024-11-04,14.095490716180372,5314.0,0.0,17733,6369570.0,2838,0.9658210007047217,506575.0,2589134.0,14,407800.0,2456215.0,7,407800.0,2225000.0,3,2225000.0,AMGN241220C00360000,sold
CMPS,2026-04-16,20.307692307692307,6600.0,0.0,13235,596968.0,999,0.8468468468468469,37940.0,0.0,1,0.0,0.0,0,0.0,0.0,0,37940.0,CMPS260515C00008000,bought
ALT,2024-12-31,2.0935224223840554,2731.0,0.0,11960,995037.0,2092,0.8508604206500956,122400.0,145800.0,2,122400.0,145800.0,2,122400.0,145800.0,2,145800.0,ALT250221C00008000,sold
ALT,2024-10-16,2.479576399394856,1639.0,0.0,6772,497688.0,726,0.871900826446281,109950.0,62880.0,4,80250.0,0.0,1,0.0,0.0,0,80250.0,ALT250117C00007000,bought
COGT,2024-06-21,358.8,3588.0,0.0,3702,48783.0,84,0.4523809523809524,0.0,0.0,0,0.0,0.0,0,0.0,0.0,0,18390.0,COGT240621C00009000,mid
AQST,2026-08-24,3.923982869379015,3665.0,0.0,14147,435452.0,408,0.7426470588235294,0.0,29500.0,1,0.0,0.0,0,0.0,0.0,0,29500.0,AQST261120C00005000,sold
CNTA,2026-03-31,53.63025210084034,3191.0,0.0,7285,3726635.0,981,0.8481141692150866,387500.0,1043790.0,25,332960.0,723400.0,13,0.0,384840.0,3,171000.0,CNTA260417C00030000,sold
CNTA,2026-03-12,65.88235294117646,1120.0,0.0,1154,354004.0,33,1.0,300000.0,0.0,1,300000.0,0.0,1,300000.0,0.0,1,300000.0,CNTA260417C00030000,bought
CNTA,2026-01-23,37.0,2590.0,0.0,3027,1253357.0,223,0.9506726457399104,660000.0000000001,0.0,1,660000.0000000001,0.0,1,660000.0000000001,0.0,1,660000.0000000001,CNTA260320C00025000,bought
CNTA,2025-12-04,22.474074074074075,1517.0,0.0,1826,101376.0,53,0.981132075471698,0.0,0.0,0,0.0,0.0,0,0.0,0.0,0,22500.0,CNTA251219P00022500,sold
CNTA,2025-11-12,42.76923076923077,1112.0,0.0,1302,330436.0,199,0.949748743718593,25200.0,0.0,1,0.0,0.0,0,0.0,0.0,0,25200.0,CNTA251219P00025000,sold
CNTA,2025-02-27,2.1291547958214623,1121.0,0.0,2397,216279.0,84,0.9404761904761904,52500.0,29050.0,3,0.0,0.0,0,0.0,0.0,0,29050.0,CNTA250321C00017500,sold
CMRX,2025-02-18,8.872852233676976,1291.0,0.0,2688,132883.0,173,0.884393063583815,0.0,0.0,0,0.0,0.0,0,0.0,0.0,0,38500.00000000001,CMRX250321C00005000,mid
CMPX,2026-04-14,21.070782331027143,19796.0,0.0,20110,2162914.0,397,0.8916876574307305,150150.0,1724125.0,4,150150.0,1699100.0,3,150150.0,1699100.0,3,1499100.0,CMPX260515C00006000,sold
CMPX,2026-04-10,4.30188679245283,1596.0,0.0,2479,203340.0,281,0.9466192170818504,0.0,0.0,0,0.0,0.0,0,0.0,0.0,0,14400.0,CMPX260515C00005000,sold
CMPX,2026-04-07,8.796208530805687,2784.0,0.0,3571,466433.0,126,0.8174603174603174,66810.0,349140.0,4,66810.0,349140.0,4,0.0,349140.0,3,120000.0,CMPX260417C00006000,sold
CMPX,2026-03-31,42.0347551342812,13304.0,0.0,13445,1574029.0,190,0.9526315789473684,1037275.0,283130.0,13,1037275.0,0.0,3,1037275.0,0.0,3,625000.0,CMPX260417C00006000,bought
ALT,2024-10-29,2.169633507853403,1036.0,0.0,9014,842634.0,1124,0.8656583629893239,92015.0,0.0,3,0.0,0.0,0,0.0,0.0,0,33750.0,ALT241220C00007000,bought
CMPX,2026-03-05,187.2156862745098,19096.0,0.0,19360,423865.0,183,0.8852459016393442,0.0,300000.0,1,0.0,300000.0,1,0.0,300000.0,1,300000.0,CMPX260320C00008000,sold
CMPX,2026-03-03,287.1186440677966,8470.0,0.0,18725,2232777.0,174,0.8908045977011494,293490.0,1777475.0,10,237500.0,1777475.0,8,0.0,1777475.0,4,1150000.0,CMPX260417C00008000,sold
CMPX,2026-02-24,727.5,7275.0,0.0,14375,1610399.0,96,0.8854166666666666,1310000.0,0.0,2,1310000.0,0.0,2,1310000.0,0.0,2,950000.0,CMPX260417C00007000,bought
CMPX,2025-12-30,95.71428571428572,1005.0,0.0,1009,69181.0,46,0.6086956521739131,0.0,0.0,0,0.0,0.0,0,0.0,0.0,0,21700.0,CMPX260116C00005000,bought
CMPX,2025-11-14,218.6086956521739,5028.0,0.0,5046,255632.0,16,0.9375,0.0,250000.0,1,0.0,250000.0,1,0.0,250000.0,1,250000.0,CMPX251219C00005000,sold
CMPX,2025-11-13,232.69767441860463,5003.0,0.0,5128,225205.0,13,0.5384615384615384,0.0,0.0,0,0.0,0.0,0,0.0,0.0,0,107500.0,CMPX251219C00005000,mid
CMPS,2026-09-17,3.3778735632183907,2351.0,0.0,4375,537414.0,627,0.8819776714513556,61794.0,71397.0,4,0.0,0.0,0,0.0,0.0,0,39897.0,CMPS270521C00016000,sold
CMPS,2026-09-08,4.233144297416509,3359.0,0.0,5778,704996.0,564,0.8882978723404256,51740.0,28000.0,2,51740.0,0.0,1,0.0,0.0,0,51740.0,CMPS270115C00020000,bought
CMPS,2026-07-14,2.278778386844166,2910.0,0.0,6034,1375601.0,464,0.8943965517241379,411600.0,656510.0,9,284800.0,612800.0,4,284800.0,516000.0,3,373000.0,CMPS261120C00013000,sold
CMPS,2026-07-08,3.200181983621474,3517.0,0.0,4416,823358.0,384,0.8802083333333334,404000.0,32700.0,3,404000.0,0.0,2,350000.0,0.0,1,350000.0,CMPS260821C00014000,bought
CMPS,2026-06-26,2.685353889278206,1916.0,0.0,6202,1457256.0,811,0.9161528976572132,279470.0,63750.0,4,249470.0,63750.0,3,249470.0,0.0,2,126620.0,CMPS270115C00020000,bought
CMPS,2026-06-16,2.5624279677295427,3335.0,0.0,4466,573160.0,394,0.8477157360406091,367289.0,41400.0,3,367289.0,0.0,2,367289.0,0.0,2,230485.0,CMPS260717C00012000,bought
CMPS,2026-05-20,3.995212447636146,3338.0,0.0,5783,670075.0,481,0.8814968814968815,190000.0,0.0,1,190000.0,0.0,1,190000.0,0.0,1,190000.0,CMPS260717C00012000,bought
CMPS,2026-04-21,4.258461538461538,1384.0,0.0,9652,1272807.0,1024,0.8955078125,125040.0,188930.0,5,67000.0,156000.0,2,0.0,156000.0,1,156000.0,CMPS260515C00008000,sold
CMPX,2026-03-04,123.2421052631579,5854.0,0.0,6304,842487.0,156,0.967948717948718,371690.0,240125.0,9,304310.0,215125.0,6,0.0,215125.0,2,114960.0,CMPX260320C00008000,sold
CMPS,2026-01-20,2.5473441108545036,1103.0,0.0,1506,173288.0,229,0.7860262008733624,39500.0,0.0,1,0.0,0.0,0,0.0,0.0,0,39500.0,CMPS260220C00007500,bought
CMPS,2025-11-25,3.2867355043685467,2069.0,0.0,2449,73285.0,175,0.7942857142857143,0.0,0.0,0,0.0,0.0,0,0.0,0.0,0,18000.0,CMPS280121C00012000,sold
CMPS,2025-09-04,9.286054827175208,15582.0,0.0,16991,1292666.0,748,0.8983957219251337,425000.0,225000.0,2,425000.0,225000.0,2,425000.0,225000.0,2,425000.0,CMPS251017C00005000,bought
CAPR,2025-04-17,5.37046004842615,2218.0,0.0,14160,853283.0,649,0.9183359013867488,34800.0,44200.0,2,0.0,0.0,0,0.0,0.0,0,219835.00000000003,CAPR250516C00012500,mid
CAPR,2025-03-19,2.757409440175631,2512.0,0.0,4194,399252.0,576,0.9479166666666666,44800.00000000001,0.0,1,0.0,0.0,0,0.0,0.0,0,44800.00000000001,CAPR250417C00010000,bought
CAPR,2025-03-04,10.08449138410228,9071.0,0.0,15822,1517586.0,903,0.8770764119601329,92960.0,207125.0,5,50960.0,207125.0,4,0.0,0.0,0,72200.0,CAPR260116P00030000,bought
CAPR,2025-02-28,2.101503759398496,1677.0,0.0,5477,811225.0,371,0.894878706199461,351865.0,40000.0,3,325000.0,0.0,1,325000.0,0.0,1,325000.0,CAPR250321C00015000,bought
CAPR,2025-01-07,2.06281957633309,1412.0,0.0,2318,385830.0,185,0.8756756756756757,0.0,25120.0,1,0.0,0.0,0,0.0,0.0,0,25120.0,CAPR260116C00017500,sold
CAPR,2024-12-20,2.4053811659192825,2682.0,0.0,3176,940757.0,250,0.86,102645.0,144495.0,4,56744.99999999999,97110.0,2,0.0,0.0,0,212850.0,CAPR241220P00017500,mid
CAPR,2024-11-14,6.818431911966988,4957.0,0.0,8600,1466413.0,856,0.9334112149532712,156894.0,235313.0,7,116394.0,205063.0,5,0.0,0.0,0,85629.00000000001,CAPR250117C00007500,sold
CADL,2026-03-17,10.034042553191489,1179.0,0.0,1321,103916.0,197,0.9695431472081218,0.0,0.0,0,0.0,0.0,0,0.0,0.0,0,8250.0,CADL261016C00005000,mid
CADL,2025-03-26,3.57593984962406,1189.0,0.0,2339,189645.0,229,0.9432314410480348,0.0,0.0,0,0.0,0.0,0,0.0,0.0,0,10400.0,CADL250417C00005000,sold
CADL,2025-02-21,2.175618073316283,1276.0,0.0,3826,1174965.0,313,0.9361022364217252,307898.0,168300.0,15,0.0,0.0,0,0.0,0.0,0,75250.0,CADL250321C00009000,mid
CADL,2025-01-24,5.174652241112828,1674.0,0.0,3095,226769.0,192,0.8333333333333334,0.0,0.0,0,0.0,0.0,0,0.0,0.0,0,12500.0,CADL250417C00009000,sold
CABA,2026-05-27,2.936026936026936,2180.0,0.0,2892,217566.0,504,0.871031746031746,0.0,0.0,0,0.0,0.0,0,0.0,0.0,0,10075.0,CABA260618C00003500,sold
CABA,2024-12-06,9.49868073878628,1800.0,0.0,3193,228596.0,524,0.9045801526717556,0.0,0.0,0,0.0,0.0,0,0.0,0.0,0,22599.999999999996,CABA250117P00005000,sold
CAPR,2025-06-23,4.033018867924528,3420.0,0.0,19637,3276047.0,1167,0.882604970008569,664147.0,583123.0,18,512140.0,465693.0,9,186930.0,349923.0,3,206392.99999999997,CAPR250815P00012500,bought
CABA,2024-06-17,91.7741935483871,5690.0,0.0,5897,243819.0,74,0.8648648648648649,145500.0,0.0,2,145500.0,0.0,2,0.0,0.0,0,87500.0,CABA240621C00010000,bought
CABA,2024-04-01,42.654205607476634,2282.0,0.0,2732,467332.0,45,1.0,0.0,426680.0,3,0.0,426680.0,3,0.0,331100.0,2,222810.0,CABA240419P00017500,bought
CABA,2024-03-11,84.11764705882354,3575.0,0.0,8617,1715247.0,57,0.912280701754386,635000.0,1035000.0,4,635000.0,1035000.0,4,635000.0,1035000.0,4,825000.0,CABA240419P00020000,bought
BPMC,2025-03-17,10.54468085106383,1239.0,0.0,2215,262983.0,81,0.9135802469135802,0.0,88200.0,1,0.0,88200.0,1,0.0,0.0,0,88200.0,BPMC250417C00100000,sold
BPMC,2024-11-22,14.162544169611309,2004.0,0.0,5264,4616682.0,318,0.8616352201257862,4371305.0,0.0,2,4371305.0,0.0,2,4371305.0,0.0,2,2295480.0000000005,BPMC251219P00100000,sold
BPMC,2024-06-11,36.950819672131146,1127.0,0.0,2356,854717.0,37,0.918918918918919,114570.0,649045.0,4,114570.0,649045.0,4,0.0,649045.0,2,371350.0,BPMC241018C00125000,sold
BPMC,2024-01-19,37.88059701492537,1269.0,0.0,2461,1488647.0,70,0.9285714285714286,406080.0,864700.0,3,406080.0,864700.0,3,406080.0,808300.0,2,808300.0,BPMC240119C00065000,sold
BNTX,2026-09-11,2.532867132867133,1811.0,0.0,5716,1984081.0,1143,0.8827646544181977,1280790.0,0.0,10,1253080.0,0.0,9,822704.0,0.0,3,476204.0,BNTX270319C00070000,bought
BNTX,2026-07-28,15.144385026737968,1416.0,0.0,2170,258087.0,258,0.7984496124031008,125000.0,0.0,1,125000.0,0.0,1,125000.0,0.0,1,125000.0,BNTX270115P00070000,sold
BNTX,2025-11-24,4.599571734475375,1074.0,0.0,1744,1014832.0,323,0.913312693498452,475803.0,0.0,13,213550.0,0.0,4,0.0,0.0,0,53510.0,BNTX280121C00050000,bought
BNTX,2025-04-11,8.798319327731093,1047.0,0.0,1591,474780.0,176,0.9488636363636364,102650.0,26460.000000000004,4,0.0,0.0,0,0.0,0.0,0,38220.00000000001,BNTX250516C00100000,bought
BNTX,2025-01-13,2.5964285714285715,1454.0,0.0,2604,789363.0,592,0.9324324324324323,98500.0,0.0,2,64500.0,0.0,1,0.0,0.0,0,64500.0,BNTX260116P00120000,sold
BNTX,2024-12-23,3.2547169811320753,1035.0,0.0,1865,703652.0,263,0.9543726235741444,26208.0,290272.0,4,0.0,244000.0,2,0.0,244000.0,2,124000.0,BNTX250117C00120000,sold
BNTX,2024-08-14,8.286472148541113,1562.0,0.0,8219,1193364.0,1037,0.8862102217936355,295700.0,239550.0,4,295700.0,239550.0,4,295700.0,239550.0,4,191200.0,BNTX260116C00095000,bought
CABA,2024-06-05,115.02564102564102,2243.0,0.0,4403,300552.0,361,0.5623268698060941,107570.0,0.0,1,107570.0,0.0,1,107570.0,0.0,1,107570.0,CABA240621C00012500,bought
CAPR,2025-07-29,5.2342342342342345,3486.0,0.0,5218,487766.0,477,0.939203354297694,89454.0,32830.0,4,0.0,0.0,0,0.0,0.0,0,32830.0,CAPR250919P00010000,bought
CAPR,2025-11-11,15.764841498559075,13676.0,0.0,42847,5999735.0,2959,0.953362622507604,621925.0,693770.0,31,0.0,493470.0,5,0.0,255030.0,2,136030.0,CAPR251219P00006000,bought
CAPR,2025-11-18,2.59214501510574,3432.0,0.0,8477,1089425.0,926,0.9330453563714904,0.0,59630.0,2,0.0,0.0,0,0.0,0.0,0,33630.0,CAPR251219P00006000,bought
CMPS,2025-08-22,3.7478176527643066,5796.0,0.0,6724,361760.0,360,0.8972222222222223,148405.0,0.0,2,98500.0,0.0,1,0.0,0.0,0,98500.0,CMPS250919C00005000,bought
CMPS,2025-07-31,14.786846741045215,12591.0,0.0,14457,1252740.0,391,0.9462915601023018,918750.0,0.0,1,918750.0,0.0,1,918750.0,0.0,1,918750.0,CMPS250919P00005000,sold
CMPS,2025-07-23,2.208100558659218,1581.0,0.0,2050,127804.0,177,0.8813559322033898,0.0,0.0,0,0.0,0.0,0,0.0,0.0,0,8580.0,CMPS260220C00005000,bought
CMPS,2025-07-21,3.1356429829712273,2670.0,0.0,4027,233903.0,252,0.9087301587301588,0.0,0.0,0,0.0,0.0,0,0.0,0.0,0,45250.0,CMPS250815C00005000,mid
CMPS,2025-06-23,16.550251256281406,6587.0,0.0,16410,799408.0,1310,0.7916030534351145,212210.0,98800.0,4,179810.0,98800.0,3,0.0,0.0,0,99800.0,CMPS260220P00007500,sold
CLYM,2026-09-16,2.1262959472196044,1128.0,0.0,1233,142850.0,82,0.975609756097561,0.0,25000.0,1,0.0,0.0,0,0.0,0.0,0,25000.0,CLYM261016P00012500,bought
CLYM,2026-08-26,23.061068702290076,3021.0,0.0,21752,8784397.0,825,0.9745454545454544,2909862.0,4411915.0,57,2745708.0,3813918.0,34,2405827.0,3405704.0,22,488250.0,CLYM261218C00015000,bought
CGON,2026-06-25,38.53488372093023,6628.0,0.0,23042,10630825.0,302,0.8940397350993378,6251700.0,3406050.0,8,6251700.0,3312000.0,5,6251700.0,3312000.0,5,4472000.0,CGON260821C00070000,bought
CGON,2026-05-26,186.9591836734694,9161.0,0.0,57419,18431656.0,367,0.9209809264305178,12447500.0,3870000.0,7,12447500.0,3870000.0,7,12285000.0,3870000.0,5,5400000.0,CGON260717C00075000,bought
CGON,2026-05-21,23.693877551020407,1161.0,0.0,2402,1344670.0,766,0.9869451697127938,0.0,57050.0,2,0.0,0.0,0,0.0,0.0,0,31752.0,CGON261016C00070000,sold
CGON,2026-04-07,149.92592592592592,2024.0,0.0,5826,3537841.0,1007,0.971201588877855,1229018.0,872235.0,12,1189643.0,831135.0,10,840000.0,460000.0,2,840000.0,CGON260515C00070000,bought
CGON,2026-01-16,24.204651162790697,2602.0,0.0,2766,1162482.0,844,0.9739336492890996,0.0,94100.0,2,0.0,50000.0,1,0.0,0.0,0,50000.0,CGON260116C00050000,sold
CGON,2026-01-13,24.9390243902439,2045.0,0.0,2263,1011084.0,241,0.8132780082987552,36250.0,553315.0,9,0.0,331385.0,2,0.0,331385.0,2,167500.0,CGON260116C00050000,sold
CGON,2025-12-23,20.095238095238095,1055.0,0.0,1085,273579.0,94,1.0,0.0,104250.0,3,0.0,0.0,0,0.0,0.0,0,39500.0,CGON260116C00040000,sold
CGEM,2025-11-24,57.46086956521739,3304.0,0.0,8754,2220878.0,2011,0.9522625559423172,136020.0,166300.0,7,58000.0,65250.0,2,0.0,0.0,0,65250.0,CGEM260116C00010000,sold
CERE,2024-07-18,9.232558139534884,1588.0,0.0,4132,502742.0,151,0.913907284768212,90000.0,210000.0,2,90000.0,210000.0,2,0.0,210000.0,1,210000.0,CERE240816P00040000,bought
CERE,2024-06-25,371.66101694915255,21928.0,0.0,40838,6946612.0,879,0.924914675767918,880925.0,4547000.0,13,818000.0,4547000.0,11,818000.0,4547000.0,11,940000.0,CERE240816P00040000,bought
CERE,2024-02-08,91.7391304347826,1055.0,0.0,2565,363392.0,74,0.945945945945946,135000.0,195000.0,2,135000.0,195000.0,2,135000.0,195000.0,2,195000.0,CERE240621P00040000,bought
CDTX,2025-12-19,331.0,3310.0,0.0,13126,2290399.0,117,0.7948717948717948,166546.0,1303250.0,4,166546.0,1303250.0,4,112546.0,1252250.0,2,1252250.0,CDTX251219C00120000,sold
CDTX,2025-07-14,9.329787234042554,1754.0,0.0,5338,9623365.0,426,0.8169014084507042,5045671.0,3168120.0,33,4421823.0,2946832.0,8,4177497.999999999,2946832.0,4,3950547.999999999,CDTX250718C00025000,bought
CDMO,2024-09-10,196.9,1969.0,0.0,2046,390055.0,1260,0.9753968253968254,0.0,0.0,0,0.0,0.0,0,0.0,0.0,0,12947.999999999998,CDMO241018C00007500,sold
CDMO,2024-03-08,88.08,2202.0,0.0,2211,74002.0,128,0.859375,0.0,0.0,0,0.0,0.0,0,0.0,0.0,0,8575.0,CDMO240419C00007500,sold
CCCC,2024-08-20,1086.6,10866.0,0.0,11124,498860.0,83,0.7951807228915663,0.0,0.0,0,0.0,0.0,0,0.0,0.0,0,450000.0,CCCC240920P00005000,mid
CAPR,2026-08-24,6.792954990215264,8678.0,0.0,33677,2225406.0,2975,0.8722689075630252,449360.0,33800.0,4,370000.0,0.0,1,370000.0,0.0,1,370000.0,CAPR270115C00007500,bought
CAPR,2026-08-20,2.306338028169014,1965.0,0.0,22437,2964631.0,2540,0.9051181102362204,517508.0,245958.0,6,517508.0,245958.0,6,380660.0,163590.0,3,214200.0,CAPR260918C00012000,bought
CAPR,2026-08-10,14.0,3766.0,0.0,6185,484456.0,551,0.925589836660617,0.0,176150.0,3,0.0,132500.0,2,0.0,0.0,0,80000.0,CAPR260918P00003000,bought
CAPR,2026-07-30,27.15483870967742,4209.0,0.0,29829,2661110.0,2669,0.8804795803671788,637580.0,398600.0,12,576150.0,221980.0,5,516450.0,123070.0,3,283200.0,CAPR270115P00060000,sold
CAPR,2026-05-12,14.74074074074074,1393.0,0.0,3274,316437.0,265,0.8679245283018868,0.0,0.0,0,0.0,0.0,0,0.0,0.0,0,12200.0,CAPR260515C00035000,sold
CAPR,2026-03-23,14.556792873051226,3268.0,0.0,10696,1163613.0,537,0.9590316573556796,32680.0,539256.0,4,0.0,502056.0,2,0.0,502056.0,2,258367.99999999997,CAPR270115P00010000,bought
BNTX,2024-08-02,8.15258855585831,1496.0,0.0,8752,2067188.0,1014,0.935897435897436,1319300.0,41800.0,2,1319300.0,0.0,1,1319300.0,0.0,1,1319300.0,BNTX240920C00082500,bought
COGT,2024-08-16,106.8,1068.0,0.0,1074,90419.0,25,0.96,62122.0,0.0,1,62122.0,0.0,1,0.0,0.0,0,62122.0,COGT240920C00010000,bought
BCRX,2026-09-01,3.2547019445329934,5105.0,0.0,5756,427371.0,366,0.8825136612021858,0.0,29850.0,1,0.0,0.0,0,0.0,0.0,0,29850.0,BCRX270115C00010000,sold
BCRX,2026-08-03,3.86628324946082,2689.0,0.0,2751,127595.0,183,0.9617486338797814,79020.0,0.0,2,0.0,0.0,0,0.0,0.0,0,43500.0,BCRX260918P00010000,sold
ARWR,2025-05-13,10.778135048231512,1676.0,0.0,3676,795580.0,386,0.8575129533678757,101150.0,31850.0,3,66150.0,0.0,1,0.0,0.0,0,66150.0,ARWR250516C00011000,bought
ARWR,2024-11-26,23.235294117647054,2765.0,0.0,5276,969465.0,682,0.936950146627566,78000.0,307500.0,6,0.0,280000.0,3,0.0,220000.0,2,110000.0,ARWR250117C00024000,sold
ARWR,2024-09-17,8.828947368421053,1342.0,0.0,1682,268358.0,105,0.9142857142857144,0.0,73005.0,1,0.0,73005.0,1,0.0,0.0,0,73005.0,ARWR241018P00020000,bought
ARWR,2024-06-21,17.068493150684933,1246.0,0.0,2521,459089.0,251,0.7609561752988048,33708.00000000001,128104.0,3,0.0,83104.0,1,0.0,0.0,0,83104.0,ARWR240920C00025000,sold
ARWR,2024-03-14,10.244220509780677,8641.0,0.0,9431,1502918.0,298,0.9429530201342282,827010.0,140000.0,3,800000.0,140000.0,2,800000.0,140000.0,2,800000.0,ARWR240419C00030000,bought
ARWR,2024-03-04,2.1958174904942966,1155.0,0.0,1341,272725.0,342,0.9649122807017544,0.0,0.0,0,0.0,0.0,0,0.0,0.0,0,17550.0,ARWR240315C00030000,sold
ARWR,2024-03-01,7.161793372319688,3674.0,0.0,5041,1433287.0,647,0.9242658423493044,353155.0,252156.0,8,212895.0,210156.0,3,158613.0,210156.0,2,210156.0,ARWR240621C00030000,sold
ARWR,2024-02-29,14.180710659898477,6984.0,0.0,7756,1091566.0,950,0.9336842105263158,217300.0,75000.0,3,185300.0,75000.0,2,185300.0,0.0,1,185300.0,ARWR240315C00040000,bought
ARWR,2024-02-28,8.303769401330378,3745.0,0.0,4433,960181.0,721,0.9528432732316228,125485.0,0.0,3,50000.0,0.0,1,0.0,0.0,0,50000.0,ARWR240419C00035000,bought
ARWR,2024-02-22,12.075,2898.0,0.0,2931,486678.0,322,0.9782608695652174,0.0,0.0,0,0.0,0.0,0,0.0,0.0,0,16500.0,ARWR240419C00030000,bought
ARVN,2026-06-22,17.32846715328467,1187.0,0.0,1206,36561.0,57,0.9824561403508772,0.0,0.0,0,0.0,0.0,0,0.0,0.0,0,9152.000000000002,ARVN260717C00008000,sold
ARVN,2025-09-18,11.1640625,1429.0,0.0,2491,139443.0,343,0.7959183673469388,0.0,0.0,0,0.0,0.0,0,0.0,0.0,0,8625.0,ARVN251219C00007500,sold
ARVN,2025-08-11,5.466666666666667,2255.0,0.0,3329,72209.0,279,0.6953405017921147,0.0,0.0,0,0.0,0.0,0,0.0,0.0,0,5325.0,ARVN250919C00007500,sold
ARWR,2025-07-23,7.32943469785575,1880.0,0.0,3874,628674.0,475,0.8336842105263158,36250.0,49455.0,2,0.0,0.0,0,0.0,0.0,0,49455.0,ARWR250815C00012000,sold
ARVN,2025-07-21,4.448888888888889,2002.0,0.0,2023,136921.0,118,0.9152542372881356,0.0,0.0,0,0.0,0.0,0,0.0,0.0,0,12155.0,ARVN250919C00007500,sold
ARVN,2025-06-18,2.549520766773163,1596.0,0.0,2237,130443.0,144,0.9236111111111112,0.0,0.0,0,0.0,0.0,0,0.0,0.0,0,22055.0,ARVN251017C00010000,sold
ARVN,2025-06-02,5.657397107897664,5086.0,0.0,6602,419892.0,328,0.8536585365853658,100000.0,60000.0,2,100000.0,60000.0,2,100000.0,0.0,1,100000.0,ARVN250718P00007500,sold
ARVN,2025-03-05,2.566469975702881,3697.0,0.0,18402,1680342.0,1543,0.9734283862605314,359100.0,350850.0,4,359100.0,325850.0,3,359100.0,227429.99999999997,2,359100.0,ARVN250321C00025000,bought
ARVN,2025-02-19,3.0864661654135337,1642.0,0.0,3218,740708.0,1065,0.9671361502347418,25875.0,0.0,1,0.0,0.0,0,0.0,0.0,0,25875.0,ARVN250321C00022500,bought
ARVN,2025-01-28,36.7168458781362,5122.0,0.0,15376,3028444.0,996,0.9387550200803212,910000.0,1190000.0,5,910000.0,1190000.0,5,910000.0,1190000.0,5,660000.0,ARVN250321C00022500,bought
ARVN,2024-03-12,33.39325842696629,1486.0,0.0,2149,88818.0,8,0.5,76154.0,0.0,1,76154.0,0.0,1,0.0,0.0,0,76154.0,ARVN240315P00045000,sold
ARQT,2025-12-04,6.637209302325582,1427.0,0.0,1733,420046.0,200,0.975,32000.0,0.0,1,0.0,0.0,0,0.0,0.0,0,85840.00000000001,ARQT251219C00015000,mid
ARQT,2025-11-11,5.4376528117359415,1112.0,0.0,1146,168343.0,67,1.0,0.0,27000.0,1,0.0,0.0,0,0.0,0.0,0,27000.0,ARQT251219C00025000,sold
ARQT,2025-10-07,6.340869565217392,1823.0,0.0,2327,296547.0,157,0.8598726114649682,0.0,0.0,0,0.0,0.0,0,0.0,0.0,0,23500.0,ARQT251017C00017500,bought
ARQT,2025-10-02,6.965665236051502,1623.0,0.0,2183,398271.0,216,0.8935185185185185,69300.0,26000.0,3,0.0,0.0,0,0.0,0.0,0,36000.0,ARQT251017C00017500,bought
ARQT,2025-07-02,5.212719298245614,2377.0,0.0,3164,187345.0,79,0.9493670886075948,40000.0,90000.0,2,0.0,90000.0,1,0.0,0.0,0,90000.0,ARQT250815C00015000,sold
ARQT,2025-04-30,5.891451831750339,2171.0,0.0,2342,345241.0,65,0.9384615384615383,220000.0,0.0,1,220000.0,0.0,1,220000.0,0.0,1,220000.0,ARQT250516P00015000,sold
ARQT,2024-11-12,4.2045760430686405,3124.0,0.0,3212,170655.0,97,0.9896907216494846,0.0,92565.0,1,0.0,92565.0,1,0.0,0.0,0,92565.0,ARQT241115C00010000,sold
ARVN,2025-07-07,2.0676156583629894,1162.0,0.0,1216,20538.0,71,0.5774647887323944,0.0,0.0,0,0.0,0.0,0,0.0,0.0,0,1700.0,ARVN250815C00007500,bought
ARQT,2024-11-07,27.900937081659972,10421.0,0.0,10573,390615.0,194,0.8865979381443299,0.0,106150.0,2,0.0,70650.0,1,0.0,0.0,0,70650.0,ARQT241115C00010000,sold
ARWR,2025-08-08,5.1727078891258,1213.0,0.0,1645,119556.0,114,0.9298245614035088,48365.0,0.0,1,0.0,0.0,0,0.0,0.0,0,48365.0,ARWR250919C00018000,bought
ARWR,2026-06-18,12.78838174273859,1541.0,0.0,5743,4779186.0,689,0.8795355587808418,1095192.0,1490665.0,49,705056.0,923665.0,21,145700.0,413625.0,5,204449.99999999997,ARWR260717C00075000,mid
AQST,2024-04-25,2.886672710788758,1592.0,0.0,3949,139448.0,125,0.872,0.0,54880.00000000001,1,0.0,54880.00000000001,1,0.0,0.0,0,54880.00000000001,AQST240621C00004000,sold
AQST,2024-05-21,2.834437086092715,1498.0,0.0,1839,35729.0,56,0.9107142857142856,0.0,0.0,0,0.0,0.0,0,0.0,0.0,0,8500.0,AQST240621C00003500,sold
AQST,2025-10-08,6.793354101765317,3271.0,0.0,10454,1102842.0,941,0.951115834218916,127500.0,25330.0,2,127500.0,0.0,1,127500.0,0.0,1,127500.0,AQST260220P00005000,sold
AQST,2025-10-09,6.908212560386473,3575.0,0.0,8029,1014439.0,677,0.9217134416543574,203785.0,87300.0,7,123500.0,54000.0,3,0.0,0.0,0,67500.0,AQST251121C00006000,bought
AQST,2025-12-29,2.213903743315508,1449.0,0.0,3982,512207.0,461,0.9197396963123644,0.0,146300.0,1,0.0,146300.0,1,0.0,146300.0,1,146300.0,AQST260220C00001000,sold
ATYR,2025-07-23,9.541484716157203,6555.0,0.0,19859,3464133.0,2916,0.9482167352537724,62000.0,884369.9999999999,4,0.0,884369.9999999999,2,0.0,832369.9999999999,1,832369.9999999999,ATYR250919P00004000,bought
ATYR,2025-07-14,3.4500683994528045,1261.0,0.0,5714,539209.0,768,0.953125,52000.0,25499.999999999996,2,52000.0,0.0,1,0.0,0.0,0,52000.0,ATYR251121C00007500,bought
ATXS,2024-03-08,25.45945945945946,1413.0,0.0,1531,119834.0,47,0.9361702127659576,60000.0,0.0,1,60000.0,0.0,1,0.0,0.0,0,60000.0,ATXS240315P00010000,sold
ATAI,2026-09-03,23.128205128205128,1353.0,0.0,6960,727286.0,287,0.6027874564459931,54400.0,55704.0,4,0.0,0.0,0,0.0,0.0,0,30504.000000000004,ATAI260918P00008000,bought
AQST,2026-01-13,7.036126056879324,9154.0,0.0,15050,915326.0,694,0.8919308357348703,305740.0,262500.0,5,273240.0,262500.0,4,198240.0,262500.0,3,198240.0,AQST260220C00005000,bought
ATAI,2026-07-07,5.791666666666667,4448.0,0.0,5319,249692.0,251,0.9083665338645418,29792.0,0.0,1,0.0,0.0,0,0.0,0.0,0,29792.0,ATAI260717C00005000,bought
ATAI,2026-06-16,2.250778816199377,1445.0,0.0,2258,90294.0,203,0.8522167487684729,0.0,0.0,0,0.0,0.0,0,0.0,0.0,0,11350.0,ATAI260821C00005000,bought
ATAI,2026-06-01,3.2226787181594085,1961.0,0.0,8617,713775.0,610,0.9131147540983606,287568.0,0.0,1,287568.0,0.0,1,287568.0,0.0,1,287568.0,ATAI280121C00012000,bought
ARWR,2025-11-20,20.94009216589862,2272.0,0.0,10037,3836579.0,345,0.863768115942029,1605038.0,1502175.0,19,1447183.0,1415875.0,13,1068455.0,1074805.0,4,840225.0,ARWR260320C00045000,sold
ATAI,2026-05-15,2.3719165085388996,1875.0,0.0,3206,147842.0,234,0.6965811965811965,0.0,0.0,0,0.0,0.0,0,0.0,0.0,0,18880.0,ATAI270115C00003000,sold
ATAI,2026-02-24,15.573835480673935,7857.0,0.0,10765,746705.0,383,0.9060052219321147,165000.0,35000.0,3,165000.0,0.0,2,0.0,0.0,0,82500.0,ATAI280121C00002000,bought
ATAI,2026-02-20,6.189155107187894,2454.0,0.0,3177,143875.0,242,0.8264462809917356,0.0,0.0,0,0.0,0.0,0,0.0,0.0,0,20000.0,ATAI260320C00005000,sold
ATAI,2026-02-18,3.10718789407314,1232.0,0.0,2672,158881.0,239,0.8451882845188284,0.0,0.0,0,0.0,0.0,0,0.0,0.0,0,18542.0,ATAI260515C00003000,sold
ATAI,2026-02-17,7.254601226993865,2365.0,0.0,4618,242753.0,164,0.8902439024390244,0.0,32500.0,1,0.0,0.0,0,0.0,0.0,0,32500.0,ATAI270115C00010000,sold
ATAI,2026-02-09,10.560919540229886,2297.0,0.0,3579,252846.0,185,0.8648648648648649,26600.0,0.0,1,0.0,0.0,0,0.0,0.0,0,26600.0,ATAI260220C00002500,bought
ATAI,2025-11-18,2.7022815804117974,2428.0,0.0,3768,290750.0,241,0.7717842323651453,0.0,156250.0,1,0.0,156250.0,1,0.0,156250.0,1,156250.0,ATAI251121P00005000,bought
ATAI,2025-08-25,4.335353535353535,2146.0,0.0,7099,729234.0,854,0.9133489461358314,35890.0,0.0,1,0.0,0.0,0,0.0,0.0,0,35890.0,ATAI251121C00001500,bought
ATAI,2025-08-22,2.319912948857454,1066.0,0.0,2916,264786.0,327,0.9296636085626911,0.0,53946.0,1,0.0,53946.0,1,0.0,0.0,0,53946.0,ATAI260220C00002500,sold
ATAI,2025-08-21,2.5941240478781284,1192.0,0.0,2797,181935.0,408,0.8946078431372549,0.0,0.0,0,0.0,0.0,0,0.0,0.0,0,11144.000000000002,ATAI260220C00007500,sold
ATAI,2025-07-31,2.345054945054945,2134.0,0.0,15173,826444.0,1242,0.9355877616747182,26820.0,0.0,1,0.0,0.0,0,0.0,0.0,0,26820.0,ATAI260220C00005000,bought
ASND,2026-03-11,17.253807106598984,3399.0,0.0,3784,1277735.0,710,0.9859154929577464,104390.0,0.0,3,0.0,0.0,0,0.0,0.0,0,38340.0,ASND260417C00230000,bought
ASND,2026-01-09,13.873015873015872,1311.0,0.0,2483,1418614.0,108,0.9351851851851852,383130.0,739050.0,12,383130.0,592200.0,7,182200.0,592200.0,4,210000.0,ASND260116C00230000,sold
ARWR,2026-09-15,13.86231884057971,1913.0,0.0,5900,1901886.0,861,0.8908246225319396,185920.0,181200.0,6,146880.0,138000.0,4,0.0,0.0,0,76880.0,ARWR260918C00080000,bought
ATAI,2026-04-16,17.98828125,4605.0,0.0,9156,345310.0,774,0.7583979328165374,0.0,0.0,0,0.0,0.0,0,0.0,0.0,0,18000.0,ATAI260515C00004000,bought
ARQT,2024-09-19,3.702811244979919,1383.0,0.0,1525,125627.0,180,0.9333333333333332,0.0,0.0,0,0.0,0.0,0,0.0,0.0,0,8400.0,ARQT260116C00012500,sold
ARQT,2024-09-04,3.7060773480662985,1677.0,0.0,2398,137476.0,137,0.291970802919708,0.0,99225.0,2,0.0,58725.0,1,0.0,0.0,0,58725.0,ARQT241220C00012500,sold
ARQT,2024-08-15,81.11392405063292,12816.0,0.0,13685,542783.0,368,0.8260869565217391,0.0,411320.0,4,0.0,330140.0,2,0.0,330140.0,2,213620.00000000003,ARQT240920C00010000,sold
ARDX,2025-04-07,4.82420278004906,2950.0,0.0,3225,179513.0,132,0.8712121212121212,0.0,0.0,0,0.0,0.0,0,0.0,0.0,0,17925.0,ARDX250516C00004000,bought
ARDX,2025-03-27,8.010802469135802,5191.0,0.0,6433,673385.0,178,0.9213483146067416,383580.0,62500.0,6,306833.0,62500.0,4,131868.0,0.0,1,131868.0,ARDX260116C00005000,bought
ARDX,2025-03-26,18.441292356185972,11701.0,0.0,9440,466810.0,171,0.9473684210526316,353740.0,0.0,3,353740.0,0.0,3,269740.0,0.0,2,140000.0,ARDX250417C00005000,bought
ARDX,2025-02-24,5.951076320939334,3041.0,0.0,3753,165550.0,324,0.9166666666666666,0.0,0.0,0,0.0,0.0,0,0.0,0.0,0,14235.0,ARDX250417C00005000,bought
ARDX,2024-11-01,3.5181644359464626,2760.0,0.0,12063,767454.0,931,0.8958109559613319,54350.0,41699.99999999999,3,0.0,0.0,0,0.0,0.0,0,41699.99999999999,ARDX241115C00005000,sold
ARDX,2024-10-09,8.11634349030471,1465.0,0.0,2489,168000.0,179,0.8659217877094972,0.0,0.0,0,0.0,0.0,0,0.0,0.0,0,20000.0,ARDX250117C00005000,bought
ARDX,2024-08-13,4.23859649122807,3020.0,0.0,3497,49141.0,124,0.8548387096774194,0.0,0.0,0,0.0,0.0,0,0.0,0.0,0,4800.0,ARDX240816C00005000,bought
ARDX,2024-08-08,3.0645879732739423,2064.0,0.0,2804,104253.0,158,0.7215189873417721,25530.0,0.0,1,0.0,0.0,0,0.0,0.0,0,25530.0,ARDX250117C00004500,bought
ARDX,2024-08-02,4.919168591224018,3195.0,0.0,10524,484024.0,723,0.7773167358229599,27000.0,48000.0,2,0.0,0.0,0,0.0,0.0,0,48000.0,ARDX240816C00006000,sold
ARDX,2024-08-01,2.4178137651821863,1493.0,0.0,10686,330821.0,520,0.8730769230769231,0.0,0.0,0,0.0,0.0,0,0.0,0.0,0,22400.0,ARDX240802C00005000,mid
ARDX,2024-07-25,2.606281957633309,1784.0,0.0,4264,402214.0,217,0.8525345622119815,0.0,201305.0,4,0.0,94800.0,1,0.0,0.0,0,94800.0,ARDX240816C00004000,sold
ARDX,2024-06-13,3.963206307490145,1508.0,0.0,2672,261896.0,230,0.9217391304347826,0.0,39804.99999999999,1,0.0,0.0,0,0.0,0.0,0,39804.99999999999,ARDX240719P00007000,bought
ARDX,2024-03-22,2.3861459100957996,1619.0,0.0,3294,427742.0,178,0.9325842696629212,0.0,0.0,0,0.0,0.0,0,0.0,0.0,0,19980.0,ARDX240419C00004000,sold
ARDX,2025-04-29,2.2172523961661343,1388.0,0.0,3201,125092.0,133,0.8195488721804511,0.0,0.0,0,0.0,0.0,0,0.0,0.0,0,15000.0,ARDX250516P00005000,bought
ARDX,2024-03-15,4.11554800339847,2422.0,0.0,8382,1264904.0,433,0.8660508083140878,174613.0,196983.0,10,0.0,51935.0,1,0.0,0.0,0,51935.0,ARDX250117C00002000,sold
ARDX,2024-02-23,7.954070981210856,1905.0,0.0,19660,993796.0,1590,0.8842767295597485,0.0,111500.0,4,0.0,0.0,0,0.0,0.0,0,28000.0,ARDX240719C00007000,sold
ARDX,2024-02-13,2.9873417721518987,1062.0,0.0,6989,869971.0,821,0.9293544457978076,25200.0,220360.0,5,0.0,137830.0,2,0.0,0.0,0,87000.0,ARDX240419C00007000,sold
AQST,2026-06-11,5.898843930635838,2041.0,0.0,4397,110144.0,167,0.6586826347305389,0.0,0.0,0,0.0,0.0,0,0.0,0.0,0,7640.000000000001,AQST260717C00004000,sold
ARDX,2024-02-02,5.587516960651289,2059.0,0.0,8103,577011.0,551,0.911070780399274,0.0,39000.0,1,0.0,0.0,0,0.0,0.0,0,39000.0,ARDX240419C00005000,sold
ARCT,2025-12-11,12.154696132596683,1100.0,0.0,1458,53242.0,42,0.5714285714285714,0.0,0.0,0,0.0,0.0,0,0.0,0.0,0,20000.0,ARCT251219C00007500,sold
ARCT,2025-12-08,15.172413793103448,1100.0,0.0,1183,44538.0,56,0.8035714285714286,0.0,0.0,0,0.0,0.0,0,0.0,0.0,0,12400.0,ARCT251219C00007500,sold
ARCT,2025-10-17,3.071838511775183,7761.0,0.0,13254,3297733.0,1379,0.9013778100072516,923564.0,395915.0,18,828494.0,205665.0,9,651690.0,155040.0,5,269939.99999999994,ARCT251121P00017500,sold
ARCT,2025-10-02,4.227330779054917,1655.0,0.0,3934,898912.0,680,0.9779411764705882,58234.0,68500.0,4,0.0,0.0,0,0.0,0.0,0,40000.0,ARCT251017C00025000,sold
ARCT,2025-10-01,17.4519056261343,4808.0,0.0,15177,3566676.0,1048,0.8654580152671756,1381242.0,459697.0,26,1181722.0,264170.0,14,821723.0,0.0,6,232848.0,ARCT251017P00030000,sold
ARCT,2025-09-19,19.042471042471043,2466.0,0.0,8455,2452763.0,920,0.9510869565217392,702134.0,522535.0,11,610566.0,522535.0,9,364800.0,469335.0,4,364800.0,ARCT251017C00022500,bought
ARCT,2025-09-16,6.765217391304348,1167.0,0.0,4495,869548.0,535,0.9644859813084112,30660.000000000004,0.0,1,0.0,0.0,0,0.0,0.0,0,30660.000000000004,ARCT251017C00020000,bought
ARCT,2025-06-30,25.75609756097561,1584.0,0.0,1697,217416.0,94,0.9680851063829788,0.0,0.0,0,0.0,0.0,0,0.0,0.0,0,16000.0,ARCT250815C00012500,sold
ARCT,2024-12-12,15.373134328358208,1030.0,0.0,1035,28051.0,121,0.9090909090909092,0.0,0.0,0,0.0,0.0,0,0.0,0.0,0,1650.0,ARCT241220C00020000,sold
ARDX,2024-03-05,5.162331838565023,2878.0,0.0,9750,716144.0,771,0.8715953307392996,64530.0,0.0,2,0.0,0.0,0,0.0,0.0,0,32400.0,ARDX240719C00006000,bought
ARDX,2025-09-19,6.027777777777778,1085.0,0.0,1840,125752.0,106,0.7358490566037735,49200.0,0.0,1,0.0,0.0,0,0.0,0.0,0,49200.0,ARDX251017C00005000,bought
ARDX,2025-10-13,29.87376725838264,7573.0,0.0,13005,1362030.0,174,0.9022988505747126,682000.0,0.0,1,682000.0,0.0,1,682000.0,0.0,1,682000.0,ARDX251121C00004000,bought
ARDX,2025-10-16,4.386587771203156,1112.0,0.0,2002,120217.0,92,0.9021739130434784,0.0,0.0,0,0.0,0.0,0,0.0,0.0,0,10710.0,ARDX251017P00006000,sold
ARQT,2024-07-08,35.53488372093023,2292.0,0.0,5265,372255.0,618,0.93042071197411,0.0,0.0,0,0.0,0.0,0,0.0,0.0,0,12900.0,ARQT241220C00007500,bought
ARQT,2024-05-15,4.0071942446043165,1114.0,0.0,4021,508553.0,354,0.9209039548022598,37500.0,131625.0,2,0.0,131625.0,1,0.0,131625.0,1,131625.0,ARQT240920C00010000,sold
ARQT,2024-05-06,5.099236641221374,1670.0,0.0,2092,66220.0,174,0.913793103448276,0.0,0.0,0,0.0,0.0,0,0.0,0.0,0,17500.0,ARQT240920C00005000,bought
ARQT,2024-05-01,3.94147582697201,1549.0,0.0,1697,125115.0,97,0.9381443298969072,0.0,0.0,0,0.0,0.0,0,0.0,0.0,0,13040.0,ARQT240621C00010000,sold
ARQT,2024-03-15,12.203508771929824,3478.0,0.0,9637,749550.0,101,0.8910891089108911,56886.0,568974.0,5,56886.0,511974.0,3,0.0,511974.0,2,287424.0,ARQT240419P00010000,bought
ARQT,2024-03-04,4.076225045372051,1123.0,0.0,2747,352869.0,181,0.9171270718232044,82390.00000000001,0.0,1,82390.00000000001,0.0,1,0.0,0.0,0,82390.00000000001,ARQT240419P00010000,sold
ARQT,2024-02-06,5.255913978494624,1222.0,0.0,1476,90991.0,79,0.9620253164556962,0.0,0.0,0,0.0,0.0,0,0.0,0.0,0,17100.0,ARQT240315C00007500,sold
ARQT,2024-01-29,5.557163531114327,1920.0,0.0,2845,206366.0,277,0.9530685920577616,0.0,25550.0,1,0.0,0.0,0,0.0,0.0,0,25550.0,ARQT240315C00007500,sold
ARQT,2024-01-03,4.7176820208023775,3175.0,0.0,7165,496783.0,368,0.9456521739130436,0.0,0.0,0,0.0,0.0,0,0.0,0.0,0,24570.0,ARQT240119C00002500,bought
ARDX,2026-08-20,7.063938618925831,1381.0,0.0,12265,690253.0,82,0.8292682926829268,650000.0,0.0,1,650000.0,0.0,1,650000.0,0.0,1,650000.0,ARDX270115P00004000,sold
ARDX,2026-08-06,36.76190476190476,5790.0,0.0,7705,293708.0,1302,0.9715821812596006,0.0,0.0,0,0.0,0.0,0,0.0,0.0,0,26400.0,ARDX260918P00006000,mid
ARDX,2026-07-30,8.92358803986711,1343.0,0.0,1974,80377.0,90,0.8222222222222222,32829.99999999999,0.0,1,0.0,0.0,0,0.0,0.0,0,32829.99999999999,ARDX260821P00005000,sold
ARDX,2026-06-22,10.88026981450253,3226.0,0.0,4095,270999.0,333,0.8588588588588588,0.0,48560.0,1,0.0,0.0,0,0.0,0.0,0,48560.0,ARDX260821C00006000,sold
ARDX,2026-05-05,5.068893528183716,1214.0,0.0,4172,249812.0,269,0.8921933085501859,0.0,0.0,0,0.0,0.0,0,0.0,0.0,0,18500.0,ARDX270115C00007000,sold
ARDX,2026-04-30,56.13636363636363,8645.0,0.0,12738,1176577.0,895,0.9329608938547486,36000.0,451230.0,8,0.0,348750.0,4,0.0,0.0,0,88200.0,ARDX280121C00002000,sold
ARDX,2026-04-17,10.562130177514794,1785.0,0.0,4737,777764.0,351,0.8091168091168092,155300.0,240760.0,8,76050.0,122100.0,3,0.0,0.0,0,76050.0,ARDX270115C00003000,bought
AQST,2026-01-20,5.75058275058275,9868.0,0.0,14653,1155178.0,614,0.9153094462540716,825000.0,25300.000000000004,3,825000.0,0.0,2,825000.0,0.0,2,575000.0,AQST260220P00004000,sold
ARDX,2026-01-28,2.1062735687350016,3072.0,0.0,3494,282370.0,236,0.9152542372881356,0.0,0.0,0,0.0,0.0,0,0.0,0.0,0,18840.0,ARDX260417C00008000,bought
ARDX,2026-01-23,2.1034201954397393,2583.0,0.0,3236,328704.0,240,0.9083333333333332,0.0,0.0,0,0.0,0.0,0,0.0,0.0,0,24390.0,ARDX260320C00009000,bought
AQST,2026-03-19,6.014771048744461,2036.0,0.0,2419,52743.0,105,0.780952380952381,0.0,0.0,0,0.0,0.0,0,0.0,0.0,0,4759.999999999999,AQST261120C00002000,bought
AQST,2026-04-10,6.700980392156863,1367.0,0.0,1587,44595.0,56,0.9285714285714286,0.0,0.0,0,0.0,0.0,0,0.0,0.0,0,3600.0,AQST260821C00004000,sold
AQST,2026-04-16,3.3620689655172415,1560.0,0.0,1667,41702.0,62,0.7258064516129032,0.0,0.0,0,0.0,0.0,0,0.0,0.0,0,7500.0,AQST260417C00004000,bought
ARDX,2026-01-15,6.421248835041938,3445.0,0.0,3707,144284.0,260,0.9423076923076924,0.0,0.0,0,0.0,0.0,0,0.0,0.0,0,11745.0,ARDX260220C00008000,bought
ARDX,2026-01-12,5.065462753950339,2244.0,0.0,3212,250053.0,279,0.8530465949820788,0.0,31000.0,1,0.0,0.0,0,0.0,0.0,0,31000.0,ARDX280121C00012000,sold
ARDX,2026-01-09,9.480968858131488,4110.0,0.0,13647,1205661.0,1046,0.9015296367112812,298960.0,33400.0,7,178435.0,0.0,2,111125.0,0.0,1,111125.0,ARDX260717C00008000,bought
ARDX,2025-12-31,6.622641509433962,1404.0,0.0,1930,46467.0,87,0.8045977011494253,0.0,0.0,0,0.0,0.0,0,0.0,0.0,0,9000.0,ARDX260220C00006000,sold
ARDX,2025-11-11,3.196969696969697,1055.0,0.0,1853,141797.0,140,0.8642857142857143,0.0,0.0,0,0.0,0.0,0,0.0,0.0,0,15910.0,ARDX260116C00004000,sold
ARDX,2025-10-31,6.548123980424143,2007.0,0.0,8403,719132.0,1046,0.9302103250478012,138705.0,0.0,3,107505.0,0.0,2,0.0,0.0,0,57504.99999999999,ARDX260116C00003500,bought
ARDX,2025-10-17,4.72189349112426,1197.0,0.0,1674,53036.0,138,0.7536231884057971,0.0,0.0,0,0.0,0.0,0,0.0,0.0,0,4158.0,ARDX251017C00003000,sold
AUPH,2024-01-11,6.735336194563662,14124.0,0.0,17026,1493550.0,753,0.897742363877822,473155.0,482000.0,6,437340.0,450000.0,4,437340.0,450000.0,4,320940.0,AUPH240216P00008000,sold
BCRX,2026-08-11,3.0166545981173063,2083.0,0.0,4327,472783.0,524,0.8874045801526718,179200.0,0.0,2,140000.0,0.0,1,140000.0,0.0,1,140000.0,BCRX270115C00010000,bought
AUPH,2024-02-14,5.741522029372496,10751.0,0.0,15832,1349922.0,629,0.9411764705882352,0.0,269000.0,4,0.0,233000.0,3,0.0,100000.0,1,100000.0,AUPH250117P00012000,bought
AUPH,2024-05-15,5.276102088167053,1137.0,0.0,1905,64737.0,95,0.7368421052631579,0.0,0.0,0,0.0,0.0,0,0.0,0.0,0,7000.0,AUPH240719C00005000,sold
BBIO,2025-07-22,30.46826516220028,10801.0,0.0,11086,2633622.0,152,0.875,1265000.0,1157250.0,4,1265000.0,1157250.0,4,1265000.0,1102500.0,3,1125000.0,BBIO250815P00045000,sold
BBIO,2025-05-16,3.5139573070607555,4280.0,0.0,4766,637949.0,124,0.8145161290322581,98030.0,424025.0,7,0.0,397775.0,3,0.0,397775.0,3,150000.0,BBIO250718C00035000,sold
BBIO,2025-05-08,2.1241379310344826,1848.0,0.0,3480,558811.0,412,0.9490291262135924,60000.0,0.0,2,0.0,0.0,0,0.0,0.0,0,32000.0,BBIO250516P00037500,sold
APLS,2025-04-09,24.876404494382022,1107.0,0.0,3457,2560019.0,406,0.9261083743842364,0.0,2311740.0,4,0.0,2226360.0,2,0.0,2226360.0,2,1598910.0,APLS260116P00040000,bought
BBIO,2025-04-28,8.044334975369457,8165.0,0.0,11016,1307604.0,818,0.9498777506112468,66000.0,373394.0,6,0.0,297804.0,2,0.0,200000.0,1,200000.0,BBIO250516P00032500,bought
BBIO,2025-03-20,2.0032711808963035,3062.0,0.0,4700,851772.0,364,0.804945054945055,185000.0,170516.0,6,150000.0,112500.0,3,150000.0,0.0,1,150000.0,BBIO250417C00040000,bought
BBIO,2025-02-21,3.682217714672076,2723.0,0.0,4914,2084049.0,581,0.919104991394148,418834.0,737500.0,15,320284.0,642900.0,9,204000.0,270000.0,2,270000.0,BBIO250718C00030000,sold
BBIO,2025-02-14,4.641929499072356,2502.0,0.0,6100,893132.0,659,0.9484066767830044,232200.0,30000.0,2,232200.0,0.0,1,232200.0,0.0,1,232200.0,BBIO250221C00030000,bought
BBIO,2025-02-04,2.9942418426103647,2340.0,0.0,4535,747656.0,384,0.9375,175850.0,155220.0,9,0.0,0.0,0,0.0,0.0,0,44000.00000000001,BBIO250516C00025000,bought
BBIO,2025-01-13,25.729512893982807,22449.0,0.0,30689,6861848.0,2812,0.912873399715505,895885.0,1283300.0,30,669300.0,847050.0,10,584300.0,653250.0,6,384000.0,BBIO250516C00025000,sold
BBIO,2024-12-20,3.709251101321586,5473.0,0.0,7888,1228219.0,1051,0.8772597526165556,228000.0,284500.0,15,142500.0,0.0,2,0.0,0.0,0,85500.0,BBIO250516C00030000,bought
APLS,2025-07-14,3.618421052631579,1100.0,0.0,3381,410995.0,677,0.9453471196454948,0.0,0.0,0,0.0,0.0,0,0.0,0.0,0,23700.0,APLS251017C00020000,sold
APLS,2025-07-17,3.247288503253796,1497.0,0.0,1965,280511.0,417,0.9568345323741008,0.0,43000.0,1,0.0,0.0,0,0.0,0.0,0,67365.00000000001,APLS250815C00022000,mid
BBIO,2025-08-01,7.312629399585921,3532.0,0.0,6184,1132720.0,312,0.9519230769230768,320000.0,157514.0,3,320000.0,157514.0,3,320000.0,0.0,1,320000.0,BBIO250815C00050000,bought
APLS,2025-08-14,3.5420439844760674,1369.0,0.0,11956,5081792.0,569,0.9138840070298768,3756118.0,595428.0,14,3591700.0,467400.0,6,3591700.0,467400.0,6,1987500.0,APLS251017C00020000,bought
BBIO,2024-11-19,5.661327231121281,8659.0,0.0,10997,2218842.0,1521,0.9434582511505588,445200.0,64190.0,4,445200.0,0.0,2,445200.0,0.0,2,224719.99999999997,BBIO250117P00025000,sold
APLT,2024-04-04,42.08360128617363,6544.0,0.0,6685,147823.0,122,0.8524590163934426,0.0,80000.0,1,0.0,80000.0,1,0.0,0.0,0,80000.0,APLT240419P00005000,bought
BBIO,2024-11-01,2.2300635144671843,1580.0,0.0,3550,684430.0,851,0.9294947121034076,48000.0,0.0,1,0.0,0.0,0,0.0,0.0,0,48000.0,BBIO260116C00015000,bought
APLT,2024-08-14,32.43283582089552,2173.0,0.0,2238,103276.0,154,0.8831168831168831,0.0,0.0,0,0.0,0.0,0,0.0,0.0,0,9990.0,APLT240920C00007500,sold
APLT,2024-10-03,11.654811715481172,5571.0,0.0,9156,900558.0,528,0.9715909090909092,167750.0,196300.0,6,110000.0,125000.0,2,110000.0,125000.0,2,125000.0,APLT241115P00007500,bought
APLT,2024-10-30,3.221499783268314,3716.0,0.0,6438,546262.0,266,0.8421052631578947,90250.0,61335.0,3,90250.0,0.0,1,0.0,0.0,0,90250.0,APLT241115C00010000,bought
BBIO,2024-10-23,6.343703703703704,2141.0,0.0,3592,850285.0,185,0.9243243243243244,552000.0,43800.0,4,552000.0,0.0,3,552000.0,0.0,3,265000.0,BBIO241220P00025000,sold
BBIO,2024-10-17,5.52,1863.0,0.0,5375,540267.0,439,0.744874715261959,0.0,26400.0,1,0.0,0.0,0,0.0,0.0,0,26400.0,BBIO250221C00022500,sold
BBIO,2024-09-04,104.7,1047.0,0.0,5058,1358523.0,854,0.9449648711943794,116960.0,98500.0,3,116960.0,64000.0,2,116960.0,0.0,1,116960.0,BBIO250117C00017500,bought
AZN,2026-09-09,2.2285092491838956,1024.0,0.0,4665,2274069.0,935,0.948663101604278,715000.0,90980.0,3,715000.0,62480.00000000001,2,715000.0,0.0,1,715000.0,AZN270115C00170000,bought
AZN,2026-08-05,11.27936507936508,3553.0,0.0,13433,9165830.0,1837,0.9178007621121392,3271853.0,958698.0,63,2470710.0,457200.0,23,1838614.0,186300.0,10,272000.0,AZN260821C00150000,bought
APLT,2024-11-26,2.8598265895953756,1979.0,0.0,8745,704125.0,528,0.9507575757575758,27600.0,25350.0,2,0.0,0.0,0,0.0,0.0,0,27600.0,APLT250117C00005000,bought
AZN,2026-07-21,2.965250965250965,1152.0,0.0,2739,1205557.0,537,0.9515828677839852,145990.0,0.0,3,107860.0,0.0,2,0.0,0.0,0,56160.0,AZN260821C00170000,bought
APLT,2024-03-28,12.07051282051282,1883.0,0.0,4660,169745.0,129,0.9457364341085271,0.0,0.0,0,0.0,0.0,0,0.0,0.0,0,12250.000000000002,APLT241018C00007500,bought
AZN,2026-06-05,4.809792843691149,1277.0,0.0,3766,1308272.0,921,0.9120521172638436,193180.0,78700.0,8,0.0,0.0,0,0.0,0.0,0,44800.0,AZN260618C00190000,bought
BBIO,2025-09-08,2.487980769230769,1035.0,0.0,7422,2468829.0,1793,0.9782487451199108,183200.0,256500.0,3,141500.0,256500.0,2,141500.0,256500.0,2,256500.0,BBIO250919C00050000,sold
BCRX,2024-01-18,4.73767258382643,1201.0,0.0,1387,72653.0,81,0.7901234567901234,0.0,0.0,0,0.0,0.0,0,0.0,0.0,0,22500.0,BCRX240216C00006000,bought
BCRX,2026-06-24,6.709851551956815,4972.0,0.0,38232,1305956.0,1238,0.925686591276252,174248.0,30095.0,6,0.0,0.0,0,0.0,0.0,0,43000.0,BCRX260918C00013000,bought
BCRX,2026-06-23,4.43859649122807,3289.0,0.0,5555,367651.0,669,0.9327354260089686,0.0,0.0,0,0.0,0.0,0,0.0,0.0,0,21250.0,BCRX270115C00012000,bought
BCRX,2026-05-15,9.34658264663112,9641.0,0.0,13356,536831.0,797,0.9146800501882058,0.0,0.0,0,0.0,0.0,0,0.0,0.0,0,23976.0,BCRX260618P00008000,bought
BCRX,2026-05-06,9.49730312837109,8804.0,0.0,11666,294645.0,851,0.7520564042303173,0.0,0.0,0,0.0,0.0,0,0.0,0.0,0,17464.999999999996,BCRX260618C00010000,bought
BCRX,2026-05-05,4.7565043362241495,3565.0,0.0,4333,235885.0,551,0.8348457350272233,0.0,92150.0,1,0.0,92150.0,1,0.0,0.0,0,92150.0,BCRX260515C00009000,sold
BCRX,2026-05-04,5.132755170113409,3847.0,0.0,4058,252742.0,646,0.9427244582043344,0.0,0.0,0,0.0,0.0,0,0.0,0.0,0,19020.0,BCRX260515C00009000,sold
BCRX,2026-04-21,4.211438474870017,3645.0,0.0,5071,392193.0,757,0.7899603698811096,0.0,0.0,0,0.0,0.0,0,0.0,0.0,0,20210.0,BCRX260618P00009000,sold
BCRX,2026-04-16,2.1439884809215264,1489.0,0.0,2197,168392.0,232,0.8620689655172413,43500.0,0.0,1,0.0,0.0,0,0.0,0.0,0,43500.0,BCRX260618C00010000,bought
BCRX,2026-03-19,4.191810344827586,1945.0,0.0,6192,387722.0,552,0.8496376811594203,0.0,0.0,0,0.0,0.0,0,0.0,0.0,0,15600.0,BCRX260320C00007000,sold
BCRX,2026-02-27,4.134806629834254,1871.0,0.0,9042,1066114.0,673,0.8662704309063893,120450.0,119220.0,6,82650.0,0.0,1,0.0,0.0,0,82650.0,BCRX270115C00007000,bought
BCRX,2026-02-11,2.054173576561636,1858.0,0.0,2109,93960.0,239,0.6527196652719666,0.0,45000.0,1,0.0,0.0,0,0.0,0.0,0,45000.0,BCRX260320C00007000,sold
BCRX,2025-12-03,8.022068965517242,2908.0,0.0,4473,264979.0,234,0.7863247863247863,0.0,0.0,0,0.0,0.0,0,0.0,0.0,0,14000.0,BCRX251219C00007000,mid
BCRX,2025-11-26,4.035862068965518,1463.0,0.0,1546,36129.0,120,0.8416666666666667,0.0,0.0,0,0.0,0.0,0,0.0,0.0,0,4990.000000000001,BCRX251219C00008000,bought
BBIO,2025-12-22,12.291208791208792,2237.0,0.0,3409,3172262.0,305,0.9344262295081968,2084105.0,241808.0,36,1771865.0,72159.99999999999,22,988090.0,0.0,9,124250.0,BBIO260220C00077500,bought
BCRX,2025-11-24,4.890649762282092,1543.0,0.0,2051,69907.0,131,0.8778625954198473,0.0,0.0,0,0.0,0.0,0,0.0,0.0,0,13290.0,BCRX251219C00007000,sold
BCRX,2025-11-20,8.080560420315237,2307.0,0.0,2429,44825.0,117,0.9145299145299144,0.0,0.0,0,0.0,0.0,0,0.0,0.0,0,14969.999999999998,BCRX251121C00007000,sold
BCRX,2025-10-15,12.320284697508896,1731.0,0.0,3943,307262.0,287,0.8954703832752613,25200.0,0.0,1,0.0,0.0,0,0.0,0.0,0,25200.0,BCRX260116C00005000,bought
BCRX,2025-10-14,22.87547169811321,3031.0,0.0,8170,372430.0,594,0.8585858585858586,30000.0,0.0,1,0.0,0.0,0,0.0,0.0,0,30000.0,BCRX260116C00005000,bought
BCRX,2025-08-18,4.640732265446224,1014.0,0.0,1278,39692.0,94,0.9680851063829788,0.0,0.0,0,0.0,0.0,0,0.0,0.0,0,6900.0,BCRX250919C00009000,bought
BCRX,2025-02-24,5.977124183006536,1829.0,0.0,3169,139030.0,367,0.7683923705722071,0.0,0.0,0,0.0,0.0,0,0.0,0.0,0,10440.0,BCRX250620P00009000,mid
BCRX,2025-01-02,14.894472361809044,2964.0,0.0,4395,154932.0,236,0.7923728813559322,0.0,0.0,0,0.0,0.0,0,0.0,0.0,0,15200.0,BCRX260116C00005000,bought
BCRX,2024-11-25,14.440570522979398,4556.0,0.0,8479,915217.0,139,0.8345323741007195,422500.0,260000.0,11,350000.0,225000.0,8,120000.0,100000.0,2,120000.0,BCRX260116P00007000,sold
BCRX,2024-09-20,8.811926605504587,1921.0,0.0,2189,62024.0,76,0.8289473684210527,0.0,0.0,0,0.0,0.0,0,0.0,0.0,0,12400.0,BCRX241115P00009000,sold
BCRX,2024-06-18,2.794078061911171,1038.0,0.0,2190,75023.0,81,0.925925925925926,0.0,0.0,0,0.0,0.0,0,0.0,0.0,0,22816.0,BCRX240920C00007000,sold
BCRX,2024-05-22,3.922740524781341,2691.0,0.0,4733,314227.0,578,0.916955017301038,0.0,0.0,0,0.0,0.0,0,0.0,0.0,0,10640.0,BCRX240719C00006000,bought
BCRX,2024-05-21,4.122448979591836,2828.0,0.0,5047,291860.0,565,0.9221238938053096,0.0,0.0,0,0.0,0.0,0,0.0,0.0,0,7000.0,BCRX240719C00006000,bought
BCRX,2024-04-23,3.6,1287.0,0.0,1438,21956.0,58,0.6896551724137931,0.0,0.0,0,0.0,0.0,0,0.0,0.0,0,5044.000000000001,BCRX240517C00005000,sold
BCRX,2024-03-18,2.960272417707151,2608.0,0.0,5501,158422.0,240,0.9166666666666666,0.0,0.0,0,0.0,0.0,0,0.0,0.0,0,24380.0,BCRX240621C00007000,sold
BCRX,2025-11-21,9.532773109243696,2836.0,0.0,3876,190029.0,153,0.6666666666666666,98000.0,0.0,2,53000.0,0.0,1,0.0,0.0,0,53000.0,BCRX260320C00007000,bought
AZN,2026-02-19,334.64,4183.0,0.0,42346,80954896.0,512,0.923828125,47347720.0,28575510.0,140,47174490.0,28509585.0,133,47027250.0,28425645.0,130,21065400.0,AZN260417C00160000,bought
AZN,2026-02-11,126.7,1267.0,0.0,4621,7153853.0,980,0.9663265306122448,2797310.0,1074810.0,56,2085150.0,620570.0,23,1626085.0,397785.0,12,282730.0,AZN280121C00210000,bought
AXSM,2026-04-13,22.09278350515464,2143.0,0.0,2598,2501833.0,206,0.912621359223301,66276.0,2040637.0,12,0.0,1880000.0,5,0.0,1880000.0,5,940000.0,AXSM260515C00200000,sold
AVDL,2024-11-11,4.2194199243379575,1673.0,0.0,2909,687884.0,222,0.8918918918918919,40999.99999999999,0.0,1,0.0,0.0,0,0.0,0.0,0,40999.99999999999,AVDL250117P00020000,sold
AVDL,2024-10-03,2.4722010662604723,1623.0,0.0,1808,144662.0,130,0.9846153846153848,0.0,0.0,0,0.0,0.0,0,0.0,0.0,0,20499.999999999996,AVDL250321C00010000,bought
AVDL,2024-06-21,3.589655172413793,1041.0,0.0,1838,252148.0,94,0.7872340425531915,0.0,31680.0,1,0.0,0.0,0,0.0,0.0,0,31680.0,AVDL240621C00007500,sold
AVDL,2024-04-15,8.540469973890339,3271.0,0.0,8477,1863955.0,676,0.9644970414201184,437440.0,154140.0,12,317100.0,50490.0,5,0.0,0.0,0,87500.0,AVDL250117C00017500,bought
AVDL,2024-03-01,13.387788778877889,8113.0,0.0,12287,1244381.0,1055,0.9459715639810428,311382.0,30939.999999999996,6,169467.0,0.0,2,0.0,0.0,0,88842.0,AVDL240315C00012500,bought
AVDL,2024-02-16,3.891358024691358,1576.0,0.0,1840,190116.0,158,0.9367088607594936,0.0,0.0,0,0.0,0.0,0,0.0,0.0,0,14400.0,AVDL250117C00007500,bought
AVDL,2024-01-10,4.767699115044247,2155.0,0.0,3281,617671.0,132,0.9393939393939394,116130.0,171500.0,4,67130.0,171500.0,3,0.0,0.0,0,98000.0,AVDL240119C00012500,sold
AVDL,2024-01-08,15.571090047393366,6571.0,0.0,8359,1799847.0,1930,0.9797927461139896,285200.0,87400.0,8,152000.0,0.0,2,0.0,0.0,0,76000.0,AVDL240119C00012500,bought
AVBP,2026-06-23,25.6,1024.0,0.0,1446,998302.0,130,0.9923076923076924,511320.0,185784.0,9,394440.0,86783.99999999999,3,338520.0,0.0,1,338520.0,AVBP261016C00025000,bought
AVBP,2026-06-22,230.45454545454547,5070.0,0.0,7530,7023683.0,841,0.9916765755053508,2597268.0,1633967.0,19,2479188.0,1492478.0,12,2479188.0,1395020.0,11,500000.0,AVBP260717C00025000,mid
AVBP,2026-02-10,53.41818181818182,1469.0,0.0,1618,286446.0,203,0.8374384236453202,32100.0,64800.0,3,0.0,0.0,0,0.0,0.0,0,32700.0,AVBP260220C00025000,sold
AUPH,2025-08-01,5.902912621359223,2432.0,0.0,5591,522467.0,596,0.8859060402684564,167555.0,0.0,2,127875.0,0.0,1,127875.0,0.0,1,127875.0,AUPH250815C00008000,bought
AUPH,2025-05-09,4.4875,1795.0,0.0,2235,83769.0,139,0.6330935251798561,0.0,0.0,0,0.0,0.0,0,0.0,0.0,0,17685.0,AUPH250516C00008000,bought
AVDL,2025-01-03,6.2427586206896555,2263.0,0.0,3196,203964.0,307,0.9218241042345277,0.0,0.0,0,0.0,0.0,0,0.0,0.0,0,8305.0,AVDL250117C00010000,sold
AUPH,2025-03-05,4.062622309197652,4152.0,0.0,5483,268113.0,382,0.8167539267015707,35000.0,0.0,1,0.0,0.0,0,0.0,0.0,0,35000.0,AUPH250417C00009000,bought
AUPH,2025-02-18,3.706405693950178,2083.0,0.0,2957,160696.0,279,0.913978494623656,0.0,0.0,0,0.0,0.0,0,0.0,0.0,0,10450.0,AUPH250321C00010000,mid
AUPH,2025-02-07,2.4945147679324893,1478.0,0.0,1757,58305.0,186,0.8817204301075269,0.0,0.0,0,0.0,0.0,0,0.0,0.0,0,3740.0,AUPH250417P00009000,mid
AUPH,2025-01-13,10.90952762209768,6813.0,0.0,7519,840705.0,154,0.7987012987012987,702000.0,0.0,1,702000.0,0.0,1,702000.0,0.0,1,702000.0,AUPH250117P00010000,sold
AUPH,2024-12-09,9.084090909090907,3997.0,0.0,7546,627927.0,362,0.8591160220994475,59879.99999999999,182347.0,5,59879.99999999999,50400.0,2,0.0,0.0,0,59879.99999999999,AUPH250417C00012000,bought
AUPH,2024-11-15,3.4840579710144928,1202.0,0.0,1389,50213.0,214,0.8785046728971962,0.0,0.0,0,0.0,0.0,0,0.0,0.0,0,4291.999999999999,AUPH241115C00007000,bought
AUPH,2024-10-25,6.870703764320786,2099.0,0.0,2296,114313.0,88,0.9204545454545454,0.0,0.0,0,0.0,0.0,0,0.0,0.0,0,19950.0,AUPH241115C00007000,sold
AUPH,2024-09-24,3.3325443786982247,1408.0,0.0,3823,234893.0,137,0.8175182481751825,160000.0,0.0,1,160000.0,0.0,1,160000.0,0.0,1,160000.0,AUPH250117P00007000,sold
AUPH,2024-09-05,10.441988950276244,2835.0,0.0,4659,200146.0,125,0.936,0.0,77200.0,2,0.0,0.0,0,0.0,0.0,0,38800.0,AUPH241018C00007000,sold
AUPH,2024-08-23,10.565957446808511,2483.0,0.0,5223,261826.0,294,0.7108843537414966,0.0,82500.0,2,0.0,55000.0,1,0.0,0.0,0,55000.0,AUPH241018C00006000,sold
AUPH,2024-08-21,7.238297872340426,1701.0,0.0,5907,227382.0,276,0.6920289855072463,0.0,0.0,0,0.0,0.0,0,0.0,0.0,0,18750.0,AUPH240920C00006000,mid
AUPH,2024-08-19,4.7447698744769875,1701.0,0.0,4678,175439.0,390,0.8589743589743589,0.0,0.0,0,0.0,0.0,0,0.0,0.0,0,9546.0,AUPH250117C00008000,bought
AUPH,2024-07-23,4.260692464358452,1046.0,0.0,1366,33758.0,143,0.8321678321678322,0.0,0.0,0,0.0,0.0,0,0.0,0.0,0,3380.9999999999995,AUPH240816C00005000,mid
AUPH,2024-07-22,4.329938900203666,1063.0,0.0,2926,92985.0,212,0.8254716981132075,0.0,0.0,0,0.0,0.0,0,0.0,0.0,0,12011.999999999998,AUPH241018C00006000,sold
AUPH,2025-02-24,2.2815608263198164,1491.0,0.0,2753,151052.0,199,0.8592964824120602,0.0,0.0,0,0.0,0.0,0,0.0,0.0,0,21500.0,AUPH250718C00007000,bought
AVDL,2025-01-13,20.695652173913043,8568.0,0.0,8834,670381.0,490,0.7938775510204081,162855.0,128355.0,2,162855.0,128355.0,2,162855.0,128355.0,2,162855.0,AVDL250221P00007500,sold
AVDL,2025-02-21,5.418439716312057,1528.0,0.0,1998,225805.0,220,0.9,0.0,0.0,0,0.0,0.0,0,0.0,0.0,0,21000.0,AVDL260116C00010000,sold
AVDL,2025-03-21,2.9199029126213594,1203.0,0.0,1217,96697.0,170,0.7588235294117647,0.0,0.0,0,0.0,0.0,0,0.0,0.0,0,10500.0,AVDL250321C00007500,sold
AXSM,2025-01-15,2.930672268907563,1395.0,0.0,4693,1530658.0,798,0.9285714285714286,141420.0,185300.0,7,0.0,151000.0,2,0.0,0.0,0,92000.0,AXSM250221C00095000,sold
AXSM,2024-12-18,7.469675599435825,2648.0,0.0,5195,2902723.0,672,0.956845238095238,763125.0,821270.0,12,731625.0,648000.0,5,731625.0,648000.0,5,510000.0,AXSM250117P00092500,bought
AXSM,2024-07-08,12.370689655172416,1435.0,0.0,6503,2499837.0,274,0.9525547445255474,267960.0,1780780.0,6,237600.0,1720000.0,3,237600.0,1720000.0,3,1340000.0,AXSM250117C00100000,sold
AXSM,2024-01-18,12.989473684210529,1234.0,0.0,2587,864777.0,254,0.9173228346456692,48504.0,296206.0,3,0.0,296206.0,2,0.0,235750.0,1,235750.0,AXSM240315C00100000,sold
AVXL,2025-09-18,9.353403141361255,3573.0,0.0,7427,726536.0,402,0.8905472636815921,0.0,98134.0,3,0.0,0.0,0,0.0,0.0,0,35882.0,AVXL251017P00008000,bought
AVXL,2025-07-23,2.818565400843882,1002.0,0.0,6966,1426356.0,1017,0.8967551622418879,0.0,142392.0,4,0.0,0.0,0,0.0,0.0,0,46500.0,AVXL250815C00012000,sold
AVXL,2025-04-21,2.1900910010111225,1083.0,0.0,1678,127201.0,175,0.8857142857142857,0.0,0.0,0,0.0,0.0,0,0.0,0.0,0,18000.0,AVXL250516C00009000,sold
AVXL,2024-12-23,3.8885969521807673,3700.0,0.0,12759,2160758.0,1914,0.9200626959247648,119945.0,68820.0,5,0.0,0.0,0,0.0,0.0,0,47600.0,AVXL260116C00005000,bought
AVXL,2024-11-15,4.74120082815735,2290.0,0.0,3046,353892.0,186,0.9301075268817204,0.0,0.0,0,0.0,0.0,0,0.0,0.0,0,24660.0,AVXL241115C00006000,bought
AVXL,2024-03-08,6.6068601583113455,1252.0,0.0,1722,52601.0,124,0.8709677419354839,0.0,0.0,0,0.0,0.0,0,0.0,0.0,0,10950.0,AVXL240419C00006000,sold
AVXL,2024-03-07,9.347079037800688,1360.0,0.0,2557,80503.0,144,0.8472222222222222,29700.0,0.0,1,0.0,0.0,0,0.0,0.0,0,29700.0,AVXL240719C00007000,bought
AVTX,2026-08-17,189.3,1893.0,0.0,1962,73125.0,203,0.9950738916256158,0.0,0.0,0,0.0,0.0,0,0.0,0.0,0,9000.0,AVTX270219C00017500,bought
AVTX,2026-04-29,10.807980049875312,2167.0,0.0,7885,2487136.0,375,0.944,1438678.0,317000.0,21,1087570.0,149450.0,8,826640.0,0.0,2,550000.0,AVTX260515C00030000,bought
AVTX,2026-04-09,10.270440251572326,1633.0,0.0,3085,1577820.0,542,0.922509225092251,272880.0,975000.0,4,195000.0,975000.0,2,195000.0,975000.0,2,975000.0,AVTX260515C00015000,sold
AVTX,2026-03-25,151.25714285714287,2647.0,0.0,2709,1347231.0,146,0.9657534246575342,0.0,1154000.0,35,0.0,400000.0,8,0.0,0.0,0,50000.0,AVTX260515C00022500,sold
AVTX,2025-11-26,105.9,1059.0,0.0,1072,119938.0,17,0.8823529411764706,0.0,110000.0,1,0.0,110000.0,1,0.0,110000.0,1,110000.0,AVTX251219P00017500,bought
AVDL,2026-02-11,184.6969696969697,12190.0,0.0,34811,15478423.0,381,0.7847769028871391,10273740.0,3579355.0,27,10152600.0,3579355.0,24,10021600.0,3454855.0,20,3300000.0,AVDL260320C00015000,bought
AVDL,2025-12-24,2.2242540904716073,2311.0,0.0,3034,234506.0,144,0.9861111111111112,146000.0,48000.0,2,146000.0,0.0,1,146000.0,0.0,1,146000.0,AVDL260116C00015000,bought
AVDL,2025-12-03,2.9124820659971307,1015.0,0.0,1043,120143.0,59,1.0,0.0,0.0,0,0.0,0.0,0,0.0,0.0,0,20400.000000000004,AVDL251219C00020000,sold
AVDL,2025-11-26,4.158959537572255,1439.0,0.0,2177,252769.0,131,0.6870229007633588,0.0,0.0,0,0.0,0.0,0,0.0,0.0,0,130000.0,AVDL251219C00020000,mid
AVDL,2025-11-17,5.105169340463458,4296.0,0.0,5640,4453003.0,241,0.8755186721991701,3178050.0,954230.0,20,3120050.0,896380.0,16,3120050.0,896380.0,16,382200.0,AVDL251121C00012500,sold
AVDL,2025-10-22,32.596363636363634,4482.0,0.0,16193,2868903.0,1187,0.8129738837405224,310200.0,1291155.0,24,283200.0,1069940.0,16,283200.0,255500.0,3,283200.0,AVDL251121C00012500,bought
AVDL,2025-10-14,13.92280701754386,1984.0,0.0,2378,550175.0,129,0.937984496124031,0.0,150000.0,3,0.0,150000.0,3,0.0,0.0,0,50000.0,AVDL251121C00012500,sold
AVDL,2025-10-13,16.95438596491228,2416.0,0.0,2697,570538.0,83,0.9397590361445785,367255.0,0.0,1,367255.0,0.0,1,367255.0,0.0,1,367255.0,AVDL251121C00012500,bought
AVDL,2025-09-16,27.457894736842107,5217.0,0.0,5401,145121.0,341,0.7038123167155426,0.0,0.0,0,0.0,0.0,0,0.0,0.0,0,4620.0,AVDL251219C00015000,sold
AVDL,2025-08-13,24.706948640483382,4089.0,0.0,4925,613001.0,135,0.9407407407407408,225600.0,248360.0,3,225600.0,248360.0,3,225600.0,177600.0,2,225600.0,AVDL250919C00012500,bought
AVDL,2025-07-21,5.239368165249089,2156.0,0.0,2631,349944.0,83,0.927710843373494,224000.0,0.0,2,224000.0,0.0,2,128000.0,0.0,1,128000.0,AVDL250815C00010000,bought
AVDL,2025-06-11,5.217853347502657,2455.0,0.0,2865,269031.0,77,0.948051948051948,67500.0,0.0,1,67500.0,0.0,1,0.0,0.0,0,67500.0,AVDL250718C00010000,bought
AVDL,2025-06-09,3.922038980509745,1308.0,0.0,1862,335627.0,128,0.8671875,57480.0,0.0,2,0.0,0.0,0,0.0,0.0,0,30880.0,AVDL260116P00017500,sold
AUPH,2024-04-01,7.977777777777778,1795.0,0.0,3486,175085.0,175,0.9371428571428572,26250.0,72500.0,2,0.0,72500.0,1,0.0,0.0,0,72500.0,AUPH250117C00005000,sold
COGT,2025-01-14,803.1,8031.0,0.0,8112,1141496.0,13,0.5384615384615384,0.0,0.0,0,0.0,0.0,0,0.0,0.0,0,580000.0,COGT250221P00009000,mid
COGT,2024-02-08,57.2972972972973,1060.0,0.0,1500,74036.0,322,0.9813664596273292,0.0,0.0,0,0.0,0.0,0,0.0,0.0,0,7120.0,COGT240315C00007500,bought
COGT,2025-01-29,312.2307692307692,4059.0,0.0,4138,267611.0,20,0.65,0.0,0.0,0,0.0,0.0,0,0.0,0.0,0,260000.0,COGT250221P00009000,mid
FOLD,2025-04-17,110.5,1105.0,0.0,1124,59791.0,34,0.8823529411764706,0.0,0.0,0,0.0,0.0,0,0.0,0.0,0,10250.0,FOLD250516C00007000,bought
FOLD,2025-01-02,109.73684210526316,2085.0,0.0,2214,62632.0,85,0.9882352941176472,0.0,0.0,0,0.0,0.0,0,0.0,0.0,0,20000.0,FOLD250117C00010000,bought
FOLD,2024-11-19,62.17877094972067,5565.0,0.0,5608,948390.0,9,0.5555555555555556,0.0,0.0,0,0.0,0.0,0,0.0,0.0,0,944690.0,FOLD241220P00011000,mid
FOLD,2024-11-15,67.55307262569832,6046.0,0.0,6112,819870.0000000001,24,0.75,0.0,0.0,0,0.0,0.0,0,0.0,0.0,0,810000.0000000001,FOLD241220P00011000,mid
FOLD,2024-08-01,145.5,1455.0,0.0,1850,67732.0,121,0.9917355371900828,0.0,0.0,0,0.0,0.0,0,0.0,0.0,0,9800.0,FOLD250117C00009000,sold
FOLD,2024-04-26,173.91666666666666,2087.0,0.0,2150,10847.0,18,0.8333333333333334,0.0,0.0,0,0.0,0.0,0,0.0,0.0,0,6095.0,FOLD240719P00011000,sold
FOLD,2024-01-08,191.2037037037037,10325.0,0.0,10364,1954347.0,261,0.8505747126436781,214185.0,1029305.0,14,182595.0,792840.0,7,182595.0,662300.0,5,209790.0,FOLD240119C00012000,sold
FDMT,2024-07-01,118.38888888888889,2131.0,0.0,4174,462707.0,34,0.9117647058823528,0.0,370000.0,2,0.0,370000.0,2,0.0,370000.0,2,200000.0,FDMT240719P00020000,bought
FDMT,2024-01-26,425.4,4254.0,0.0,9409,1384907.0,268,0.9813432835820896,167300.0,1020000.0,5,140000.0,1020000.0,4,0.0,1020000.0,2,640000.0,FDMT240216P00017500,bought
FATE,2024-03-20,16.06711409395973,1197.0,0.0,1210,98130.0,29,0.9655172413793104,0.0,70000.0,1,0.0,70000.0,1,0.0,0.0,0,70000.0,FATE240419C00007500,sold
EXEL,2026-07-09,16.337349397590362,2034.0,0.0,2067,294933.0,42,0.9047619047619048,0.0,234765.0,2,0.0,234765.0,2,0.0,234765.0,2,117500.0,EXEL260717C00055000,sold
EXEL,2026-06-18,39.54128440366973,2155.0,0.0,2306,278908.0,141,0.9290780141843972,107147.0,0.0,1,107147.0,0.0,1,107147.0,0.0,1,107147.0,EXEL260717C00055000,bought
EXEL,2026-05-28,26.96825396825397,1699.0,0.0,2023,444753.0,158,0.879746835443038,229660.0,0.0,2,229660.0,0.0,2,177720.0,0.0,1,177720.0,EXEL260618C00055000,bought
FOLD,2025-09-19,16.672176308539946,3026.0,0.0,9461,1055621.0,147,0.3537414965986394,260400.0,481500.0,8,260400.0,389600.0,5,118000.0,389600.0,3,231600.0,FOLD251219C00007000,sold
EXEL,2025-10-15,7.0271739130434785,1293.0,0.0,4702,1147137.0,1571,0.9637173774665818,0.0,34000.0,1,0.0,0.0,0,0.0,0.0,0,34000.0,EXEL251121C00045000,sold
ABT,2024-06-21,5.098841172460804,3740.0,0.0,16812,2296959.0,2272,0.922975352112676,35560.0,846152.0,4,0.0,814406.0,2,0.0,814406.0,2,498000.0,ABT240719P00105000,bought
ABT,2024-09-13,23.96352583586626,3942.0,0.0,11332,1488231.0,2246,0.9390026714158504,181890.0,119292.0,6,90945.0,0.0,1,0.0,0.0,0,90945.0,ABT241018P00115000,sold
ABT,2024-09-17,21.12462006079027,3475.0,0.0,12300,2309514.0,1976,0.9352226720647774,489079.0,393248.0,9,345160.0,366788.0,4,345160.0,366788.0,4,214360.0,ABT241115C00110000,sold
ABT,2025-01-31,8.731517509727626,1122.0,0.0,15423,3989817.0,2128,0.9290413533834586,638025.0,582777.0,17,529870.0,428795.0,9,439870.0,219095.0,5,186550.0,ABT250620P00120000,sold
ABT,2025-12-17,2.8405797101449277,1176.0,0.0,3733,651440.0,781,0.9193341869398208,29973.0,27170.0,2,0.0,0.0,0,0.0,0.0,0,29973.0,ABT251219C00126000,bought
ABT,2025-12-19,3.070048309178744,1271.0,0.0,9470,1259810.0,1541,0.9123945489941596,32936.0,333412.0,4,0.0,292932.0,2,0.0,292932.0,2,175380.00000000003,ABT260116C00125000,sold
ABT,2026-01-12,6.372262773722627,1746.0,0.0,10076,1917025.0,1668,0.9154676258992804,36190.0,621860.0,8,0.0,435000.0,1,0.0,435000.0,1,435000.0,ABT260220P00125000,bought
ABT,2026-08-21,10.463087248322148,1559.0,0.0,15280,9201453.0,2255,0.8603104212860311,2716778.0,2111139.0,55,2032075.0,1896736.0,29,1405338.0,1570600.0,15,363660.00000000006,ABT260821C00100000,bought
ABUS,2026-07-07,28.72,1795.0,0.0,2852,77418.0,170,0.9352941176470588,0.0,0.0,0,0.0,0.0,0,0.0,0.0,0,4600.0,ABUS261218C00006000,bought
ABUS,2026-07-15,11.426966292134832,1017.0,0.0,1030,12871.0,14,0.5714285714285714,0.0,0.0,0,0.0,0.0,0,0.0,0.0,0,12000.0,ABUS260821C00006000,sold
ABUS,2026-08-25,47.11538461538461,2450.0,0.0,2518,27601.0,148,0.8986486486486487,0.0,0.0,0,0.0,0.0,0,0.0,0.0,0,2600.0,ABUS260918P00005000,bought
ABVX,2026-09-11,13.168539325842696,1172.0,0.0,6850,2328113.0,1287,0.916083916083916,170300.0,1098310.0,16,0.0,935000.0,6,0.0,716250.0,3,400000.0,ABVX261016C00140000,sold
ACAD,2024-03-06,3.1380281690140843,1114.0,0.0,5327,718070.0,255,0.9725490196078432,367000.0,0.0,2,320000.0,0.0,1,320000.0,0.0,1,320000.0,ACAD240419C00025000,bought
ABEO,2026-01-09,3.30890052356021,1264.0,0.0,1443,54357.0,36,0.7777777777777778,0.0,0.0,0,0.0,0.0,0,0.0,0.0,0,7000.0,ABEO260220C00006000,mid
ACAD,2024-03-25,9.637096774193548,1195.0,0.0,1647,113203.0,145,0.9517241379310344,0.0,0.0,0,0.0,0.0,0,0.0,0.0,0,5600.000000000001,ACAD240419C00018000,sold
FOLD,2025-11-07,6.824427480916031,1341.0,0.0,1486,105156.0,375,0.9653333333333334,0.0,0.0,0,0.0,0.0,0,0.0,0.0,0,7130.0,FOLD260417C00009000,sold
FOLD,2025-12-17,7.434343434343434,1104.0,0.0,1320,164837.0,131,0.931297709923664,0.0,0.0,0,0.0,0.0,0,0.0,0.0,0,21900.0,FOLD260417C00007000,bought
ABCL,2026-06-29,3.742671009771987,4596.0,0.0,24130,3531288.0,2369,0.9392148585901224,201530.0,272140.0,11,59850.0,172640.0,4,0.0,0.0,0,68850.0,ABCL280121C00005000,sold
ABCL,2026-07-01,2.28257328990228,2803.0,0.0,10393,1051652.0,828,0.9190821256038648,234295.0,111195.0,9,100800.0,0.0,1,100800.0,0.0,1,100800.0,ABCL270115C00006000,bought
ABCL,2026-07-02,2.4210914454277286,3283.0,0.0,27661,3835912.0,2426,0.9563066776586976,233905.0,283300.0,9,181830.0,166000.0,4,114330.0,0.0,1,114330.0,ABCL280121C00007000,bought
ABCL,2026-08-07,2.0858369098712446,2916.0,0.0,4634,345472.0,495,0.8666666666666667,0.0,29945.0,1,0.0,0.0,0,0.0,0.0,0,29945.0,ABCL280121C00007000,sold
ABCL,2026-08-18,4.04221190375686,4788.0,0.0,10436,2657946.0,826,0.8861985472154964,924500.0,943810.0,17,881500.0,697285.0,10,713500.0,582085.0,6,413500.0,ABCL260821C00006000,bought
GILD,2024-10-23,4.758823529411765,1618.0,0.0,14840,2742002.0,1332,0.951951951951952,696325.0,317350.0,5,696325.0,205000.0,2,696325.0,205000.0,2,696325.0,GILD241115C00090000,bought
ABEO,2025-12-08,3.9413735343383585,2353.0,0.0,4083,253885.0,1848,0.8998917748917749,39760.0,56000.0,2,0.0,56000.0,1,0.0,0.0,0,56000.0,ABEO260320C00002500,sold
GILD,2024-07-30,6.302977232924693,3599.0,0.0,17836,4287053.0,2317,0.9261976694000864,318521.0,1209929.0,27,53020.00000000001,939719.0,11,0.0,668684.0,6,122120.0,GILD240816C00074000,sold
GILD,2024-05-08,9.195175438596491,4193.0,0.0,158626,120318244.0,1795,0.9615598885793872,90585089.0,28471294.0,31,90389000.0,28277116.0,20,90389000.0,28222516.0,19,19200000.0,GILD240517P00072500,sold
ABEO,2025-12-09,4.874308300395257,3083.0,0.0,5139,518179.0,1467,0.6209952283571916,0.0,0.0,0,0.0,0.0,0,0.0,0.0,0,3298.0000000000005,ABEO260116P00005000,sold
GILD,2024-04-16,9.32939787485242,3951.0,0.0,14897,7147065.0,1475,0.9166101694915254,1049342.0,3810936.0,18,905500.0,3716404.0,11,815500.0,3541500.0,7,1717000.0,GILD240517P00077500,bought
GILD,2024-04-10,4.395266272189349,1857.0,0.0,26837,6439582.0,1987,0.9229994967287368,1776495.0,3160540.0,16,1737895.0,3088285.0,13,1444900.0,2977640.0,7,2609250.0,GILD240503C00069000,sold
GERN,2025-01-13,63.41573033707865,16932.0,0.0,19396,449300.0,435,0.832183908045977,121040.0,60520.0,3,121040.0,0.0,1,121040.0,0.0,1,121040.0,GERN250221C00003000,bought
FOLD,2025-11-19,12.515513126491646,2622.0,0.0,5631,669245.0,55,0.8909090909090909,244952.0,337292.0,7,196952.0,312292.0,5,0.0,312292.0,2,171292.0,FOLD260417C00009000,sold
GERN,2024-12-20,5.9757085020242915,1476.0,0.0,3301,101064.0,287,0.9198606271777005,0.0,0.0,0,0.0,0.0,0,0.0,0.0,0,9780.0,GERN250321C00003500,bought
GERN,2024-11-05,8.490521327014218,3583.0,0.0,4097,126469.0,137,0.8905109489051095,0.0,0.0,0,0.0,0.0,0,0.0,0.0,0,15000.0,GERN260116P00005000,bought
GERN,2024-11-04,6.990521327014218,2950.0,0.0,3230,54870.0,118,0.7372881355932204,0.0,0.0,0,0.0,0.0,0,0.0,0.0,0,9930.0,GERN241115C00004500,bought
GERN,2024-10-14,8.354587869362364,2686.0,0.0,3948,144176.0,191,0.8900523560209425,0.0,0.0,0,0.0,0.0,0,0.0,0.0,0,24000.0,GERN241115C00004500,bought
GERN,2024-10-07,4.989399293286219,1412.0,0.0,2417,99507.0,115,0.8695652173913043,0.0,0.0,0,0.0,0.0,0,0.0,0.0,0,30250.0,GERN241115C00004000,mid
GERN,2024-08-12,12.633846153846154,6159.0,0.0,6741,363680.0,189,0.708994708994709,39000.0,263312.0,6,0.0,107500.0,1,0.0,107500.0,1,107500.0,GERN240920C00004000,sold
GERN,2024-07-29,2.134878819810327,1013.0,0.0,3950,335229.0,472,0.885593220338983,0.0,0.0,0,0.0,0.0,0,0.0,0.0,0,21000.0,GERN240920C00003500,bought
GERN,2024-07-16,5.200953137410643,3274.0,0.0,4177,276094.0,221,0.832579185520362,158600.0,0.0,2,158600.0,0.0,2,0.0,0.0,0,93600.0,GERN240816C00004500,bought
GERN,2024-06-21,4.557031607879066,4974.0,0.0,7208,416722.0,508,0.7362204724409449,0.0,94500.0,2,0.0,64500.0,1,0.0,0.0,0,64500.0,GERN240719C00004000,sold
GERN,2024-06-17,2.372685185185185,2050.0,0.0,5497,223192.0,313,0.8690095846645367,32250.0,30000.0,2,0.0,0.0,0,0.0,0.0,0,32250.0,GERN250117C00003000,bought
GERN,2024-06-06,3.3879003558718863,1904.0,0.0,3975,265304.0,353,0.9008498583569404,0.0,37355.0,1,0.0,0.0,0,0.0,0.0,0,37355.0,GERN240621C00002500,sold
GERN,2024-05-01,8.125,2665.0,0.0,9180,275230.0,378,0.9153439153439152,0.0,0.0,0,0.0,0.0,0,0.0,0.0,0,24000.0,GERN240621C00003000,sold
GERN,2024-04-12,4.47,1341.0,0.0,14083,855981.0,959,0.9040667361835244,128450.0,0.0,3,69000.0,0.0,1,0.0,0.0,0,69000.0,GERN240621C00003000,bought
GANX,2026-01-05,3.223796033994334,1138.0,0.0,1259,72443.0,95,0.9157894736842104,25125.0,0.0,1,0.0,0.0,0,0.0,0.0,0,25125.0,GANX260220C00003000,bought
GERN,2024-11-07,2.3357215967246674,1141.0,0.0,1481,53152.0,126,0.7380952380952381,0.0,0.0,0,0.0,0.0,0,0.0,0.0,0,6750.0,GERN241220P00004500,bought
ABCL,2026-06-22,2.329804560260586,2861.0,0.0,5437,569281.0,445,0.9348314606741572,234000.0,0.0,4,172500.0,0.0,2,112500.0,0.0,1,112500.0,ABCL280121C00007000,bought
ACAD,2024-07-12,2.7247119078104993,1064.0,0.0,1213,180738.0,125,0.904,0.0,46610.0,1,0.0,0.0,0,0.0,0.0,0,46610.0,ACAD240816P00018000,bought
ACAD,2024-11-08,10.10344827586207,1172.0,0.0,1362,137670.0,133,0.8721804511278195,0.0,37425.0,1,0.0,0.0,0,0.0,0.0,0,37425.0,ACAD241220C00018000,sold
ERAS,2026-08-21,10.907142857142857,1527.0,0.0,2058,268008.0,508,0.8956692913385826,0.0,0.0,0,0.0,0.0,0,0.0,0.0,0,25500.0,ERAS260918C00005000,mid
ERAS,2026-08-06,15.235714285714286,2133.0,0.0,2545,455325.0,80,0.8875,250280.0,0.0,3,174420.0,0.0,1,174420.0,0.0,1,174420.0,ERAS260821C00020000,bought
ERAS,2026-07-07,5.586538461538462,1162.0,0.0,5210,2008882.0,210,0.9,1114436.0,170626.0,8,1089236.0,130030.0,6,880000.0,0.0,1,880000.0,ERAS260717C00010000,bought
ERAS,2026-06-22,3.319286871961102,1024.0,0.0,12154,2320531.0,790,0.9443037974683544,1477641.0,0.0,10,1205200.0,0.0,2,1110000.0,0.0,1,1110000.0,ERAS261016C00020000,bought
ERAS,2026-06-01,5.336760925449871,1038.0,0.0,3420,933185.0,359,0.871866295264624,245120.0,76270.0,7,195120.0,0.0,3,0.0,0.0,0,74120.0,ERAS260717C00007500,bought
ERAS,2026-04-28,21.03514376996805,6584.0,0.0,44185,5031404.0,1910,0.9073298429319372,771025.0,1780334.0,36,553425.0,1395455.0,18,348235.0,946551.0,9,215370.00000000003,ERAS261016C00015000,sold
ERAS,2026-03-18,15.422222222222222,2082.0,0.0,2269,384550.0,36,0.8888888888888888,300000.0,0.0,1,300000.0,0.0,1,300000.0,0.0,1,300000.0,ERAS260417C00015000,bought
ERAS,2026-03-11,45.845454545454544,5043.0,0.0,11539,4048805.0,169,0.9644970414201184,1525900.0,2187320.0,10,1525900.0,2138700.0,9,1240000.0,2044800.0,5,1480000.0,ERAS260717C00017500,sold
ERAS,2026-01-12,14.067415730337078,1878.0,0.0,18132,6336399.0,333,0.978978978978979,100025.0,4021839.0,39,0.0,3481281.0,21,0.0,2653635.0,9,1014675.0,ERAS261218C00002500,mid
EOLS,2025-05-07,169.5,2373.0,0.0,2643,109383.0,65,0.9846153846153848,0.0,80000.0,1,0.0,80000.0,1,0.0,0.0,0,80000.0,EOLS250516C00012500,sold
EOLS,2024-05-14,16.099290780141843,1135.0,0.0,1153,58753.0,17,0.8823529411764706,0.0,50000.0,1,0.0,50000.0,1,0.0,0.0,0,50000.0,EOLS240517C00012500,sold
EOLS,2024-04-24,104.0,2080.0,0.0,2081,52918.0,19,0.8947368421052632,0.0,45000.0,1,0.0,0.0,0,0.0,0.0,0,45000.0,EOLS240517C00012500,sold
EOLS,2024-02-27,146.1159420289855,5041.0,0.0,5042,529127.0,17,1.0,524895.0,0.0,1,524895.0,0.0,1,524895.0,0.0,1,524895.0,EOLS240419P00015000,sold
ERAS,2026-09-02,4.564459930313589,1310.0,0.0,1393,186024.0,65,0.8461538461538461,125000.0,0.0,1,125000.0,0.0,1,125000.0,0.0,1,125000.0,ERAS261016C00020000,bought
ELVN,2026-06-18,16.634146341463413,1023.0,0.0,1047,62641.0,34,0.7352941176470589,0.0,29880.0,1,0.0,0.0,0,0.0,0.0,0,29880.0,ELVN260618C00045000,sold
ELVN,2026-04-14,58.88235294117647,1001.0,0.0,3042,502895.0,30,0.9666666666666668,120500.0,302000.0,3,120500.0,302000.0,3,120500.0,237000.0,2,237000.0,ELVN260515C00050000,sold
ELDN,2025-11-05,12.467120181405896,2749.0,0.0,13249,1146751.0,581,0.9690189328743546,53790.0,182935.0,7,0.0,0.0,0,0.0,0.0,0,47500.0,ELDN251121C00005000,sold
ELAN,2026-08-04,611.5833333333334,7339.0,0.0,9522,850359.0,591,0.8849407783417935,229278.0,237558.0,5,229278.0,237558.0,5,130476.0,101297.0,2,130476.0,ELAN260821C00024000,bought
ELAN,2026-05-27,54.92307692307692,1785.0,0.0,2090,417154.0,179,0.9720670391061452,0.0,0.0,0,0.0,0.0,0,0.0,0.0,0,21424.0,ELAN260618C00022000,sold
ELAN,2026-01-22,8.183760683760683,1915.0,0.0,5250,458318.0,374,0.8529411764705882,36800.0,0.0,1,0.0,0.0,0,0.0,0.0,0,36800.0,ELAN260220C00025000,bought
ELAN,2026-01-06,36.136986301369866,5276.0,0.0,11648,1690960.0,301,0.9534883720930232,671850.0,585330.0,5,671850.0,559430.0,4,671850.0,501930.0,3,501930.0,ELAN260116C00022000,sold
ELAN,2025-11-25,27.544444444444444,2479.0,0.0,3783,550268.0,188,0.9414893617021276,31825.0,280100.0,3,0.0,280100.0,2,0.0,200000.0,1,200000.0,ELAN251219C00022000,sold
ELAN,2025-11-14,66.5,2527.0,0.0,4664,297049.0,82,0.9634146341463414,186000.0,30000.0,3,186000.0,0.0,2,114000.0,0.0,1,114000.0,ELAN251219C00022000,bought
ELAN,2025-06-09,13.046511627906977,1122.0,0.0,1200,34524.0,46,0.8695652173913043,0.0,0.0,0,0.0,0.0,0,0.0,0.0,0,8000.0,ELAN250620P00013000,mid
ELAN,2025-02-24,62.831460674157306,2796.0,0.0,3176,128672.0,333,0.948948948948949,0.0,0.0,0,0.0,0.0,0,0.0,0.0,0,11340.0,ELAN250321P00010000,bought
ALT,2024-10-15,4.4462540716612375,2730.0,0.0,9523,506800.0,1091,0.8634280476626948,85690.0,0.0,3,0.0,0.0,0,0.0,0.0,0,34645.0,ALT241220C00005000,bought
ELAN,2024-12-03,41.054421768707485,6035.0,0.0,10677,617005.0,444,0.9324324324324323,52360.0,106925.0,2,52360.0,106925.0,2,0.0,106925.0,1,106925.0,ELAN241220C00013000,sold
ELAN,2024-08-29,5.391743892165122,3200.0,0.0,6140,638137.0,428,0.8341121495327103,0.0,158350.0,2,0.0,125000.0,1,0.0,125000.0,1,125000.0,ELAN241018C00015000,sold
ELVN,2026-06-16,69.93162393162393,4091.0,0.0,4102,953359.0,21,0.6190476190476191,940000.0,0.0,2,940000.0,0.0,2,940000.0,0.0,2,730000.0,ELVN260618C00040000,bought
ACAD,2024-08-13,5.775700934579439,1545.0,0.0,1691,145474.0,86,0.9651162790697676,0.0,0.0,0,0.0,0.0,0,0.0,0.0,0,8100.0,ACAD240816C00015000,sold
ESPR,2025-12-23,2.7167235494880546,1194.0,0.0,3809,352593.0,155,0.935483870967742,0.0,152565.0,3,0.0,63000.0,1,0.0,0.0,0,63000.0,ESPR260116C00003000,sold
ESPR,2026-05-11,17.685834502103788,6305.0,0.0,6929,73903.0,84,0.6666666666666666,0.0,0.0,0,0.0,0.0,0,0.0,0.0,0,31145.000000000004,ESPR260618C00004000,mid
ACAD,2024-12-31,49.943548387096776,6193.0,0.0,6957,694842.0,389,0.9023136246786632,0.0,0.0,0,0.0,0.0,0,0.0,0.0,0,20000.0,ACAD250221C00019000,bought
ACAD,2025-02-27,8.977777777777778,1010.0,0.0,1666,177963.0,256,0.890625,0.0,25000.0,1,0.0,0.0,0,0.0,0.0,0,25000.0,ACAD250620C00025000,sold
EXEL,2025-10-09,104.78996865203762,16714.0,0.0,26888,2885717.0,442,0.918552036199095,784100.0,1340813.0,13,784100.0,1090245.0,4,784100.0,1090245.0,4,1090245.0,EXEL251121P00036000,bought
EXEL,2025-10-03,11.57391304347826,1331.0,0.0,2725,523460.0,426,0.9014084507042254,0.0,50000.0,1,0.0,50000.0,1,0.0,0.0,0,50000.0,EXEL251017C00042000,sold
EXEL,2025-07-28,19.553719008264466,2366.0,0.0,8135,1837774.0,2383,0.9206882081409988,29670.0,30000.0,2,0.0,0.0,0,0.0,0.0,0,30150.0,EXEL270115C00050000,mid
EXEL,2025-02-21,7.839779005524861,1419.0,0.0,9200,2135473.0,952,0.9117647058823528,508250.0,360685.0,8,481250.0,270000.0,4,481250.0,270000.0,4,297500.0,EXEL250417C00040000,bought
EXEL,2024-12-18,8.05693950177936,1132.0,0.0,6226,606758.0,595,0.8235294117647058,0.0,33750.0,1,0.0,0.0,0,0.0,0.0,0,33750.0,EXEL250221P00034000,bought
EXEL,2024-11-01,5.2,2158.0,0.0,4068,2610471.0,467,0.7987152034261242,2103948.0,0.0,1,2103948.0,0.0,1,2103948.0,0.0,1,2103948.0,EXEL241115C00024000,bought
EXEL,2024-10-08,3.6394984326018807,2322.0,0.0,6915,723478.0,576,0.9409722222222222,30800.0,244605.0,5,0.0,196755.0,3,0.0,0.0,0,95000.0,EXEL241115P00020000,bought
EXEL,2024-09-30,2.566893424036281,2264.0,0.0,4485,308748.0,475,0.9452631578947368,0.0,0.0,0,0.0,0.0,0,0.0,0.0,0,23360.0,EXEL241018C00019000,sold
EXEL,2024-09-10,5.6620428751576295,4490.0,0.0,9576,2377883.0,624,0.9246794871794872,982361.0,731619.0,3,935361.0,731619.0,2,935361.0,731619.0,2,935361.0,EXEL241018C00024000,bought
EXEL,2024-08-22,7.382775119617225,3086.0,0.0,7162,831558.0,780,0.9628205128205128,0.0,35910.0,1,0.0,0.0,0,0.0,0.0,0,35910.0,EXEL250117P00020000,bought
EXEL,2024-08-16,29.484988452655887,12767.0,0.0,15710,4333223.0,1135,0.9480176211453744,2450000.0,1214260.0,3,2450000.0,1185000.0,2,2450000.0,1185000.0,2,2450000.0,EXEL240920C00024000,bought
ESPR,2026-01-12,2.9239013933547695,1364.0,0.0,3566,262447.0,235,0.8893617021276595,35000.0,42500.0,2,0.0,0.0,0,0.0,0.0,0,42500.0,ESPR270115C00003000,sold
EXEL,2024-07-09,4.284263959390863,1688.0,0.0,2352,368205.0,506,0.9347826086956522,0.0,0.0,0,0.0,0.0,0,0.0,0.0,0,9975.0,EXEL240816C00024000,bought
EXEL,2024-06-18,8.102941176470589,1102.0,0.0,2259,192067.0,156,0.8205128205128205,0.0,106227.0,1,0.0,106227.0,1,0.0,106227.0,1,106227.0,EXEL240816C00023000,sold
ACAD,2025-03-17,15.52411575562701,4828.0,0.0,5108,145526.0,116,0.8275862068965517,41880.0,0.0,1,0.0,0.0,0,0.0,0.0,0,41880.0,ACAD250417C00019000,bought
EXEL,2024-05-15,10.2172373081464,4327.0,0.0,5368,662050.0,436,0.9587155963302753,68200.0,238000.0,3,68200.0,238000.0,3,0.0,238000.0,2,136000.0,EXEL240517P00025000,bought
EXEL,2024-05-01,14.676427525622255,5012.0,0.0,13284,1062666.0,1423,0.8973998594518623,26055.0,89250.0,3,0.0,59250.0,1,0.0,0.0,0,59250.0,EXEL240621C00024000,sold
EXEL,2024-03-07,10.51530612244898,2061.0,0.0,2812,119393.0,248,0.9475806451612904,0.0,0.0,0,0.0,0.0,0,0.0,0.0,0,19100.0,EXEL250117C00022000,sold
EXEL,2024-03-01,28.15286624203822,4420.0,0.0,8976,649836.0,944,0.9364406779661016,0.0,0.0,0,0.0,0.0,0,0.0,0.0,0,10945.0,EXEL240315C00024000,sold
EWTX,2024-12-06,23.28491620111732,2084.0,0.0,6103,886950.0,43,1.0,157760.0,670480.0,2,157760.0,670480.0,2,157760.0,670480.0,2,670480.0,EWTX241220P00030000,bought
ETNB,2025-10-29,38.46783625730994,3289.0,0.0,46650,17815268.0,615,0.8341463414634146,3837225.0,12950400.0,39,3682250.0,12849200.0,32,3356050.0,12609200.0,25,2649600.0,ETNB251121C00010000,sold
ETNB,2025-10-02,13.38655462184874,1593.0,0.0,9580,317836.0,482,0.9045643153526972,0.0,0.0,0,0.0,0.0,0,0.0,0.0,0,19195.0,ETNB260220P00015000,bought
ETNB,2025-07-18,7.688581314878893,1111.0,0.0,1592,54780.0,204,0.6764705882352942,0.0,0.0,0,0.0,0.0,0,0.0,0.0,0,3500.0,ETNB250718C00010000,bought
ETNB,2025-07-07,12.284518828451883,1468.0,0.0,1587,60102.0,158,0.6772151898734177,0.0,0.0,0,0.0,0.0,0,0.0,0.0,0,7120.0,ETNB250718C00012500,bought
ETNB,2024-03-15,14.89795918367347,1095.0,0.0,1670,161015.0,263,0.9657794676806084,0.0,0.0,0,0.0,0.0,0,0.0,0.0,0,7800.0,ETNB250117C00022500,sold
ETNB,2024-03-12,14.02721088435374,1031.0,0.0,1149,276329.0,33,0.9393939393939394,0.0,0.0,0,0.0,0.0,0,0.0,0.0,0,270000.0,ETNB240315C00010000,mid
EXEL,2024-06-26,11.102941176470589,1510.0,0.0,4486,204511.0,303,0.966996699669967,30250.0,0.0,1,0.0,0.0,0,0.0,0.0,0,30250.0,EXEL240719P00021000,sold
ABCL,2026-06-17,2.0496742671009773,2517.0,0.0,3426,292400.0,336,0.8571428571428571,0.0,0.0,0,0.0,0.0,0,0.0,0.0,0,19630.0,ABCL260618C00005000,bought
ABCL,2026-05-05,6.319174757281553,5207.0,0.0,9738,761838.0,1125,0.912,136717.0,0.0,3,59486.0,0.0,1,0.0,0.0,0,59486.0,ABCL260618C00005000,bought
ABCL,2026-05-01,2.9870317002881843,2073.0,0.0,5141,573419.0,1002,0.8932135728542914,0.0,27750.0,1,0.0,0.0,0,0.0,0.0,0,27750.0,ABCL270115C00004000,sold
IBRX,2024-02-26,2.126537785588752,1815.0,0.0,18152,2600617.0,1124,0.938612099644128,80405.0,894360.0,22,0.0,509590.0,7,0.0,132000.0,1,132000.0,IBRX240517P00004500,bought
IBRX,2024-02-16,2.2485632183908044,1565.0,0.0,4014,421135.0,424,0.8726415094339622,0.0,0.0,0,0.0,0.0,0,0.0,0.0,0,15810.0,IBRX250117C00007500,bought
IBRX,2024-01-16,2.4962025316455696,1479.0,0.0,2558,156421.0,144,0.8888888888888888,58800.0,0.0,2,0.0,0.0,0,0.0,0.0,0,33400.0,IBRX250117C00003000,bought
HUMA,2024-12-06,2.6038015304862996,5274.0,0.0,11897,769314.0,1002,0.8982035928143712,25360.0,66031.0,3,0.0,0.0,0,0.0,0.0,0,34671.0,HUMA250620C00007500,sold
HUMA,2024-10-18,15.27839065541856,11772.0,0.0,15494,1240067.0,1177,0.8547153780798641,0.0,0.0,0,0.0,0.0,0,0.0,0.0,0,24843.0,HUMA241220C00005000,sold
HUMA,2024-10-02,5.352238805970149,3586.0,0.0,8259,787594.0,974,0.9147843942505134,88650.0,34020.0,4,0.0,0.0,0,0.0,0.0,0,34020.0,HUMA241220C00007500,sold
HUMA,2024-09-20,2.073611111111111,1493.0,0.0,4126,236804.0,423,0.789598108747045,0.0,0.0,0,0.0,0.0,0,0.0,0.0,0,15500.0,HUMA250321P00007500,sold
HUMA,2024-07-16,2.9610027855153205,3189.0,0.0,10568,1441226.0,1694,0.9374262101534828,185036.0,72740.0,6,62500.0,0.0,1,0.0,0.0,0,62500.0,HUMA240719C00007500,bought
HUMA,2024-07-12,3.0988023952095807,2070.0,0.0,4157,493425.0,534,0.9325842696629212,97500.0,0.0,1,97500.0,0.0,1,0.0,0.0,0,97500.0,HUMA240719C00005000,bought
HUMA,2024-07-05,3.075,1230.0,0.0,3196,306700.0,698,0.9455587392550144,0.0,36875.0,1,0.0,0.0,0,0.0,0.0,0,36875.0,HUMA240719C00002500,sold
HUMA,2024-05-30,4.83265306122449,1184.0,0.0,10246,1904503.0,1709,0.9309537741369222,243608.0,170918.0,10,166320.0,61060.0,3,101320.0,0.0,1,101320.0,HUMA240621C00005000,bought
HUMA,2024-05-20,5.36231884057971,1295.0,0.0,4050,568532.0,496,0.9294354838709676,0.0,47500.0,1,0.0,0.0,0,0.0,0.0,0,47500.0,HUMA240719C00007500,sold
HROW,2026-01-26,6.383518225039619,2014.0,0.0,2359,589666.0,94,0.9361702127659576,262384.0,101358.0,9,51188.00000000001,75000.0,2,0.0,0.0,0,75000.0,HROW260320C00045000,sold
IBRX,2024-02-29,8.549071618037136,9669.0,0.0,15823,1717365.0,443,0.8871331828442438,514995.0,378905.0,15,346805.0,283185.0,8,102000.0,0.0,1,102000.0,IBRX240315C00004000,bought
HROW,2026-01-15,8.909657320872274,1430.0,0.0,2553,1284042.0,374,0.8850267379679144,106200.0,102600.0,2,106200.0,102600.0,2,106200.0,102600.0,2,106200.0,HROW260116C00030000,bought
HROW,2025-01-14,111.0,4662.0,0.0,10191,798847.0,247,0.8502024291497976,230250.0,210000.0,4,230250.0,210000.0,4,105000.0,210000.0,2,210000.0,HROW250221P00029000,bought
HROW,2024-12-19,576.6666666666666,6055.0,0.0,6446,1762831.0,99,0.8585858585858586,88500.0,570000.0,4,0.0,570000.0,2,0.0,570000.0,2,915000.0,HROW250117P00035000,mid
HROW,2024-12-12,275.6363636363636,3032.0,0.0,6143,1511767.0,71,0.8169014084507042,0.0,1476000.0,2,0.0,1476000.0,2,0.0,1476000.0,2,936000.0,HROW250117P00038000,bought
HROW,2024-04-19,5.4176610978520285,1135.0,0.0,1522,154342.0,107,0.8504672897196262,36000.0,0.0,1,0.0,0.0,0,0.0,0.0,0,36000.0,HROW240621P00009000,sold
HRMY,2026-02-18,146.42857142857142,2050.0,0.0,3110,513073.0,236,0.9661016949152542,0.0,0.0,0,0.0,0.0,0,0.0,0.0,0,180000.0,HRMY260320P00030000,mid
HRMY,2025-09-24,25.55823293172691,3182.0,0.0,4057,270926.0,439,0.8132118451025057,0.0,36660.0,1,0.0,0.0,0,0.0,0.0,0,36660.0,HRMY251017P00032500,bought
HRMY,2025-09-23,9.791164658634536,1219.0,0.0,1415,288029.0,224,0.9508928571428572,0.0,0.0,0,0.0,0.0,0,0.0,0.0,0,21825.0,HRMY251017C00035000,bought
HELP,2026-08-25,3.8603839441535777,1106.0,0.0,1825,336294.0,374,0.8716577540106952,0.0,0.0,0,0.0,0.0,0,0.0,0.0,0,15640.0,HELP261218C00020000,sold
HALO,2026-05-12,36.22269807280514,8458.0,0.0,9845,2023448.0,1581,0.8931056293485136,207846.0,32890.0,6,102750.0,0.0,2,0.0,0.0,0,51750.0,HALO260618C00080000,bought
HALO,2026-05-11,7.004385964912281,1597.0,0.0,1817,258830.0,428,0.8177570093457944,0.0,0.0,0,0.0,0.0,0,0.0,0.0,0,15225.0,HALO260515C00065000,bought
HALO,2025-12-04,4.205128205128205,1640.0,0.0,1967,300268.0,349,0.9197707736389684,40000.0,42000.0,2,0.0,0.0,0,0.0,0.0,0,42000.0,HALO260116P00065000,bought
HALO,2025-03-20,6.771362586605081,1466.0,0.0,2863,2590382.0,92,0.8152173913043478,0.0,1906760.0,1,0.0,1906760.0,1,0.0,1906760.0,1,1906760.0,HALO250321C00050000,sold
HALO,2025-02-19,5.506591337099811,1462.0,0.0,1792,341960.0,348,0.7902298850574713,0.0,27200.0,1,0.0,0.0,0,0.0,0.0,0,27200.0,HALO250221C00055000,sold
HROW,2025-11-11,67.01449275362319,2312.0,0.0,6637,1790666.0,906,0.9017660044150112,396170.0,0.0,9,87500.0,0.0,1,0.0,0.0,0,87500.0,HROW270115P00070000,sold
HALO,2024-11-01,24.788844621513945,3111.0,0.0,4021,654010.0,484,0.9008264462809916,40999.99999999999,0.0,1,0.0,0.0,0,0.0,0.0,0,40999.99999999999,HALO241220P00055000,sold
IBRX,2024-03-04,5.875814488309697,7665.0,0.0,10947,1078744.0,582,0.8900343642611683,48500.0,30000.0,2,0.0,0.0,0,0.0,0.0,0,329890.0,IBRX240315C00004000,mid
IBRX,2024-03-18,4.170656844689994,6794.0,0.0,11592,1672621.0,637,0.9497645211930926,93585.0,1215000.0,8,0.0,1190000.0,4,0.0,1050000.0,2,600000.0,IBRX240419P00007500,bought
IMCR,2026-03-16,300.0,3000.0,0.0,3015,409300.0,8,0.875,399750.0,0.0,2,399750.0,0.0,2,399750.0,0.0,2,249750.0,IMCR260417P00030000,sold
IMCR,2026-02-20,502.9,5029.0,0.0,7144,829462.0,125,0.976,736220.0,0.0,2,736220.0,0.0,2,650000.0,0.0,1,650000.0,IMCR260417P00030000,sold
IDYA,2026-04-22,12.906870229007634,4227.0,0.0,8318,412798.0,47,0.8085106382978723,0.0,296000.0,1,0.0,296000.0,1,0.0,296000.0,1,296000.0,IDYA260515C00035000,sold
IDYA,2026-04-13,11.68171021377672,2459.0,0.0,4962,1165962.0,967,0.7993795243019648,97200.0,143510.0,6,71100.0,64610.0,2,0.0,0.0,0,71100.0,IDYA260417C00025000,bought
IDYA,2025-09-02,181.7,1817.0,0.0,1860,384884.0,109,0.9541284403669724,110000.0,0.0,1,110000.0,0.0,1,110000.0,0.0,1,110000.0,IDYA250919C00025000,bought
ICVX,2024-01-31,100.3,1003.0,0.0,1058,5565.0,49,0.0612244897959183,0.0,0.0,0,0.0,0.0,0,0.0,0.0,0,550.0,ICVX240419P00015000,mid
IBRX,2026-09-02,2.167254763585039,3071.0,0.0,11046,1420370.0,1143,0.8302712160979877,95800.0,97282.0,6,0.0,0.0,0,0.0,0.0,0,44000.00000000001,IBRX260918C00007000,sold
IBRX,2026-08-20,2.5407066052227343,2481.0,0.0,12577,1443580.0,1008,0.8353174603174603,243648.0,93175.0,9,87000.0,0.0,1,0.0,0.0,0,87000.0,IBRX280121C00007500,bought
IBRX,2026-08-13,2.452991452991453,2583.0,0.0,9295,845075.0,1092,0.8525641025641025,57780.0,33000.0,3,0.0,0.0,0,0.0,0.0,0,33000.0,IBRX260821C00006000,sold
ABBV,2024-04-17,5.600318049297641,10565.0,0.0,46463,45657647.0,2304,0.9058159722222222,14827475.0,14729280.0,32,14593008.0,14550780.0,21,14247920.0,14384960.0,14,11200000.0,ABBV240419P00180000,mid
IBRX,2026-05-04,2.3442838370565044,8028.0,0.0,27256,2709964.0,2139,0.8826554464703132,426801.0,416960.0,18,214945.0,218560.0,6,0.0,0.0,0,94000.0,IBRX280121C00015000,sold
IBRX,2026-04-24,2.093192447600901,6042.0,0.0,35191,3429151.0,2491,0.8285828984343637,100860.0,1121745.0,13,0.0,1005200.0,7,0.0,692380.0,3,376250.0,IBRX260618P00009000,bought
IBRX,2026-04-10,2.666255651459104,6487.0,0.0,27159,2293550.0,2272,0.7997359154929577,321240.0,210510.0,12,184500.0,103410.0,5,0.0,0.0,0,63000.0,IBRX260417C00006000,bought
IBRX,2024-03-07,2.119586048294366,2765.0,0.0,3976,392626.0,252,0.9206349206349206,165000.0,0.0,2,165000.0,0.0,2,110000.0,0.0,1,110000.0,IBRX240315C00004000,bought
ABBV,2024-07-09,2.3591893780573026,1688.0,0.0,7033,2134990.0,2066,0.9496611810261376,203825.0,165880.0,10,0.0,0.0,0,0.0,0.0,0,48300.00000000001,ABBV250620C00165000,sold
IBRX,2025-06-17,2.675603217158177,2994.0,0.0,5914,379457.0,652,0.8788343558282209,27600.0,0.0,1,0.0,0.0,0,0.0,0.0,0,27600.0,IBRX250815C00002500,bought
IBRX,2025-06-10,2.19115372718837,3542.0,0.0,11669,1084141.0,849,0.8916372202591284,71734.0,156928.0,4,0.0,156928.0,2,0.0,0.0,0,85000.0,IBRX250718C00003000,sold
IBRX,2025-02-06,2.315550510783201,1020.0,0.0,8684,713771.0,77,0.8831168831168831,633600.0,0.0,1,633600.0,0.0,1,633600.0,0.0,1,633600.0,IBRX250321P00005000,sold
IBRX,2025-02-05,6.464622641509434,2741.0,0.0,10624,823924.0,183,0.9344262295081968,728000.0,0.0,2,679000.0,0.0,1,679000.0,0.0,1,679000.0,IBRX250321P00005000,sold
IBRX,2025-01-24,9.36734693877551,1377.0,0.0,3130,77884.0,232,0.913793103448276,0.0,0.0,0,0.0,0.0,0,0.0,0.0,0,5000.0,IBRX250221P00002500,sold
IBRX,2024-11-20,17.3915857605178,5374.0,0.0,12359,1574140.0,276,0.9166666666666666,1410000.0,35000.00000000001,3,1385000.0,0.0,1,1385000.0,0.0,1,1385000.0,IBRX241220P00007500,sold
ABBV,2024-10-17,7.412115193644489,3732.0,0.0,20626,15170595.0,3039,0.9358341559723592,2209680.0,9624360.0,19,2046330.0,9392780.0,8,2046330.0,9162430.0,5,3555000.0,ABBV241018P00212500,bought
IBRX,2024-10-23,9.672456575682382,1949.0,0.0,5487,163274.0,396,0.8535353535353535,0.0,0.0,0,0.0,0.0,0,0.0,0.0,0,8840.0,IBRX241115C00004000,bought
IBRX,2024-07-09,3.4729011689691816,1634.0,0.0,2784,172587.0,208,0.8173076923076923,0.0,0.0,0,0.0,0.0,0,0.0,0.0,0,22000.000000000004,IBRX251219C00007500,bought
IBRX,2024-06-20,7.962264150943396,3798.0,0.0,17343,1097067.0,1703,0.8995889606576629,132325.0,33300.00000000001,4,58750.0,0.0,1,0.0,0.0,0,58750.0,IBRX250117C00005500,bought
IBRX,2024-06-03,2.5382475660639776,1825.0,0.0,8375,491071.0,956,0.8891213389121339,0.0,74059.99999999999,1,0.0,74059.99999999999,1,0.0,0.0,0,74059.99999999999,IBRX250117C00007500,sold
IBRX,2024-04-19,4.404735682819383,7999.0,0.0,17970,1326240.0,993,0.8710976837865055,307655.0,174460.0,7,223155.00000000003,134460.0,3,223155.00000000003,0.0,1,223155.00000000003,IBRX240517C00005500,bought
IBRX,2024-03-25,3.683905483727151,8263.0,0.0,14281,1188949.0,551,0.9201451905626136,441540.00000000006,93380.0,3,413540.00000000006,93380.0,2,413540.00000000006,0.0,1,413540.00000000006,IBRX240517C00005500,bought
ABBV,2024-07-10,2.8908839779005526,2093.0,0.0,10636,3587741.0,2608,0.9516871165644172,431188.0,596488.0,17,281512.0,214871.99999999997,3,217671.99999999997,214871.99999999997,2,217671.99999999997,ABBV250117C00130000,bought
HALO,2024-04-15,29.77777777777778,1608.0,0.0,1691,168414.99999999997,43,0.7906976744186046,0.0,137470.99999999997,1,0.0,137470.99999999997,1,0.0,137470.99999999997,1,137470.99999999997,HALO240517C00040000,sold
ABBV,2025-05-01,2.3836978131212723,2398.0,0.0,13472,6644907.0,2924,0.9466484268125857,816830.0,1330988.0,40,538115.0,580475.0,13,270240.00000000006,119250.0,3,163680.00000000003,ABBV250613C00180000,bought
GSK,2026-07-17,55.714285714285715,2340.0,0.0,9865,592644.0,735,0.8068027210884354,126305.0,0.0,2,86535.0,0.0,1,0.0,0.0,0,86535.0,GSK260717P00052000,sold
GPCR,2024-12-06,31.161290322580644,2415.0,0.0,2529,285995.0,97,0.9175257731958762,0.0,202500.0,1,0.0,202500.0,1,0.0,202500.0,1,202500.0,GPCR241220P00030000,bought
GOSS,2026-02-10,3.3595413595413595,4102.0,0.0,43424,2979339.0,2362,0.9301439458086368,582045.0,582195.0,12,515630.0,415400.0,5,363600.0,415400.0,3,363600.0,GOSS260320C00006000,bought
GOSS,2026-02-05,5.0549843540455965,5654.0,0.0,45587,5237787.0,1097,0.9498632634457612,232911.0,1638970.0,4,232911.0,1638970.0,4,168555.0,1638970.0,3,925000.0,GOSS260320P00003000,bought
GOSS,2026-01-23,13.253373313343328,4420.0,0.0,24814,2510648.0,1864,0.9570815450643776,826500.0,708455.0,9,826500.0,564750.0,5,826500.0,450000.0,3,564000.0,GOSS280121C00003000,bought
GMAB,2026-05-22,26.906666666666663,1009.0,0.0,1076,58650.0,38,0.9473684210526316,25000.0,0.0,1,0.0,0.0,0,0.0,0.0,0,25000.0,GMAB260618C00030000,bought
GMAB,2025-05-16,156.47619047619048,1643.0,0.0,1655,132210.0,69,0.8840579710144928,0.0,0.0,0,0.0,0.0,0,0.0,0.0,0,22000.000000000004,GMAB250620P00020000,sold
GLUE,2026-04-22,100.9,1009.0,0.0,2106,626985.0,27,0.925925925925926,384000.0,186465.0,4,344000.0,144000.0,2,344000.0,144000.0,2,344000.0,GLUE270115C00030000,bought
GLUE,2026-01-07,66.82666666666667,2506.0,0.0,6614,1294697.0,1232,0.9431818181818182,0.0,119360.0,1,0.0,119360.0,1,0.0,119360.0,1,119360.0,GLUE260116C00025000,sold
GLUE,2026-01-06,143.93939393939394,2375.0,0.0,2468,248563.0,127,0.7716535433070866,0.0,0.0,0,0.0,0.0,0,0.0,0.0,0,105210.0,GLUE260116C00017500,mid
GILD,2026-09-14,23.148387096774194,7176.0,0.0,62231,76057972.0,2638,0.9131918119787718,57115662.0,11633555.0,195,56644522.0,11313467.0,172,54250950.0,10724975.0,136,3260999.9999999995,GILD260918C00136000,bought
GILD,2026-02-18,7.577557755775578,1148.0,0.0,20088,6869872.0,1727,0.9530978575564564,999538.0,2495529.0,63,242885.0,1707348.0,19,0.0,1092800.0,5,282499.99999999994,GILD260320P00140000,bought
GILD,2026-01-20,24.0,1932.0,0.0,11220,3060016.0,1985,0.944080604534005,304400.0,276160.0,9,272100.0,276160.0,8,0.0,0.0,0,83160.0,GILD260220C00130000,sold
ABBV,2025-10-23,8.900616860863606,6493.0,0.0,18041,17791154.0,2294,0.9402789886660854,414628.0,10719802.0,30,61829.99999999999,10294800.0,6,0.0,10227600.0,4,2920000.0,ABBV251219C00220000,sold
GPCR,2024-12-18,20.23684210526316,2307.0,0.0,3029,603614.0,832,0.9591346153846154,0.0,0.0,0,0.0,0.0,0,0.0,0.0,0,15600.0,GPCR250321P00030000,bought
GILD,2025-02-25,23.442622950819672,5720.0,0.0,19767,5193856.0,2824,0.9266997167138812,759367.0,417197.0,23,426544.0,122220.0,4,372500.0,0.0,1,372500.0,GILD250417C00115000,bought
ABCL,2025-07-14,3.417279411764706,1859.0,0.0,4519,259892.0,485,0.9030927835051548,0.0,0.0,0,0.0,0.0,0,0.0,0.0,0,17820.0,ABCL260116C00003000,sold
ABCL,2025-09-11,2.838056680161943,2103.0,0.0,4866,313566.0,712,0.9199438202247192,0.0,31840.000000000004,1,0.0,0.0,0,0.0,0.0,0,31840.000000000004,ABCL260116C00005000,sold
ABCL,2025-09-16,3.982456140350877,2951.0,0.0,7460,600972.0,749,0.917222963951936,122280.0,64829.99999999999,5,56250.0,0.0,1,0.0,0.0,0,56250.0,ABCL260417C00005000,bought
ABCL,2025-09-18,6.380552220888355,5315.0,0.0,7445,419139.0,658,0.925531914893617,0.0,0.0,0,0.0,0.0,0,0.0,0.0,0,20039.999999999996,ABCL270115P00007000,sold
ABCL,2025-09-22,3.1222063718497384,3283.0,0.0,7589,556958.0,660,0.9181818181818182,168468.0,0.0,4,60000.0,0.0,1,0.0,0.0,0,60000.0,ABCL260417C00007000,bought
ABCL,2025-09-23,2.540934419202743,2964.0,0.0,10147,989139.0,893,0.9294512877939528,142520.0,119176.0,6,59700.0,65100.0,2,0.0,0.0,0,65100.0,ABCL260116C00003000,sold
ABCL,2025-11-20,3.6666666666666665,1771.0,0.0,3872,187001.0,248,0.8790322580645161,0.0,0.0,0,0.0,0.0,0,0.0,0.0,0,20292.0,ABCL260417C00005000,bought
ABCL,2026-01-06,6.4747967479674795,1991.0,0.0,3530,163717.0,428,0.9439252336448598,0.0,0.0,0,0.0,0.0,0,0.0,0.0,0,10795.0,ABCL260116C00003000,bought
ABCL,2026-01-16,8.660964230171073,5569.0,0.0,6355,490277.0,535,0.8859813084112149,0.0,110040.0,3,0.0,0.0,0,0.0,0.0,0,49565.0,ABCL260116C00003000,sold
ABCL,2026-02-25,3.0145772594752187,1034.0,0.0,1969,96898.0,201,0.900497512437811,0.0,0.0,0,0.0,0.0,0,0.0,0.0,0,17860.0,ABCL270115C00005000,sold
ABCL,2026-04-22,2.1920668058455113,1050.0,0.0,3648,515937.0,1348,0.9317507418397626,0.0,0.0,0,0.0,0.0,0,0.0,0.0,0,14013.999999999998,ABCL270115C00004000,sold
ABCL,2026-04-24,2.8938967136150233,1541.0,0.0,4655,699927.0,1652,0.9207021791767556,0.0,0.0,0,0.0,0.0,0,0.0,0.0,0,24960.000000000004,ABCL260618C00005000,bought
ABCL,2026-04-28,2.249624060150376,1496.0,0.0,4878,936807.0,2377,0.8098443416070678,0.0,0.0,0,0.0,0.0,0,0.0,0.0,0,45500.0,ABCL260618C00004000,mid
ABBV,2025-11-04,2.226794258373206,2327.0,0.0,14795,7373741.0,3049,0.9498196129878648,660381.0,1263577.0,31,417024.0,765377.0,10,245219.99999999997,413255.99999999994,2,413255.99999999994,ABBV260320C00240000,sold
GPCR,2025-09-05,28.044444444444444,3155.0,0.0,9385,2962201.0,71,0.8309859154929577,1775000.0,1000000.0,5,1775000.0,1000000.0,5,1775000.0,1000000.0,5,1250000.0,GPCR251219C00022500,bought
GPCR,2025-10-14,6.519230769230769,1017.0,0.0,1268,752342.0,91,0.8681318681318682,497500.0,52500.0,4,497500.0,0.0,2,497500.0,0.0,2,385000.0,GPCR251017C00022500,bought
GPCR,2025-11-19,8.281385281385282,1913.0,0.0,5753,5057176.0,750,0.9386666666666666,1224486.0,2679074.0,5,1199286.0,2650274.0,3,1199286.0,2650274.0,3,1480600.0,GPCR251219C00037500,sold
GSK,2026-07-08,39.48344370860927,2981.0,0.0,4860,440690.0,360,0.9444444444444444,0.0,56000.0,1,0.0,56000.0,1,0.0,0.0,0,56000.0,GSK260717P00052000,bought
GSK,2026-02-24,11.0,2420.0,0.0,4136,663800.0,549,0.8961748633879781,150700.0,117440.0,5,121500.0,0.0,1,121500.0,0.0,1,121500.0,GSK270115C00035000,bought
GSK,2025-11-13,46.59171597633136,3937.0,0.0,143578,94537644.0,1253,0.8451715881883479,33765860.0,34611950.0,232,32977040.0,34412540.0,203,32306470.0,32981240.0,169,2348900.0000000005,GSK251121C00040000,bought
GSK,2025-07-15,4.103975535168196,1342.0,0.0,5088,446352.0,642,0.8598130841121495,0.0,0.0,0,0.0,0.0,0,0.0,0.0,0,22385.000000000004,GSK250815C00037000,sold
GSK,2025-07-14,3.861952861952862,1147.0,0.0,17897,1024073.0,1464,0.898224043715847,46000.0,288669.0,4,0.0,288669.0,3,0.0,143920.0,1,143920.0,GSK250718P00038500,bought
GSK,2025-06-25,22.649214659685864,2163.0,0.0,4781,216618.0,583,0.8936535162950258,31200.0,0.0,1,0.0,0.0,0,0.0,0.0,0,31200.0,GSK250815P00039000,sold
GSK,2025-03-17,137.6266666666667,5161.0,0.0,22418,5166142.0,661,0.8774583963691377,3233960.0,1382759.0,6,3190115.0,1382759.0,5,3139160.0,1306199.0,3,2300000.0,GSK250815C00041000,bought
GSK,2024-12-23,4.520084566596195,1069.0,0.0,5722,504213.0,691,0.8060781476121563,0.0,0.0,0,0.0,0.0,0,0.0,0.0,0,80000.0,GSK250117C00033000,mid
GSK,2024-11-27,24.97991967871486,6220.0,0.0,10015,654951.0,519,0.8747591522157996,116665.0,0.0,3,50579.99999999999,0.0,1,0.0,0.0,0,50579.99999999999,GSK241220C00036000,bought
GSK,2024-10-29,18.50498338870432,2785.0,0.0,40105,2710654.0,1728,0.8755787037037037,880610.0,520875.0,13,880610.0,290810.0,6,820090.0,234000.0,4,447450.0,GSK241101C00038500,bought
GSK,2024-06-20,35.03825136612022,3206.0,0.0,4676,390777.0,353,0.8725212464589235,0.0,37632.0,1,0.0,0.0,0,0.0,0.0,0,37632.0,GSK240719P00041000,bought
GSK,2024-05-15,160.42751842751844,32647.0,0.0,138126,65875164.0,809,0.8726823238566132,23951320.0,34500620.0,159,23607200.0,34351070.0,144,22908800.0,33588370.0,123,3671400.0,GSK240517C00040000,bought
GSK,2024-05-09,8.535564853556485,1020.0,0.0,3981,1108981.0,567,0.8483245149911817,286837.0,330161.0,10,286837.0,330161.0,10,0.0,0.0,0,66411.0,GSK240816C00041000,sold
GSK,2024-04-05,26.15979381443299,5075.0,0.0,6382,285377.0,341,0.8680351906158358,29250.0,45390.0,2,0.0,0.0,0,0.0,0.0,0,45390.0,GSK240419C00043000,sold
GSK,2024-03-21,36.30252100840336,4320.0,0.0,5126,452849.0,202,0.8712871287128713,46575.0,212899.99999999997,3,0.0,174019.99999999997,1,0.0,174019.99999999997,1,174019.99999999997,GSK240419C00043000,sold
GSK,2024-02-01,13.255972696245731,3884.0,0.0,10595,1034897.0,617,0.86709886547812,66985.0,131580.0,3,0.0,131580.0,1,0.0,131580.0,1,131580.0,GSK240202C00039500,sold
GSK,2024-01-17,22.94300518134715,2214.0,0.0,30203,3774600.0,912,0.9057017543859648,561626.0,1314070.0,27,452990.0,828120.0,11,212160.0,692880.0,6,260000.0,GSK240126P00039500,bought
GRFS,2024-12-23,22.140625,1417.0,0.0,1477,56362.0,75,0.96,0.0,0.0,0,0.0,0.0,0,0.0,0.0,0,16926.000000000004,GRFS250117C00008000,bought
GRFS,2024-04-02,7.894366197183099,2242.0,0.0,8686,296314.0,167,0.9700598802395208,57600.0,0.0,1,57600.0,0.0,1,0.0,0.0,0,57600.0,GRFS240517C00009000,bought
GRFS,2024-03-14,30.10893246187364,6910.0,0.0,12881,329350.0,207,0.8405797101449275,37029.99999999999,31739.999999999996,2,0.0,0.0,0,0.0,0.0,0,50000.0,GRFS240419C00008000,mid
GRFS,2024-01-03,6.726114649681529,1056.0,0.0,1066,156255.0,457,0.9824945295404814,0.0,0.0,0,0.0,0.0,0,0.0,0.0,0,18050.0,GRFS240216P00012500,bought
GRCL,2024-02-20,8.481147105682421,7985.0,0.0,16636,118448.0,117,0.4358974358974359,25000.0,0.0,1,0.0,0.0,0,0.0,0.0,0,25000.0,GRCL240315P00012500,sold
GRCL,2024-02-09,6.7810077519379846,3499.0,0.0,34231,310620.0,948,0.6476793248945147,0.0,0.0,0,0.0,0.0,0,0.0,0.0,0,19000.0,GRCL240621P00010000,sold
GRCL,2024-01-30,23.372093023255815,2010.0,0.0,2783,73555.0,209,0.985645933014354,0.0,0.0,0,0.0,0.0,0,0.0,0.0,0,3500.0,GRCL240621P00010000,sold
GRCL,2024-01-29,61.46511627906977,5286.0,0.0,5963,120325.0,677,0.9807976366322008,0.0,0.0,0,0.0,0.0,0,0.0,0.0,0,2554.9999999999995,GRCL240315P00010000,sold
GRCL,2024-01-25,64.17441860465117,5519.0,0.0,6575,175973.0,1035,0.961352657004831,0.0,0.0,0,0.0,0.0,0,0.0,0.0,0,3500.0,GRCL240920P00010000,bought
GRCL,2024-01-23,310.8,3108.0,0.0,12977,221221.0,902,0.9789356984478936,0.0,0.0,0,0.0,0.0,0,0.0,0.0,0,16500.0,GRCL240621P00010000,sold
GPCR,2026-06-08,18.62015503875969,1201.0,0.0,1314,222301.0,190,0.963157894736842,30290.000000000004,0.0,1,0.0,0.0,0,0.0,0.0,0,30290.000000000004,GPCR260618C00040000,bought
GPCR,2025-12-11,6.2853503184713375,2467.0,0.0,5556,8631519.0,532,0.9135338345864662,2255646.0,4569234.0,16,2195164.0,4377454.0,9,2141110.0,4324204.0,7,2579850.0,GPCR251219C00040000,sold
ELAN,2024-08-27,8.984848484848484,4151.0,0.0,6746,935753.0,533,0.900562851782364,35280.0,107300.0,2,0.0,107300.0,1,0.0,107300.0,1,174300.0,ELAN241018C00014000,mid
ELAN,2024-08-22,5.932330827067669,1578.0,0.0,1395,99001.0,65,0.8461538461538461,0.0,0.0,0,0.0,0.0,0,0.0,0.0,0,15700.0,ELAN250117P00015000,sold
ELAN,2024-12-19,9.342960288808664,1294.0,0.0,3486,130712.0,221,0.9095022624434388,0.0,0.0,0,0.0,0.0,0,0.0,0.0,0,16317.000000000002,ELAN250117C00011000,sold
ELAN,2024-06-24,18.267857142857142,3069.0,0.0,3856,303843.0,168,0.9523809523809524,32000.0,0.0,1,0.0,0.0,0,0.0,0.0,0,32000.0,ELAN240719C00018000,bought
CTLT,2024-02-08,15.296160877513712,8367.0,0.0,15870,877471.0,1237,0.8949070331447049,26580.0,367345.0,5,0.0,337260.0,3,0.0,256260.0,2,136140.0,CTLT240315C00060000,sold
ALKS,2025-07-17,43.925,1757.0,0.0,3218,441363.0,123,0.8292682926829268,0.0,207660.0,3,0.0,207660.0,3,0.0,0.0,0,93100.0,ALKS250815P00027000,bought
CTLT,2024-02-06,2.226450999048525,1170.0,0.0,4835,407561.0,637,0.8414442700156985,0.0,0.0,0,0.0,0.0,0,0.0,0.0,0,12800.0,CTLT250117C00045000,bought
CTLT,2024-01-31,2.9347826086956523,1215.0,0.0,1353,188404.0,1061,0.9274269557021678,0.0,0.0,0,0.0,0.0,0,0.0,0.0,0,13400.0,CTLT241018C00020000,sold
CRVS,2026-05-15,3.997863247863248,3742.0,0.0,9020,1938504.0,504,0.8928571428571429,670300.0,711650.0,4,670300.0,711650.0,4,670300.0,711650.0,4,711650.0,CRVS260515P00017000,bought
ALKS,2025-09-08,26.984455958549223,2604.0,0.0,9507,965348.0,601,0.9367720465890182,185500.0,174000.0,4,150000.0,174000.0,3,150000.0,102000.0,2,170000.0,ALKS250919C00027000,mid
CRVS,2026-02-19,16.555102040816326,2028.0,0.0,2980,2205402.0,605,0.937190082644628,381510.0,26375.0,9,127910.0,0.0,2,0.0,0.0,0,64310.0,CRVS260220C00007000,bought
CRVS,2026-01-29,2.0575539568345325,1287.0,0.0,2649,647745.0,256,0.9609375,296490.0,0.0,3,296490.0,0.0,3,231490.0,0.0,2,117900.0,CRVS260320C00020000,bought
CRVS,2026-01-26,2.4834193072955046,1685.0,0.0,9834,2219191.0,1162,0.9079173838209984,500100.0,240540.0,10,435100.0,76180.0,3,435100.0,0.0,2,335000.0,CRVS260320C00020000,bought
CRVS,2025-12-17,3.116279069767442,1139.0,0.0,2412,293806.0,136,0.9705882352941176,0.0,177000.0,4,0.0,105000.0,2,0.0,0.0,0,52500.0,CRVS260116C00007000,sold
CRVS,2025-12-08,14.218884120171674,3313.0,0.0,9318,1373088.0,701,0.948644793152639,239480.0,268750.0,5,239480.0,243200.0,4,164690.0,243200.0,3,164690.0,CRVS260417C00006000,bought
ALKS,2025-10-16,179.7058823529412,3055.0,0.0,11098,2543202.0,31,0.8064516129032258,0.0,2523000.0,4,0.0,2523000.0,4,0.0,2523000.0,4,1116000.0,ALKS251121C00030000,sold
ALKS,2025-11-07,31.333333333333332,1081.0,0.0,1248,171501.0,110,0.9181818181818182,0.0,0.0,0,0.0,0.0,0,0.0,0.0,0,19110.0,ALKS251121C00034000,bought
ALKS,2024-02-20,141.4,1414.0,0.0,1835,139879.0,382,1.0,0.0,0.0,0,0.0,0.0,0,0.0,0.0,0,4759.999999999999,ALKS240315C00032000,bought
ALKS,2025-12-12,116.125,2787.0,0.0,2928,262181.0,236,0.9915254237288136,0.0,0.0,0,0.0,0.0,0,0.0,0.0,0,8910.0,ALKS260116P00027000,bought
ALKS,2026-07-21,20.0,1030.0,0.0,1904,298873.0,117,0.9743589743589745,0.0,200000.0,1,0.0,200000.0,1,0.0,200000.0,1,200000.0,ALKS260821C00055000,sold
ALKS,2026-07-22,21.66990291262136,1116.0,0.0,1620,248480.0,42,0.9761904761904762,0.0,220000.0,1,0.0,220000.0,1,0.0,220000.0,1,220000.0,ALKS260821C00055000,sold
ALLO,2024-02-12,163.3,1633.0,0.0,2209,110219.0,111,0.918918918918919,0.0,0.0,0,0.0,0.0,0,0.0,0.0,0,12250.000000000002,ALLO240315C00002500,sold
ALMS,2026-07-29,201.3,2013.0,0.0,4545,1477187.0,461,0.9067245119305856,0.0,1230120.0,4,0.0,1230120.0,4,0.0,1161720.0,3,710010.0,ALMS260918C00030000,sold
ALMS,2026-08-18,31.92105263157895,1213.0,0.0,1516,431402.0,202,0.9702970297029704,0.0,235000.0,1,0.0,235000.0,1,0.0,235000.0,1,235000.0,ALMS260918P00022000,bought
ALMS,2026-08-25,7.794486215538847,1555.0,0.0,4020,1311777.0,794,0.7367758186397985,56500.0,161568.0,6,0.0,52800.0,1,0.0,0.0,0,52800.0,ALMS260918C00025000,sold
ALNY,2024-09-03,9.20891364902507,1653.0,0.0,3898,4636288.0,510,0.9529411764705882,2735890.0,416520.0,28,2268300.0,130400.0,4,2188800.0,0.0,1,2188800.0,ALNY240920P00270000,sold
ALNY,2025-03-20,20.872180451127814,1388.0,0.0,3626,3039629.0,1057,0.9725638599810784,839005.0,93270.0,17,479375.0,0.0,6,130000.0,0.0,1,130000.0,ALNY250417P00250000,sold
ALNY,2025-10-17,55.46666666666667,1248.0,0.0,2709,7918828.0,301,0.9003322259136213,598360.0,6389962.0,34,287740.0,6072832.0,15,0.0,5850420.0,6,3898619.999999999,ALNY251219C00490000,sold
ALNY,2025-12-09,28.82926829268293,1182.0,0.0,1642,727119.0,160,0.95625,38450.0,119172.0,4,0.0,51630.00000000001,1,0.0,0.0,0,76230.0,ALNY251219C00490000,mid
ALT,2024-02-12,3.2521294718909712,1909.0,0.0,9501,858987.0,996,0.8714859437751004,0.0,35000.0,1,0.0,0.0,0,0.0,0.0,0,50000.0,ALT240621C00020000,mid
ALT,2024-04-22,4.66966966966967,1555.0,0.0,8481,491072.0,925,0.9027027027027028,0.0,0.0,0,0.0,0.0,0,0.0,0.0,0,15500.0,ALT240621C00007000,mid
ALT,2024-05-03,4.681681681681682,1559.0,0.0,5559,316387.0,619,0.8239095315024233,0.0,0.0,0,0.0,0.0,0,0.0,0.0,0,15840.0,ALT240621P00008000,bought
ALKS,2026-01-02,34.15384615384615,1332.0,0.0,1645,103553.0,40,0.975,28500.0,0.0,1,0.0,0.0,0,0.0,0.0,0,28500.0,ALKS260220P00026000,sold
CTLT,2024-02-20,2.538293216630197,1740.0,0.0,2356,85904.0,268,0.9067164179104478,0.0,0.0,0,0.0,0.0,0,0.0,0.0,0,15000.0,CTLT240315C00060000,sold
CTLT,2024-05-01,93.8181818181818,1548.0,0.0,3194,152133.0,29,0.7241379310344828,45000.0,45000.0,2,0.0,0.0,0,0.0,0.0,0,45000.0,CTLT240621C00060000,bought
CTLT,2024-05-02,425.27272727272725,7017.0,0.0,7620,343878.0,104,0.9807692307692308,112500.0,157500.0,2,112500.0,157500.0,2,112500.0,157500.0,2,157500.0,CTLT240517C00057500,sold
ELAN,2024-08-20,67.48837209302326,11608.0,0.0,12089,755505.0,181,0.9281767955801103,450000.0,100000.0,2,450000.0,100000.0,2,450000.0,100000.0,2,450000.0,ELAN241018C00015000,bought
CYTK,2025-05-02,9.312649164677804,1951.0,0.0,14271,4639453.0,860,0.9232558139534884,1016469.0,1889794.0,20,760064.0,1715590.0,8,700144.0,1629190.0,6,820000.0,CYTK260116C00042000,sold
CYTK,2025-02-21,4.3354037267080745,1047.0,0.0,4359,1484855.0,812,0.9224137931034484,314000.0,62160.0,4,232960.0,62160.0,2,232960.0,0.0,1,232960.0,CYTK250321C00065000,bought
CYTK,2025-01-14,4.911290322580645,1218.0,0.0,1294,160326.0,165,0.7333333333333333,0.0,0.0,0,0.0,0.0,0,0.0,0.0,0,4600.0,CYTK250117C00045000,bought
AKBA,2025-07-09,10.645390070921986,1501.0,0.0,1944,77384.0,125,0.856,0.0,0.0,0,0.0,0.0,0,0.0,0.0,0,16875.0,AKBA260116C00002000,sold
CYTK,2024-12-20,10.273615635179151,1577.0,0.0,1892,401365.0,148,0.722972972972973,0.0,91340.0,2,0.0,61640.0,1,0.0,0.0,0,75000.0,CYTK250117C00060000,mid
CYTK,2024-08-09,6.4,1952.0,0.0,4091,1041355.0,595,0.9563025210084034,33330.0,142670.0,4,0.0,79040.0,1,0.0,0.0,0,79040.0,CYTK250117P00080000,bought
AKRO,2024-06-07,29.971014492753625,1034.0,0.0,1099,452246.0,87,0.9195402298850576,371250.0,0.0,2,371250.0,0.0,2,371250.0,0.0,2,187500.0,AKRO240621C00017500,bought
AKRO,2025-04-14,67.75,2710.0,0.0,9947,3183912.0,117,0.5982905982905983,1124431.0,1566776.0,15,1124431.0,1566776.0,15,1124431.0,1566776.0,15,201885.0,AKRO250516P00042500,bought
CYTK,2024-06-06,136.30188679245282,3612.0,0.0,8105,840178.0,2144,0.9528917910447762,121875.0,36000.0,4,62369.99999999999,0.0,1,0.0,0.0,0,62369.99999999999,CYTK241115P00055000,sold
AKRO,2025-05-14,4.5927099841521395,1449.0,0.0,8757,4196413.0,388,0.9123711340206184,1561216.0,1218140.0,23,1499160.0,1024830.0,15,1499160.0,954800.0,14,191270.0,AKRO250620P00042500,bought
CYTK,2024-05-30,90.53731343283582,3033.0,0.0,6954,1048542.0,371,0.8679245283018868,56500.0,423100.0,6,0.0,423100.0,4,0.0,248100.0,2,136500.0,CYTK240621C00049000,sold
AKRO,2025-06-09,3.8593406593406594,1756.0,0.0,7025,4068762.0,588,0.9659863945578232,492390.0,1822116.0,31,134540.0,1617400.0,14,0.0,1085180.0,5,614179.9999999999,AKRO250620C00055000,sold
CYTK,2024-05-13,20.40650406504065,1255.0,0.0,6080,2097106.0,1379,0.9499637418419145,0.0,960000.0,2,0.0,960000.0,2,0.0,960000.0,2,660000.0,CYTK240517P00065000,bought
CYTK,2024-04-30,99.96825396825396,3149.0,0.0,7525,3687451.0,384,0.9088541666666666,2293000.0,750000.0,3,2265000.0,750000.0,2,2265000.0,750000.0,2,2265000.0,CYTK240517P00065000,sold
CYTK,2024-04-23,123.42857142857144,3456.0,0.0,9150,3044747.0,677,0.9719350073855244,386496.0,1688359.9999999998,6,360000.0,1655079.9999999998,4,360000.0,1529999.9999999998,2,1529999.9999999998,CYTK240517P00065000,bought
AKRO,2025-06-10,2.005514705882353,1091.0,0.0,3441,2736131.0,417,0.9424460431654677,240920.0,562270.0,18,81500.0,123500.0,2,0.0,123500.0,1,123500.0,AKRO250815C00055000,sold
CYTK,2024-01-18,3.1065114273393704,3602.0,0.0,22167,7253241.0,2425,0.9241237113402062,1963748.0,1743930.0,49,1568788.0,1301516.0,23,1084030.0,829090.0,8,670000.0,CYTK240315P00065000,sold
AKRO,2025-08-06,50.18852459016394,6123.0,0.0,25260,8280916.0,664,0.908132530120482,5150000.0,1994645.0,7,5150000.0,1930245.0,5,5150000.0,1853745.0,4,2900000.0,AKRO251121C00057500,bought
AKRO,2025-12-08,86.58823529411765,2208.0,0.0,12383,8022687.0,287,0.7073170731707317,4425900.0,2723500.0,24,4273100.0,2723500.0,19,4002500.0,2657500.0,15,1472400.0,AKRO260116C00030000,bought
ALDX,2026-03-12,3.60011458034947,6284.0,0.0,10946,1176371.0,899,0.949944382647386,350820.0,295650.0,7,318300.0,263850.0,5,318300.0,263850.0,5,149700.0,ALDX260417P00004000,bought
CYRX,2026-07-09,200.5,2005.0,0.0,2015,81059.0,7,1.0,0.0,72550.0,2,0.0,0.0,0,0.0,0.0,0,36550.0,CYRX260717P00015000,bought
CYRX,2024-02-13,334.6,3346.0,0.0,3350,463725.0,77,0.987012987012987,412500.0,0.0,1,412500.0,0.0,1,412500.0,0.0,1,412500.0,CYRX240315P00015000,sold
CTMX,2025-12-26,6.520123839009288,1053.0,0.0,1115,69785.0,56,0.9107142857142856,0.0,0.0,0,0.0,0.0,0,0.0,0.0,0,14000.0,CTMX260116C00004000,bought
CTMX,2025-12-19,7.777089783281734,1256.0,0.0,1821,62431.0,75,0.6533333333333333,0.0,0.0,0,0.0,0.0,0,0.0,0.0,0,21000.0,CTMX260417C00005000,bought
CTMX,2025-11-21,4.078125,1566.0,0.0,2236,66296.0,153,0.8758169934640523,0.0,0.0,0,0.0,0.0,0,0.0,0.0,0,11499.999999999998,CTMX251219C00003000,sold
ALDX,2026-03-17,11.174244415243102,21259.0,0.0,43972,6661903.0,2207,0.6873584050747621,3275150.0,394655.0,35,2821170.0,165930.0,15,2446190.0,0.0,7,803417.9999999999,ALDX260320P00004000,sold
CTLT,2024-11-22,163.5625,2617.0,0.0,9063,601451.0,195,0.8461538461538461,0.0,210400.0,2,0.0,175000.0,1,0.0,175000.0,1,175000.0,CTLT250117P00060000,bought
CTLT,2024-06-20,2.027158098933074,1045.0,0.0,1244,71316.0,186,0.7258064516129032,0.0,0.0,0,0.0,0.0,0,0.0,0.0,0,6500.0,CTLT240621C00055000,sold
ALT,2024-05-15,4.112903225806452,3825.0,0.0,15309,1220346.0,1730,0.9208092485549132,28405.0,0.0,1,0.0,0.0,0,0.0,0.0,0,28405.0,ALT240621C00010000,bought
CYTK,2025-08-19,8.723809523809523,1374.0,0.0,1571,743874.0,514,0.9280155642023348,0.0,40800.0,1,0.0,0.0,0,0.0,0.0,0,40800.0,CYTK270115C00035000,sold
ALT,2024-05-16,2.310708898944193,2298.0,0.0,12717,1210860.0,1632,0.9270833333333334,43000.0,0.0,1,0.0,0.0,0,0.0,0.0,0,43000.0,ALT240524C00007000,bought
ALT,2024-07-25,2.0168067226890756,1320.0,0.0,6833,447754.0,645,0.9271317829457364,56250.0,0.0,2,0.0,0.0,0,0.0,0.0,0,29250.0,ALT240816C00006500,bought
CPRX,2025-09-03,4.2938053097345135,1213.0,0.0,1275,38601.0,129,0.8294573643410853,0.0,0.0,0,0.0,0.0,0,0.0,0.0,0,3700.0,CPRX251219P00022500,sold
CORT,2026-03-12,11.08051948051948,2133.0,0.0,2877,795366.0,101,0.7128712871287128,385240.0,324060.0,4,359640.0,324060.0,3,359640.0,324060.0,3,359640.0,CORT260417P00035000,sold
CORT,2026-01-08,14.022988505747126,5490.0,0.0,23890,71530610.0,359,0.9637883008356546,40949500.0,30378122.0,14,40949500.0,30301650.0,12,40949500.0,30228800.0,11,15903000.0,CORT260116P00072500,sold
CORT,2026-01-07,3.963824289405685,1534.0,0.0,3092,552482.0,694,0.9668587896253602,52000.0,110240.0,4,0.0,110240.0,2,0.0,0.0,0,58500.0,CORT260220P00035000,bought
CORT,2025-12-26,4.888888888888889,1276.0,0.0,5464,3484105.0,1631,0.9166155732679336,114800.0,97180.0,5,79600.0,0.0,1,0.0,0.0,0,79600.0,CORT260116C00100000,bought
CORT,2025-12-05,9.439655172413794,1095.0,0.0,2270,1330213.0,91,0.9230769230769232,496918.0,683422.0,11,496918.0,654622.0,10,319618.0,388075.0,3,319618.0,CORT260116C00105000,bought
CORT,2025-07-30,14.87463556851312,2551.0,0.0,3010,627373.0,304,0.9210526315789472,0.0,337060.0,1,0.0,337060.0,1,0.0,337060.0,1,337060.0,CORT250815P00065000,bought
CORT,2025-06-20,6.521072796934866,2553.0,0.0,3059,1043257.0,346,0.8815028901734104,76350.0,187716.0,7,0.0,123975.0,2,0.0,0.0,0,63336.0,CORT250620C00055000,sold
CORT,2025-06-12,2.50990099009901,1521.0,0.0,1567,193946.0,194,0.963917525773196,30780.0,33465.0,2,0.0,0.0,0,0.0,0.0,0,33465.0,CORT250718C00075000,sold
CORT,2025-05-29,2.9742388758782203,1270.0,0.0,1554,539595.0,147,0.8979591836734694,245602.0,0.0,1,245602.0,0.0,1,245602.0,0.0,1,245602.0,CORT250620P00070000,sold
CORT,2025-02-24,4.268714011516315,1112.0,0.0,1365,641904.0,395,0.959493670886076,0.0,0.0,0,0.0,0.0,0,0.0,0.0,0,146940.0,CORT250321P00070000,mid
CORT,2025-01-13,4.541577825159915,1065.0,0.0,1247,96957.0,205,0.9414634146341464,0.0,0.0,0,0.0,0.0,0,0.0,0.0,0,4000.0,CORT250117C00060000,bought
CORT,2024-12-11,21.466063348416288,2372.0,0.0,2578,732485.0,509,0.9528487229862476,36420.00000000001,0.0,1,0.0,0.0,0,0.0,0.0,0,36420.00000000001,CORT250117C00060000,bought
CPRX,2025-12-23,18.73873873873874,2080.0,0.0,2115,28004.0,91,0.5164835164835165,0.0,0.0,0,0.0,0.0,0,0.0,0.0,0,7610.000000000001,CPRX260116C00030000,mid
CORT,2024-05-31,3.639880952380953,1223.0,0.0,4425,578288.0,323,0.9473684210526316,84600.0,39000.0,2,84600.0,0.0,1,0.0,0.0,0,84600.0,CORT250117P00029000,sold
ALT,2024-10-01,3.018770226537217,2332.0,0.0,9487,537620.0,975,0.7846153846153846,64260.0,40330.0,2,64260.0,0.0,1,0.0,0.0,0,64260.0,ALT250117C00007000,bought
CORT,2024-04-23,29.38653366583541,5892.0,0.0,9766,2847300.0,1020,0.946078431372549,0.0,1650000.0,1,0.0,1650000.0,1,0.0,1650000.0,1,1650000.0,CORT240621P00022000,bought
CORT,2024-04-16,11.086206896551724,1286.0,0.0,1916,79069.0,191,0.6073298429319371,0.0,0.0,0,0.0,0.0,0,0.0,0.0,0,8375.0,CORT240517C00030000,bought
CORT,2024-01-08,205.04,2563.0,0.0,5931,568081.0,642,0.8271028037383178,0.0,0.0,0,0.0,0.0,0,0.0,0.0,0,16500.0,CORT240517C00025000,bought
COLL,2026-05-14,103.0,1030.0,0.0,1037,54995.0,11,0.6363636363636364,0.0,0.0,0,0.0,0.0,0,0.0,0.0,0,35000.0,COLL260515C00035000,mid
COLL,2025-11-05,253.2,2532.0,0.0,2534,347440.0,63,0.9682539682539684,265000.0,0.0,2,265000.0,0.0,2,265000.0,0.0,2,135000.0,COLL251121C00035000,bought
COGT,2025-11-06,10.45945945945946,1161.0,0.0,2298,731202.0,200,0.95,208650.0,144960.0,9,52600.0,54400.0,2,0.0,0.0,0,54400.0,COGT251121C00019000,sold
COGT,2025-09-05,121.8095238095238,1279.0,0.0,1325,103402.0,46,0.8478260869565217,0.0,87500.0,1,0.0,87500.0,1,0.0,0.0,0,87500.0,COGT250919C00013000,sold
COGT,2025-08-12,764.4615384615385,9938.0,0.0,19938,3299198.0,36,0.9166666666666666,0.0,1378300.0,1,0.0,1378300.0,1,0.0,1378300.0,1,1890240.0,COGT250919C00010000,mid
COGT,2025-07-07,19.882640586797063,4066.0,0.0,16670,1605814.0,1375,0.8698181818181818,124671.0,409549.99999999994,5,53350.0,376049.99999999994,2,0.0,376049.99999999994,1,376049.99999999994,COGT250815C00010000,sold
COGT,2025-06-30,14.5,1102.0,0.0,1719,335618.0,270,0.8037037037037037,0.0,30000.0,1,0.0,0.0,0,0.0,0.0,0,30000.0,COGT250815C00008000,sold
COGT,2025-04-07,412.6,4126.0,0.0,4135,116530.0,10,0.7,0.0,0.0,0,0.0,0.0,0,0.0,0.0,0,60000.0,COGT250516P00004000,mid
COGT,2025-02-28,100.9,1009.0,0.0,2122,33254.0,182,0.0219780219780219,0.0,0.0,0,0.0,0.0,0,0.0,0.0,0,21500.0,COGT250321P00006000,mid
CORT,2024-05-08,5.079710144927536,1402.0,0.0,2910,728334.0,92,0.8369565217391305,350000.0,293750.0,2,350000.0,293750.0,2,350000.0,293750.0,2,350000.0,CORT240621C00030000,bought
CPRX,2026-03-31,7.697416974169742,1043.0,0.0,1367,145051.0,102,0.9117647058823528,0.0,46500.0,1,0.0,0.0,0,0.0,0.0,0,46500.0,CPRX260618C00025000,sold
CRBP,2026-09-11,25.97619047619047,5455.0,0.0,7745,393250.0,385,0.7272727272727273,64090.0,0.0,2,0.0,0.0,0,0.0,0.0,0,34000.0,CRBP261016C00010000,bought
CRBP,2026-09-14,43.352380952380955,9104.0,0.0,11209,378671.0,566,0.8568904593639576,42720.0,0.0,1,0.0,0.0,0,0.0,0.0,0,42720.0,CRBP260918C00010000,bought
ALT,2024-09-11,4.002155172413793,1857.0,0.0,6398,577959.0,785,0.9044585987261148,26927.999999999996,32500.0,2,0.0,0.0,0,0.0,0.0,0,32500.0,ALT250117P00013000,bought
CRVS,2025-11-11,5.139830508474576,1213.0,0.0,3166,201059.0,406,0.9753694581280788,0.0,0.0,0,0.0,0.0,0,0.0,0.0,0,14910.0,CRVS260116P00007000,bought
ALT,2024-09-12,3.506465517241379,1627.0,0.0,6358,356022.0,639,0.8748043818466353,44700.0,0.0,1,0.0,0.0,0,0.0,0.0,0,44700.0,ALT241018C00006000,bought
CRSP,2025-09-15,4.158415841584159,1260.0,0.0,13311,2901097.0,2657,0.9051561911930748,201275.0,110530.0,10,0.0,0.0,0,0.0,0.0,0,39930.0,CRSP280121C00080000,sold
ALT,2024-09-18,5.087378640776699,2358.0,0.0,6281,538748.0,747,0.8634538152610441,0.0,119880.0,1,0.0,119880.0,1,0.0,119880.0,1,119880.0,ALT241018C00007000,sold
CRSP,2024-05-03,14.419753086419751,1168.0,0.0,9735,1944856.0,2175,0.9016091954022988,282113.0,70800.0,7,151008.0,70800.0,3,0.0,0.0,0,91200.0,CRSP240524C00045000,bought
CRSP,2024-01-25,3.102803738317757,1826.0,0.0,10309,5108156.0,1114,0.8644524236983842,1500695.0,2076991.0,24,1423430.0,1848130.0,15,1343930.0,1591770.0,10,497350.0,CRSP240216C00050000,bought
CRNX,2025-07-09,106.0,1060.0,0.0,1141,203116.0,32,0.875,0.0,0.0,0,0.0,0.0,0,0.0,0.0,0,185000.0,CRNX250815C00033000,mid
CRNX,2024-04-25,62.654545454545456,5169.0,0.0,5222,1061556.0,21,0.9523809523809524,525000.0,525000.0,2,525000.0,525000.0,2,525000.0,525000.0,2,525000.0,CRNX240517P00045000,sold
CRNX,2024-03-05,14.402298850574711,1253.0,0.0,1756,237000.0,6,0.8333333333333334,140000.0,95000.0,2,140000.0,95000.0,2,140000.0,0.0,1,140000.0,CRNX240315P00045000,sold
CRNX,2024-01-19,28.785714285714285,1209.0,0.0,2101,490883.0,149,0.9798657718120806,80631.0,31000.0,2,80631.0,0.0,1,0.0,0.0,0,80631.0,CRNX240216P00035000,sold
CRNX,2024-01-05,21.320388349514563,1098.0,0.0,1116,221142.0,23,0.9130434782608696,0.0,194805.0,1,0.0,194805.0,1,0.0,194805.0,1,194805.0,CRNX240119P00035000,bought
CRMD,2026-07-01,5.32034632034632,2458.0,0.0,2923,89180.0,140,0.7285714285714285,0.0,0.0,0,0.0,0.0,0,0.0,0.0,0,9540.0,CRMD260821C00009000,bought
CRMD,2026-06-25,8.246489859594384,2643.0,0.0,3063,83222.0,144,0.9097222222222222,0.0,0.0,0,0.0,0.0,0,0.0,0.0,0,12075.0,CRMD270115C00005000,sold
CRMD,2026-05-13,5.396428571428571,1511.0,0.0,1869,104287.0,204,0.7647058823529411,0.0,0.0,0,0.0,0.0,0,0.0,0.0,0,10000.0,CRMD260618C00009000,sold
CRMD,2026-01-29,2.38758231420508,1269.0,0.0,2419,251271.0,408,0.931372549019608,0.0,25000.0,1,0.0,0.0,0,0.0,0.0,0,25000.0,CRMD260220C00007000,sold
CRMD,2025-12-09,3.606441872169099,3583.0,0.0,9917,865693.0,785,0.918471337579618,60500.0,0.0,2,0.0,0.0,0,0.0,0.0,0,45999.99999999999,CRMD270115C00017000,mid
CRMD,2025-10-10,3.0681440443213295,2769.0,0.0,3611,400688.0,272,0.9227941176470588,0.0,0.0,0,0.0,0.0,0,0.0,0.0,0,19150.0,CRMD251121P00009000,sold
CRMD,2025-09-24,2.767537826685007,1006.0,0.0,1769,161070.0,139,0.8705035971223022,0.0,0.0,0,0.0,0.0,0,0.0,0.0,0,15750.0,CRMD260320C00010000,bought
CRMD,2025-08-14,3.853982300884956,1742.0,0.0,4007,385934.0,254,0.8582677165354331,0.0,31020.0,1,0.0,0.0,0,0.0,0.0,0,31020.0,CRMD250919C00011000,sold
CRMD,2025-07-18,2.4612202688728027,1190.0,0.0,1867,211837.0,240,0.8416666666666667,0.0,0.0,0,0.0,0.0,0,0.0,0.0,0,8875.0,CRMD250815C00014000,mid
CRMD,2025-05-22,2.714011516314779,1414.0,0.0,1693,183861.0,73,0.9726027397260274,0.0,0.0,0,0.0,0.0,0,0.0,0.0,0,21120.0,CRMD250620C00012000,sold
CRMD,2025-05-09,2.198807157057654,1106.0,0.0,5850,273404.0,370,0.8918918918918919,0.0,0.0,0,0.0,0.0,0,0.0,0.0,0,11385.0,CRMD250919P00011000,sold
CRMD,2025-03-27,2.341132075471698,1551.0,0.0,3557,190606.0,257,0.8599221789883269,0.0,0.0,0,0.0,0.0,0,0.0,0.0,0,18000.0,CRMD250516P00006000,sold
CRMD,2025-03-25,7.916820702402957,4283.0,0.0,19022,1307624.0,1361,0.9125642909625276,26000.0,25920.0,2,0.0,0.0,0,0.0,0.0,0,26000.0,CRMD250417C00006000,bought
CRMD,2025-03-11,2.1818181818181817,1296.0,0.0,1671,210092.0,129,0.9767441860465116,0.0,37290.0,1,0.0,0.0,0,0.0,0.0,0,37290.0,CRMD250620C00008000,sold
CRMD,2025-02-18,2.389010989010989,1087.0,0.0,1740,83301.0,114,0.8771929824561403,0.0,0.0,0,0.0,0.0,0,0.0,0.0,0,7372.0,CRMD250620C00015000,sold
CRMD,2025-01-13,6.741482965931864,1682.0,0.0,6614,437568.0,377,0.9310344827586208,0.0,0.0,0,0.0,0.0,0,0.0,0.0,0,24000.0,CRMD250117C00010000,sold
CRMD,2025-01-07,14.491620111731844,2594.0,0.0,4826,451098.0,648,0.9197530864197532,0.0,0.0,0,0.0,0.0,0,0.0,0.0,0,15810.0,CRMD250321C00008000,sold
ALT,2024-06-13,2.297872340425532,1080.0,0.0,5061,610399.0,658,0.8297872340425532,0.0,0.0,0,0.0,0.0,0,0.0,0.0,0,18375.0,ALT240920P00008000,sold
CYTK,2025-08-27,20.217391304347824,5115.0,0.0,10371,3950615.0,112,0.9285714285714286,2200000.0,1600000.0,2,2200000.0,1600000.0,2,2200000.0,1600000.0,2,2200000.0,CYTK250919C00035000,bought
CYTK,2025-06-17,16.174757281553397,1666.0,0.0,2513,489303.0,139,0.7553956834532374,141860.0,225685.0,8,141860.0,0.0,2,0.0,0.0,0,77080.0,CYTK270115C00040000,bought
CYTK,2025-09-03,2.823658269441402,1289.0,0.0,4791,2634440.0,923,0.9014084507042254,203040.0,391323.0,14,140400.0,113400.0,4,0.0,0.0,0,74000.0,CYTK250919P00055000,sold
ADMA,2025-01-06,20.15025041736227,6035.0,0.0,7373,718601.0,553,0.9240506329113924,0.0,193175.0,2,0.0,193175.0,2,0.0,112700.0,1,112700.0,ADMA250117C00020000,sold
ADMA,2025-01-10,6.872340425531915,2584.0,0.0,5374,866640.0,593,0.9443507588532885,0.0,0.0,0,0.0,0.0,0,0.0,0.0,0,24625.0,ADMA250117C00017500,bought
ADMA,2025-03-03,6.9523809523809526,2993.0,0.0,4921,593243.0,825,0.92,0.0,0.0,0,0.0,0.0,0,0.0,0.0,0,22990.0,ADMA250321C00017000,bought
ADMA,2025-04-09,2.4660087719298245,2249.0,0.0,2936,553753.0,305,0.9016393442622952,0.0,251244.0,1,0.0,251244.0,1,0.0,251244.0,1,251244.0,ADMA250417C00017000,sold
ADMA,2025-04-15,7.784803105934554,7018.0,0.0,13194,2566756.0,1045,0.8660287081339713,913614.0,802771.9999999999,7,913614.0,764999.9999999999,6,723300.0,764999.9999999999,3,764999.9999999999,ADMA250417C00019000,sold
ADMA,2025-07-21,3.2365930599369084,1026.0,0.0,3319,474570.0,928,0.9633620689655172,0.0,0.0,0,0.0,0.0,0,0.0,0.0,0,13752.000000000002,ADMA270115P00020000,bought
ADMA,2025-08-05,3.17820324005891,1079.0,0.0,3492,559377.0,325,0.926153846153846,106454.0,31500.0,3,66454.0,0.0,1,0.0,0.0,0,66454.0,ADMA260116C00022000,bought
ADMA,2025-08-06,4.229074889867841,1440.0,0.0,9039,732703.0,475,0.8863157894736842,174912.0,169446.0,2,174912.0,169446.0,2,174912.0,169446.0,2,174912.0,ADMA250815C00021000,bought
ADMA,2025-09-19,3.8071942446043168,1323.0,0.0,2101,216853.0,195,0.8615384615384616,0.0,0.0,0,0.0,0.0,0,0.0,0.0,0,18722.000000000004,ADMA280121C00020000,sold
ADMA,2025-09-29,3.627027027027027,1342.0,0.0,1970,215517.0,288,0.8715277777777778,0.0,0.0,0,0.0,0.0,0,0.0,0.0,0,8170.0,ADMA251121P00016000,bought
ADMA,2025-10-01,2.50967007963595,1103.0,0.0,6570,708617.0,373,0.8739946380697051,129990.0,0.0,3,66150.0,0.0,1,0.0,0.0,0,66150.0,ADMA260116C00015000,bought
ADMA,2025-10-20,2.0618212197159567,1234.0,0.0,2111,284594.0,273,0.912087912087912,84000.0,27520.0,2,84000.0,0.0,1,0.0,0.0,0,84000.0,ADMA251121C00015000,bought
ADMA,2025-11-06,17.286127167630056,5981.0,0.0,13005,1558835.0,397,0.9345088161209067,434349.0,840723.0,8,434349.0,804723.0,7,434349.0,804723.0,7,240000.0,ADMA260116C00016000,sold
ADMA,2024-11-25,5.102137767220903,2148.0,0.0,4560,2153256.0,208,0.9182692307692308,848800.0,1212200.0,11,727380.0,1212200.0,8,661080.0,1043280.0,4,531360.0,ADMA260116C00020000,sold
ADMA,2026-02-05,11.938718662952644,2143.0,0.0,2532,236705.0,121,0.9256198347107438,82500.00000000001,44000.0,2,82500.00000000001,0.0,1,0.0,0.0,0,82500.00000000001,ADMA260220P00016000,sold
ADMA,2026-02-25,14.52777777777778,3138.0,0.0,4095,224223.0,259,0.9266409266409268,48000.0,0.0,1,0.0,0.0,0,0.0,0.0,0,48000.0,ADMA260320C00020000,bought
ADMA,2026-03-18,19.808362369337974,5685.0,0.0,11693,639461.0,1611,0.8752327746741154,119000.0,70910.0,3,119000.0,0.0,1,119000.0,0.0,1,119000.0,ADMA260417C00016000,bought
ADMA,2026-03-27,59.15217391304348,13605.0,0.0,43667,6347033.0,2791,0.8771049802938015,3953523.0,163000.0,20,3670564.0,0.0,6,3603760.0,0.0,5,1139760.0,ADMA260417C00010000,bought
ADMA,2026-04-07,2.1706484641638224,1272.0,0.0,2524,302025.0,263,0.8479087452471483,46980.0,0.0,1,0.0,0.0,0,0.0,0.0,0,46980.0,ADMA280121C00010000,bought
ADMA,2026-04-13,2.9852700490998365,1824.0,0.0,6201,670006.0,616,0.8766233766233766,109942.0,82248.0,7,0.0,0.0,0,0.0,0.0,0,30888.0,ADMA260515P00013000,sold
ADMA,2026-05-21,6.8371696504688835,4010.0,0.0,4238,320544.0,115,0.8,0.0,0.0,0,0.0,0.0,0,0.0,0.0,0,19400.0,ADMA260717P00009000,sold
ADMA,2026-07-14,7.026086956521739,1212.0,0.0,1224,43478.0,96,0.625,0.0,0.0,0,0.0,0.0,0,0.0,0.0,0,6000.0,ADMA260821P00009000,mid
ADMA,2026-09-28,77.4308943089431,4762.0,0.0,4977,300652.0,573,0.9598603839441536,0.0,0.0,0,0.0,0.0,0,0.0,0.0,0,5115.000000000001,ADMA261120C00011000,mid
ADMA,2026-09-29,47.55395683453237,3305.0,0.0,3346,239475.0,46,0.8260869565217391,0.0,225000.0,1,0.0,225000.0,1,0.0,225000.0,1,225000.0,ADMA261120C00011000,sold
ADPT,2025-06-30,46.51063829787234,1093.0,0.0,1094,22669.0,11,1.0,0.0,0.0,0,0.0,0.0,0,0.0,0.0,0,12900.0,ADPT250718C00012500,sold
AGIO,2024-07-08,106.1,1061.0,0.0,1101,340091.0,34,0.9411764705882352,0.0,320000.0,1,0.0,320000.0,1,0.0,320000.0,1,320000.0,AGIO240816C00040000,sold
AGIO,2024-10-04,109.2,1092.0,0.0,1119,244929.0,18,1.0,210000.0,0.0,1,210000.0,0.0,1,210000.0,0.0,1,210000.0,AGIO241115P00040000,sold
AGIO,2025-08-21,121.51351351351352,2248.0,0.0,4751,1836998.0,138,0.9855072463768116,1450000.0,0.0,2,1450000.0,0.0,2,1450000.0,0.0,2,1140000.0,AGIO260116C00045000,bought
ADMA,2026-02-19,8.244224422442244,1249.0,0.0,2136,198101.0,249,0.923694779116466,0.0,0.0,0,0.0,0.0,0,0.0,0.0,0,11000.0,ADMA260515P00017000,bought
AGIO,2025-11-19,90.51803278688524,13804.0,0.0,29037,6792653.0,2014,0.9329692154915592,3298105.0,873100.0,28,2873090.0,843100.0,13,2601780.0,389400.0,3,2181480.0,AGIO260116P00022500,sold
ADMA,2024-11-11,25.64969450101833,6297.0,0.0,13679,2676048.0,457,0.87527352297593,1711930.0,411725.0,5,1628930.0,365105.0,2,1628930.0,365105.0,2,1628930.0,ADMA241115C00020000,bought
ADMA,2024-11-05,5.029478458049887,1109.0,0.0,1967,414701.0,335,0.9432835820895522,45540.0,0.0,1,0.0,0.0,0,0.0,0.0,0,45540.0,ADMA241115C00009000,bought
ELAN,2024-05-23,9.99245283018868,1324.0,0.0,1554,90455.0,60,0.95,0.0,0.0,0,0.0,0.0,0,0.0,0.0,0,22095.0,ELAN240621C00017000,bought
EDIT,2024-06-12,21.0609756097561,1727.0,0.0,3546,136181.0,325,0.8615384615384616,0.0,0.0,0,0.0,0.0,0,0.0,0.0,0,9900.000000000002,EDIT250117C00007500,sold
EBS,2026-09-11,90.83516483516485,4133.0,0.0,4305,121317.0,494,0.9251012145748988,0.0,0.0,0,0.0,0.0,0,0.0,0.0,0,15425.0,EBS261016C00007000,bought
EBS,2026-06-24,21.016393442622952,1282.0,0.0,1315,42486.0,108,0.9629629629629628,0.0,0.0,0,0.0,0.0,0,0.0,0.0,0,14969.999999999998,EBS260717C00009000,bought
EBS,2026-01-06,7.230769230769231,1081.0,0.0,1248,164915.0,134,0.9552238805970148,0.0,0.0,0,0.0,0.0,0,0.0,0.0,0,14127.000000000002,EBS260116C00005000,bought
EBS,2025-12-15,8.385714285714286,1174.0,0.0,1648,207830.0,167,0.9041916167664672,0.0,0.0,0,0.0,0.0,0,0.0,0.0,0,17430.0,EBS260320C00012000,bought
EBS,2025-10-30,5.888888888888889,1060.0,0.0,6203,1463228.0,841,0.9179548156956004,292350.0,371060.0,15,0.0,289400.0,3,0.0,156000.0,1,156000.0,EBS251219C00006000,sold
EBS,2025-09-25,41.074829931972786,6038.0,0.0,6477,298096.0,218,0.908256880733945,196800.0,0.0,3,160000.0,0.0,2,0.0,0.0,0,80000.0,EBS251017C00009000,bought
EBS,2025-08-07,17.840304182509506,2346.0,0.0,3482,239060.0,457,0.8227571115973742,0.0,0.0,0,0.0,0.0,0,0.0,0.0,0,15000.0,EBS260320C00012000,bought
ACAD,2025-04-10,2.1560283687943262,1064.0,0.0,1935,388142.0,143,0.958041958041958,36100.0,0.0,1,0.0,0.0,0,0.0,0.0,0,36100.0,ACAD250919C00016000,bought
ACAD,2025-04-17,15.735632183908049,2738.0,0.0,3173,246833.0,63,0.8412698412698413,0.0,152750.0,1,0.0,152750.0,1,0.0,152750.0,1,152750.0,ACAD250516C00017000,sold
ACAD,2025-04-21,15.891304347826088,2924.0,0.0,3156,374340.0,222,0.8468468468468469,34000.0,84325.0,3,0.0,0.0,0,0.0,0.0,0,49500.0,ACAD250516C00014000,sold
ACAD,2025-04-22,13.233695652173912,2435.0,0.0,2613,189991.0,34,0.8823529411764706,0.0,141000.0,1,0.0,141000.0,1,0.0,141000.0,1,141000.0,ACAD250516C00017000,sold
ADMA,2024-11-07,11.09572301425662,2724.0,0.0,6111,1433041.0,619,0.9305331179321488,263430.0,623000.0,9,152530.0,623000.0,5,0.0,560000.0,2,400000.0,ADMA241115C00016000,sold
ACAD,2025-04-25,5.951086956521739,1095.0,0.0,1120,180014.0,75,1.0,0.0,0.0,0,0.0,0.0,0,0.0,0.0,0,13600.0,ACAD250516C00014000,sold
ACAD,2025-05-02,12.772200772200772,1654.0,0.0,2288,233993.0,105,0.9428571428571428,50610.0,45790.0,2,50610.0,0.0,1,0.0,0.0,0,50610.0,ACAD250919P00015000,sold
EBS,2024-08-08,8.357142857142858,1170.0,0.0,2797,263561.0,513,0.8401559454191033,0.0,0.0,0,0.0,0.0,0,0.0,0.0,0,20000.0,EBS240816P00010000,sold
ACAD,2025-11-25,28.895238095238096,1517.0,0.0,2803,224596.0,62,0.8709677419354839,70000.0,70000.0,2,70000.0,70000.0,2,0.0,0.0,0,70000.0,ACAD251219C00025000,sold
ACAD,2026-06-18,62.75,1004.0,0.0,3240,379606.0,24,0.3333333333333333,83121.99999999999,0.0,1,83121.99999999999,0.0,1,0.0,0.0,0,150000.0,ACAD260717P00022000,mid
ACAD,2026-09-16,11.666666666666666,1400.0,0.0,19495,4219394.0,184,0.717391304347826,684000.0,2634000.0,4,684000.0,2634000.0,4,684000.0,2634000.0,4,1320000.0000000002,ACAD261120P00026000,bought
ACLX,2024-04-02,78.75,2520.0,0.0,2523,505104.0,9,1.0,260000.0,240000.0,2,260000.0,240000.0,2,260000.0,240000.0,2,260000.0,ACLX240419P00070000,sold
ACLX,2024-04-16,200.8,2008.0,0.0,2009,1054994.0,8,1.0,0.0,1050000.0,1,0.0,1050000.0,1,0.0,1050000.0,1,1050000.0,ACLX240419P00060000,bought
ACLX,2024-11-05,51.25581395348837,2204.0,0.0,2612,1330966.0,250,0.98,212950.0,293720.0,11,0.0,253420.0,3,0.0,102610.0,1,102610.0,ACLX241220C00095000,sold
ACLX,2025-01-13,9.194630872483222,1370.0,0.0,1549,362818.0,126,0.8809523809523809,0.0,32810.0,1,0.0,0.0,0,0.0,0.0,0,32810.0,ACLX250221C00075000,sold
ACLX,2025-04-04,36.4,1638.0,0.0,1647,328878.0,107,0.9813084112149532,0.0,0.0,0,0.0,0.0,0,0.0,0.0,0,20500.0,ACLX250417C00060000,sold
ACLX,2026-03-24,69.98347107438016,4234.0,0.0,4804,62460.0,589,0.797962648556876,0.0,0.0,0,0.0,0.0,0,0.0,0.0,0,6000.0,ACLX260821C00110000,bought
ADMA,2024-05-09,12.819875776397517,1032.0,0.0,1855,125462.0,85,0.8705882352941177,0.0,60000.0,1,0.0,60000.0,1,0.0,0.0,0,60000.0,ADMA240517C00005000,sold
ADMA,2024-08-09,9.416309012875535,2194.0,0.0,6407,1516788.0,857,0.882147024504084,147800.0,348800.0,8,81000.0,250000.0,3,0.0,160000.0,1,160000.0,ADMA240816C00010000,sold
EBS,2024-08-14,22.485714285714284,3148.0,0.0,6275,575253.0,690,0.8898550724637682,54000.0,166660.0,5,54000.0,68155.0,2,0.0,0.0,0,68155.0,EBS241220C00007500,sold
AGIO,2025-12-08,3.2686084142394822,1010.0,0.0,3252,715515.0,184,0.9293478260869564,28215.000000000004,453180.0,3,0.0,407680.0,1,0.0,407680.0,1,407680.0,AGIO261218C00030000,sold
AGIO,2025-08-04,136.9,1369.0,0.0,1968,245773.0,221,0.9683257918552036,0.0,0.0,0,0.0,0.0,0,0.0,0.0,0,19500.0,AGIO250815C00040000,sold
DNA,2024-09-17,10.646153846153846,1730.0,0.0,6190,338405.0,812,0.9334975369458128,0.0,0.0,0,0.0,0.0,0,0.0,0.0,0,14000.0,DNA241220C00009000,sold
DNA,2025-01-17,16.377464788732393,8721.0,0.0,13808,1923604.0,649,0.8597842835130971,905000.0,472500.0,9,830000.0,472500.0,7,680000.0,400000.0,3,680000.0,DNA250221C00010000,bought
DNA,2024-11-25,6.244803695150115,1352.0,0.0,1731,102026.0,174,0.867816091954023,0.0,0.0,0,0.0,0.0,0,0.0,0.0,0,12000.0,DNA241220C00010000,bought
DNA,2024-11-13,7.0966386554621845,1689.0,0.0,2877,351168.0,457,0.824945295404814,0.0,0.0,0,0.0,0.0,0,0.0,0.0,0,9375.0,DNA241220C00009000,bought
AGIO,2025-12-24,7.954423592493297,2967.0,0.0,3995,1094452.0,429,0.9090909090909092,0.0,586080.0,2,0.0,586080.0,2,0.0,510000.0,1,510000.0,AGIO261218C00030000,sold
DAWN,2026-03-19,6.58307210031348,1050.0,0.0,1566,58349.0,49,0.7346938775510204,0.0,0.0,0,0.0,0.0,0,0.0,0.0,0,10500.0,DAWN260717C00020000,sold
DAWN,2026-01-22,2.355889724310777,2350.0,0.0,3742,813603.0,297,0.9427609427609428,0.0,103475.0,3,0.0,0.0,0,0.0,0.0,0,35000.0,DAWN260220C00011000,sold
DAWN,2026-01-15,21.45314009661836,22204.0,0.0,22306,4368204.0,199,0.8994974874371859,513345.0,3414708.0,12,466845.0,3414708.0,11,466845.0,3282958.0,9,619690.0,DAWN260116C00009000,sold
DAWN,2026-01-12,7.403296703296704,6737.0,0.0,13968,2136934.0,755,0.8105960264900662,560568.0,613650.0,16,406045.0,556930.0,10,165000.00000000003,146000.0,2,165000.00000000003,DAWN260116C00009000,bought
DAWN,2025-12-19,18.09715242881072,10804.0,0.0,14530,1823113.0,300,0.8933333333333333,991195.0,319595.0,20,763805.0,267720.0,10,497135.0,160000.0,5,160000.0,DAWN251219C00008000,sold
DAWN,2025-12-18,14.375366568914956,7353.0,0.0,10303,1620718.0,468,0.8696581196581197,744455.0,226000.0,11,660325.0,226000.0,9,264000.0,226000.0,4,161000.0,DAWN260116C00009000,bought
DAWN,2025-11-17,63.62337662337662,4899.0,0.0,5208,1522993.0,152,0.9407894736842104,446398.0,932000.0,13,374008.0,903500.0,10,252420.0,903500.0,8,165000.0,DAWN260116C00007500,sold
DAWN,2025-11-14,101.12987012987011,7787.0,0.0,8035,1662036.0,196,0.9285714285714286,569558.0,893310.0,22,354828.0,853410.0,15,0.0,250000.0,2,150000.0,DAWN260116C00007500,sold
DAWN,2025-11-13,44.111111111111114,2382.0,0.0,4135,578856.0,347,0.9279538904899136,100000.0,179000.0,2,100000.0,179000.0,2,100000.0,179000.0,2,179000.0,DAWN260116C00010000,sold
DAWN,2025-11-04,36.91228070175438,1052.0,0.0,1277,68149.0,31,0.8387096774193549,0.0,0.0,0,0.0,0.0,0,0.0,0.0,0,49400.0,DAWN251219C00010000,mid
CYTK,2026-07-17,3.0036014405762304,1251.0,0.0,1818,794952.0,289,0.8996539792387543,0.0,365810.0,1,0.0,365810.0,1,0.0,365810.0,1,365810.0,CYTK270115C00080000,sold
CYTK,2026-07-16,4.989195678271309,2078.0,0.0,5102,1355532.0,524,0.9351145038167938,496823.0,534823.0,11,465573.0,425073.0,6,465573.0,425073.0,6,172032.0,CYTK281215C00125000,sold
CYTK,2026-06-24,4.422093981863149,2682.0,0.0,5801,3736629.0,352,0.9573863636363636,902300.0,1715916.0,22,877100.0,1346300.0,9,822000.0,1211300.0,6,822000.0,CYTK270115C00080000,bought
CYTK,2026-06-23,2.0989282769991755,1273.0,0.0,4397,1746597.0,360,0.9916666666666668,295000.0,516000.0,8,147500.0,516000.0,4,147500.0,448500.0,3,298500.0,CYTK260717C00070000,sold
CYTK,2026-06-22,7.663643858202803,4648.0,0.0,6042,3045272.0,703,0.9630156472261736,25700.0,1421020.0,8,0.0,1381000.0,6,0.0,1381000.0,6,355000.0,CYTK260717C00080000,sold
CYTK,2026-05-20,3.551859099804305,3630.0,0.0,4863,2181968.0,324,0.9567901234567902,128000.0,1374660.0,8,85750.0,1296000.0,5,0.0,1296000.0,4,434000.0,CYTK260618C00080000,sold
CYTK,2026-05-12,2.133783783783784,1579.0,0.0,20416,21875889.0,759,0.9762845849802372,9704515.0,10357260.0,20,9592300.0,10308930.0,16,9444750.0,10216250.0,13,5143950.0,CYTK270115C00090000,bought
CYTK,2026-05-06,5.562635771180304,3841.0,0.0,12047,6357838.0,1214,0.940691927512356,1479102.0,2713208.0,30,1232318.0,2516830.0,16,1084400.0,2402920.0,12,583829.9999999999,CYTK270115C00090000,sold
CYTK,2026-03-18,2.2279202279202277,1564.0,0.0,2161,817140.0,200,0.98,340000.0,199680.0,4,340000.0,120000.0,2,340000.0,120000.0,2,340000.0,CYTK260515P00050000,sold
CYTK,2026-03-16,2.839171974522293,1783.0,0.0,2103,1112092.0,154,0.9805194805194806,440850.0,314400.0,20,0.0,111000.0,2,0.0,0.0,0,58200.0,CYTK260417C00065000,sold
CYTK,2025-10-08,3.4178168130489337,1362.0,0.0,1883,956123.0,216,0.8888888888888888,110360.0,311220.0,6,0.0,311220.0,3,0.0,150000.0,1,150000.0,CYTK251121C00065000,sold
CYTK,2025-10-03,3.346268656716418,1121.0,0.0,2623,1629976.0,386,0.9067357512953368,308820.0,518850.0,13,274260.0,451400.0,10,0.0,196000.00000000003,1,196000.00000000003,CYTK260116C00040000,sold
CYTK,2025-09-22,2.4490263459335626,1069.0,0.0,3547,748921.0,289,0.9515570934256056,203176.0,0.0,2,159600.0,0.0,1,159600.0,0.0,1,159600.0,CYTK260116C00070000,bought
DNA,2025-07-29,3.625730994152047,1240.0,0.0,2166,472204.0,291,0.9656357388316152,0.0,0.0,0,0.0,0.0,0,0.0,0.0,0,23680.0,DNA250815C00010000,sold
DNA,2025-09-29,3.6929460580912865,1780.0,0.0,3542,507385.0,424,0.8561320754716981,0.0,0.0,0,0.0,0.0,0,0.0,0.0,0,20300.0,DNA251121C00014000,bought
AQST,2026-06-18,11.24561403508772,3846.0,0.0,7372,292726.0,308,0.6753246753246753,0.0,0.0,0,0.0,0.0,0,0.0,0.0,0,15200.0,AQST260717C00004000,bought
DNA,2025-10-13,2.9053069719042663,1396.0,0.0,2785,301579.0,551,0.8548094373865699,0.0,0.0,0,0.0,0.0,0,0.0,0.0,0,11725.0,DNA251219C00016000,sold
AGIO,2025-12-26,4.774798927613941,1781.0,0.0,3964,2316399.0,218,0.9128440366972476,473486.0,1532089.9999999998,14,238040.0,1488439.9999999998,6,0.0,1408439.9999999998,2,968060.0,AGIO261218C00030000,sold
AGIO,2026-03-31,40.028169014084504,1421.0,0.0,3214,1737657.0,188,0.9042553191489362,1079350.0,285800.0,12,1050600.0,85800.0,6,968700.0,0.0,4,284100.0,AGIO260821C00030000,bought
AKBA,2025-06-03,6.64695652173913,1911.0,0.0,3310,129164.0,127,0.6850393700787402,0.0,0.0,0,0.0,0.0,0,0.0,0.0,0,19000.0,AKBA250718C00002500,mid
AKBA,2025-06-10,3.479300827966881,1891.0,0.0,3864,243632.0,193,0.8756476683937824,31514.999999999996,0.0,1,0.0,0.0,0,0.0,0.0,0,31514.999999999996,AKBA260116P00005000,sold
AKBA,2025-06-27,5.32293986636971,1195.0,0.0,1401,69505.0,73,0.9041095890410958,0.0,0.0,0,0.0,0.0,0,0.0,0.0,0,12600.0,AKBA250718C00002500,sold
DYN,2026-08-24,205.1,2051.0,0.0,3648,1304490.0,1029,0.9358600583090378,71725.0,200000.0,2,71725.0,200000.0,2,0.0,200000.0,1,200000.0,DYN260918C00029000,sold
DNA,2025-09-30,4.755778894472362,2366.0,0.0,9005,1590392.0,1242,0.923510466988728,65743.0,91616.0,4,0.0,58000.0,1,0.0,0.0,0,58000.0,DNA251219C00017000,sold
DYN,2024-12-20,87.25233644859813,4668.0,0.0,4674,3183605.0,9,0.8888888888888888,1398000.0,1782450.0,2,1398000.0,1782450.0,2,1398000.0,1782450.0,2,1782450.0,DYN250117P00030000,bought
DYN,2024-03-26,15.985611510791369,1111.0,0.0,1118,76758.0,71,1.0,0.0,0.0,0,0.0,0.0,0,0.0,0.0,0,4730.0,DYN240419C00025000,sold
DYN,2024-01-25,9.988888888888887,1798.0,0.0,1823,483994.0,140,0.9142857142857144,218670.0,0.0,6,51840.0,0.0,1,0.0,0.0,0,51840.0,DYN240216C00015000,bought
DVAX,2025-03-25,58.5,3042.0,0.0,3083,117107.0,28,0.7857142857142857,0.0,0.0,0,0.0,0.0,0,0.0,0.0,0,72000.0,DVAX250417C00014000,mid
DYN,2025-03-20,107.1,1071.0,0.0,1072,150505.0,22,0.9545454545454546,27270.000000000004,0.0,1,0.0,0.0,0,0.0,0.0,0,27270.000000000004,DYN250417C00012500,bought
DNTH,2026-01-29,150.0,1500.0,0.0,3694,2501097.0,164,0.951219512195122,739760.0,1375500.0,5,675000.0,1350000.0,2,675000.0,1350000.0,2,1350000.0,DNTH260821C00075000,sold
DNA,2025-10-22,3.1024734982332154,1317.0,0.0,3004,342364.0,346,0.9248554913294798,27680.0,0.0,1,0.0,0.0,0,0.0,0.0,0,27680.0,DNA251121C00013000,bought
DNTH,2025-09-12,70.54736842105264,3351.0,0.0,5723,3882843.0,393,0.9923664122137404,2382125.0,297640.0,7,2382125.0,271650.0,6,2382125.0,0.0,2,1759500.0,DNTH251017C00030000,bought
DNLI,2024-02-27,32.27272727272727,1420.0,0.0,2821,748367.0,308,0.9285714285714286,28662.0,174036.0,5,0.0,51612.0,1,0.0,0.0,0,51612.0,DNLI240315C00017500,sold
DNA,2026-08-21,7.42560553633218,1073.0,0.0,1395,106304.0,174,0.8448275862068966,0.0,0.0,0,0.0,0.0,0,0.0,0.0,0,16500.0,DNA270521C00005000,sold
DNA,2025-11-06,4.259036144578313,1414.0,0.0,2295,221679.0,135,0.8740740740740741,0.0,33950.0,1,0.0,0.0,0,0.0,0.0,0,33950.0,DNA260116P00013000,bought
DNA,2026-08-19,31.522267206477732,3893.0,0.0,4600,353482.0,325,0.8769230769230769,139775.0,0.0,3,79275.0,0.0,1,0.0,0.0,0,79275.0,DNA260918C00007000,bought
DNA,2026-06-08,5.063025210084033,1205.0,0.0,2775,344943.0,171,0.8888888888888888,0.0,162663.0,3,0.0,100905.0,1,0.0,100905.0,1,100905.0,DNA261218C00009000,sold
DNA,2026-02-10,8.861219195849547,3416.0,0.0,3736,331364.0,139,0.9424460431654677,102560.0,0.0,2,62160.0,0.0,1,0.0,0.0,0,62160.0,DNA260320C00012000,bought
DNA,2026-02-19,2.805676855895197,1285.0,0.0,2056,202677.0,189,0.9365079365079364,43500.0,35000.0,2,0.0,0.0,0,0.0,0.0,0,43500.0,DNA260618C00012000,bought
ABT,2024-10-30,13.439306358381502,2325.0,0.031980872154,17815,2566335.0,2044,0.9481409001956947,0.0,372685.0,9,0.0,161054.0,3,0.0,0.0,0,57640.0,ABT241115P00120000,bought
ALT,2024-02-06,5.385321100917431,3522.0,0.032763183117,17695,1981495.0,2094,0.9106972301814708,150640.0,79200.0,4,150640.0,52200.0,3,0.0,0.0,0,78400.0,ALT250117C00013000,bought
VERV,2025-06-17,568.9887640449438,25320.0,0.048331171274,90191,3403398.0,3089,0.7115571382324377,532345.0,696140.0,27,323375.0,286140.0,8,102295.0,116000.0,2,116000.0,VERV251121C00005000,sold
MRK,2024-10-01,7.233806292412091,11726.0,0.04862844944,24875,8177981.0,3108,0.9327541827541828,2030313.0,3809711.0,18,1963155.0,3683855.0,12,1609789.9999999998,3539200.0,5,1609789.9999999998,MRK241115P00110000,sold
SLS,2026-05-26,4.04994850669413,7865.0,0.048800557852,44998,7969349.0,3119,0.9044565565886502,1879095.0,1411290.0,62,1210010.0,738665.0,23,672320.0,0.0,4,238560.0,SLS260717P00006000,sold
EBS,2024-08-16,27.191135734072024,4908.0,0.048878788948,24433,3150151.0,3124,0.8988476312419974,426741.0,140360.0,15,79680.0,55600.0,2,0.0,0.0,0,79680.0,EBS240920C00015000,bought
ABBV,2024-07-11,2.0,1448.0,0.049113482237,13880,8255841.0,3139,0.9649569926728258,3097771.0,2709198.0,41,2834890.0,2564178.0,31,2708780.0,1728530.0,14,682080.0,ABBV240920C00160000,bought
CYTK,2025-09-02,16.17952314165498,5768.0,0.049144774675,20259,10943269.0,3141,0.9204075135307228,2430300.0,2603836.0,55,2066811.0,1941608.0,23,1950311.0,1167728.0,9,1551810.0,CYTK270115C00040000,bought
RLAY,2026-06-10,6.867724867724868,2596.0,0.049332529306,6498,2590498.0,3153,0.873453853472883,504000.0,0.0,1,504000.0,0.0,1,504000.0,0.0,1,504000.0,RLAY261218P00020000,sold
ABT,2026-06-25,10.2874251497006,1718.0,0.05052164197,15042,5290471.0,3229,0.876122638587798,1168628.0,603420.0,22,884400.0,349500.0,6,884400.0,293500.0,5,304500.0,ABT280317C00085000,bought
ATYR,2025-07-29,11.104395604395604,14147.0,0.051006674767,30209,4105765.0,3260,0.9383435582822086,105780.0,735268.0,19,66980.0,314866.0,6,0.0,0.0,0,73680.0,ATYR251017P00004000,bought
RXRX,2026-09-18,3.935581659719591,10386.0,0.051084905863,25051,1226672.0,3265,0.8894333843797856,31785.000000000004,0.0,1,0.0,0.0,0,0.0,0.0,0,31785.000000000004,RXRX260918C00003000,bought
RXRX,2026-08-21,7.035444947209653,9329.0,0.051116198301,24367,1211402.0,3267,0.9020508111417204,28294.0,101202.0,4,0.0,50372.0,1,0.0,0.0,0,50372.0,RXRX261002C00001000,sold
BMY,2024-02-26,3.8270893371757926,1328.0,0.051116198301,22289,2723696.0,3267,0.9060299969390878,0.0,796908.0,7,0.0,713700.0,4,0.0,655200.0,3,276000.0,BMY240315P00060000,bought
MRK,2024-06-17,17.410207939508506,9210.0,0.051303952932,29028,2124078.0,3279,0.9600487953644404,82754.99999999999,31850.0,3,0.0,0.0,0,0.0,0.0,0,133000.0,MRK240719P00125000,mid
BMY,2026-09-28,2.2565597667638486,1161.0,0.051648169756,19074,2595223.0,3301,0.9360799757649196,0.0,441242.0,4,0.0,324000.0,1,0.0,324000.0,1,324000.0,BMY261016P00062000,bought
GILD,2025-02-19,11.824324324324325,1750.0,0.051788985729,16407,4506176.0,3310,0.926283987915408,487884.0,376434.0,17,225020.0,64075.0,3,175000.0,0.0,1,175000.0,GILD250516C00090000,bought
GILD,2025-10-01,30.214797136038182,6330.0,0.052023679018,25786,5080614.0,3325,0.9642105263157896,657621.0,1551919.0,13,548135.0,1448084.0,7,469100.00000000006,1448084.0,6,725985.0,GILD251017C00115000,sold
ABBV,2024-03-18,2.8532258064516127,1769.0,0.052039325237,14752,5867459.0,3326,0.9290438965724594,645347.0,823387.0,36,235289.0,338634.0,8,0.0,175874.99999999997,1,175874.99999999997,ABBV240426C00185000,sold
ABBV,2026-03-30,2.8549747048903877,1693.0,0.052274018526,13520,7301691.0,3341,0.954504639329542,1681770.0,1297162.0,20,1376860.0,1150274.0,6,1212150.0,1097230.0,3,1097230.0,ABBV260918C00230000,sold
GILD,2025-10-03,5.866666666666666,1760.0,0.052633881569,22280,5226546.0,3364,0.9054696789536266,1653749.0,601176.0,21,1374550.0,500220.0,9,1241500.0,280500.0,4,552500.0,GILD251219C00115000,bought
RXRX,2024-02-16,8.057282145033517,6611.0,0.052665174007,23815,3417052.0,3366,0.9393939393939394,245295.0,183245.0,11,60000.0,119680.0,3,0.0,0.0,0,63000.0,RXRX260116C00015000,sold
ABT,2025-02-20,5.605042016806722,2001.0,0.052852928638,20507,3850914.0,3378,0.9271758436944938,496312.0,316065.0,13,254200.0,187825.0,4,254200.0,110290.0,3,148830.0,ABT260116P00125000,sold
RXRX,2025-05-05,7.703190013869626,2777.0,0.053635239601,36354,3328005.0,3428,0.8792298716452742,38640.0,1992120.0,13,0.0,1699360.0,3,0.0,1699360.0,3,788320.0,RXRX260116P00010000,bought
MRK,2024-09-16,2.9838297872340425,1753.0,0.05365088582,26180,3285753.0,3429,0.937007874015748,70180.0,823618.0,7,0.0,793143.0,4,0.0,646035.0,2,488250.0,MRK241115P00115000,bought
NVAX,2024-09-20,6.269789983844911,3881.0,0.054120272398,35104,1665091.0,3459,0.920497253541486,0.0,362840.0,3,0.0,335000.0,2,0.0,335000.0,2,185000.0,NVAX250417C00012500,sold
SRPT,2025-08-11,2.7713335796084224,3751.0,0.054542720318,16475,3994363.0,3486,0.9087779690189328,384365.0,539215.0,16,196575.0,368020.0,6,100840.0,100855.0,2,100855.0,SRPT250815P00220000,bought
JNJ,2024-09-20,2.096835271842034,3876.0,0.054949522018,22378,3974626.0,3512,0.8957858769931663,955227.0,497890.0,15,684945.0000000001,413988.0,5,684945.0000000001,239382.00000000003,2,684945.0000000001,JNJ240920C00160000,bought
ABT,2026-07-20,2.392857142857143,1273.0,0.055591017008,18989,7696818.0,3553,0.8955811989867717,1546545.0,234861.0,18,1292775.0,165620.0,8,1072800.0,0.0,2,671399.9999999999,ABT260918P00140000,sold
ABT,2025-02-10,5.5603864734299515,1151.0,0.05596652627,20758,3146257.0,3577,0.944087223930668,786702.0,102954.0,13,532910.0,0.0,3,443300.0,0.0,2,306900.0,ABT260116P00125000,sold
AMGN,2026-05-14,10.465648854961833,1371.0,0.056263804436,39081,123260916.0,3596,0.8762513904338154,21159072.0,93093291.0,171,20751242.0,92719299.0,150,19907002.0,90491659.0,111,4908000.0,AMGN260515C00295000,sold
MRK,2024-11-13,3.8636664460622105,2919.0,0.056326389313,23678,10797118.0,3600,0.9116666666666666,327168.0,5207134.0,19,240314.0,4911154.0,9,117189.0,4763600.0,5,1836800.0,MRK241115P00115000,bought
RXRX,2025-11-07,6.628728923476006,20443.0,0.056983530521,46817,2662820.0,3642,0.8547501372872048,234485.0,134764.0,7,148425.0,102600.0,3,0.0,102600.0,1,102600.0,RXRX270115C00020000,sold
ABBV,2024-11-20,6.117440401505646,12189.0,0.056999176741,31890,14912962.0,3643,0.9195717814987648,5767402.0,5323140.0,25,5609496.0,5213120.0,17,5609496.0,4990695.0,14,1751650.0,ABBV241220P00200000,bought
NVAX,2026-05-07,2.713404374649467,2419.0,0.057030469179,27530,1438745.0,3645,0.8444444444444444,178450.0,0.0,2,178450.0,0.0,2,0.0,0.0,0,89640.00000000001,NVAX270115C00015000,bought
CORT,2024-05-02,14.973630831643002,3691.0,0.057077407837,10808,2131950.0,3648,0.9525767543859648,0.0,0.0,0,0.0,0.0,0,0.0,0.0,0,15680.000000000002,CORT240621C00026000,bought
ABBV,2024-10-14,6.1012909632572,3072.0,0.057718902826,47335,98161208.0,3689,0.9257251287611818,37506062.0,52676093.0,233,36845014.0,52088671.0,198,35270633.0,49913874.0,147,2910000.0,ABBV241018C00172500,bought
AMGN,2026-01-08,7.0843373493975905,1764.0,0.057718902826,16096,7248828.0,3689,0.9216589861751152,1237704.0,1971459.0,66,832886.0,941252.0,20,278502.0,504674.0,5,278502.0,AMGN260116P00320000,sold
ABBV,2024-10-25,2.303125,1474.0,0.058016180992,13621,5305358.0,3708,0.8505933117583603,293776.0,337181.0,16,102080.0,51145.00000000001,2,102080.0,0.0,1,319190.0,ABBV241220P00185000,mid
BMY,2026-02-23,6.313450292397661,2699.0,0.05868896842,20378,5069349.0,3751,0.9341508930951746,282017.0,761481.0,26,167400.0,107910.0,4,0.0,0.0,0,89900.0,BMY280121C00050000,bought
ABBV,2025-04-16,4.954907161803714,6538.0,0.05868896842,40251,90169259.0,3751,0.956278325779792,35185555.0,47425452.0,72,34443665.0,46953443.0,36,34167843.0,46388892.0,24,16983450.0,ABBV250417P00210000,bought
BMY,2025-07-21,7.845303867403315,4260.0,0.058751553297,27215,3504714.0,3755,0.9304926764314247,798440.0,419128.0,14,720976.0,259626.0,8,536664.0,130296.0,3,343000.00000000006,BMY270115P00043000,sold
BMY,2025-02-04,2.316702819956616,1068.0,0.059127062559,27535,4753620.0,3779,0.9306694892828792,769053.0,658580.0,20,502426.0,441822.0,7,375500.0,274000.0,3,274000.0,BMY250221P00059000,bought
GILD,2025-02-18,59.601351351351354,8821.0,0.059158354998,22967,5700619.0,3781,0.9214493520232744,1112861.0,1492806.0,22,1037750.0,1358018.0,16,765900.0,1078690.0,8,384000.0,GILD250620C00095000,sold
ABT,2026-04-30,10.8609022556391,2889.0,0.059455633163,44476,74647070.0,3800,0.8360526315789474,26316179.0,45026280.0,37,26199772.0,44841890.0,29,26149062.0,44590200.0,24,9241600.0,ABT260618P00115000,bought
ALNY,2024-06-24,7.808917197452229,1226.0,0.059580802917,19568,19522645.0,3808,0.9396008403361344,4312529.0,4106028.0,135,2102818.0,3164801.0,37,1079270.0,2375006.0,10,922680.0,ALNY250117C00260000,sold
JNJ,2025-02-18,3.006182380216383,1945.0,0.060097128153,22953,4621024.0,3841,0.9143452225982815,1213116.0,754225.0,21,1045430.0,578045.0,11,986300.0,434615.0,8,322000.0,JNJ270115C00210000,sold
NVAX,2026-01-16,13.12671635935661,16730.0,0.060629099607,38552,956291.0,3875,0.6270967741935484,116870.0,25912.0,2,116870.0,0.0,1,116870.0,0.0,1,116870.0,NVAX260717C00006000,bought
TEVA,2026-04-29,25.157894736842103,6453.0,0.061035901308,43748,7109747.0,3901,0.940271725198667,1669461.0,720922.0,22,1413563.0,552210.0,10,1278000.0,438000.0,6,600000.0,TEVA260515C00034000,bought
TGTX,2024-11-13,15.21074964639321,5377.0,0.061395764351,47014,17853260.0,3924,0.9434250764525994,5320229.0,2769005.0,115,3644341.0,1821906.0,40,2751804.0,1083844.0,16,585000.0,TGTX270115C00040000,bought
AMGN,2024-02-20,5.055821371610845,1585.0,0.061567872763,16069,17525467.0,3935,0.9349428208386276,12423630.0,721005.0,19,12214000.0,638780.0,11,12214000.0,431480.0,7,5842500.000000001,AMGN240315P00360000,sold
LQDA,2025-08-12,9.943949044585986,7806.0,0.061771273613,56194,23413797.0,3948,0.9009625126646404,4486291.0,8987590.0,150,3814055.0,6607188.0,59,3011984.0,5709131.0,35,727499.9999999999,LQDA260116C00017500,sold
ABT,2024-09-11,41.20996441281139,5790.0,0.061990320683,22503,1056257.0,3962,0.947248864209995,0.0,0.0,0,0.0,0.0,0,0.0,0.0,0,12450.000000000002,ABT250221P00120000,sold
VKTX,2024-09-12,3.1699846860643186,1035.0,0.062303245068,20436,9780423.0,3982,0.9176293319939728,1187450.0,2625515.0,47,864370.0,2215085.0,25,758170.0,1538760.0,13,345000.0,VKTX250117C00030000,sold
ABBV,2026-08-26,2.9756975697569756,1653.0,0.062334537506,12423,6250938.0,3984,0.9387550200803212,739954.0,709870.0,23,526245.0,480130.0,10,0.0,323605.0,1,323605.0,ABBV260918C00255000,sold
VTYX,2026-01-07,128.85714285714286,8118.0,0.063429772854,50563,2155537.0,4054,0.9235323137641837,181755.0,144320.0,7,114680.0,85000.0,3,0.0,0.0,0,85000.0,VTYX260320C00005000,sold
MRK,2025-03-14,3.725732899022802,5719.0,0.063461065292,104780,68443368.0,4056,0.9275147928994084,40968529.0,15757204.0,127,40302250.0,15137016.0,89,39326625.0,14690506.0,71,2640000.0,MRK250328C00083000,bought
ABBV,2025-10-14,15.260377358490564,10110.0,0.063742697239,169110,394833804.0,4074,0.936426116838488,215883440.0,115115930.0,331,215153004.0,114073234.0,279,214069815.0,112808819.0,244,15147000.0,ABBV251017C00210000,bought
JNJ,2026-07-21,2.1103896103896105,1625.0,0.063836574554,13652,8059558.0,4080,0.9357843137254902,445897.0,1441582.0,21,341695.0,1149770.0,10,240540.0,830580.0,3,600000.0,JNJ260918C00260000,sold
NVAX,2025-01-06,7.639645345155161,12063.0,0.064884871244,46874,3686042.0,4147,0.943332529539426,185130.0,1428100.0,9,123230.0,1357590.0,5,0.0,1300750.0,2,1114750.0,NVAX260116P00010000,bought
IBRX,2026-05-08,2.221575984990619,11841.0,0.065307319164,67388,8614409.0,4174,0.8476281744130331,2466504.0,1670596.0,66,1655645.0,1221194.0,30,957840.0,281136.0,7,420480.0,IBRX270115C00010000,bought
ABT,2026-04-17,2.268022181146026,1227.0,0.065510720015,23057,17065544.0,4187,0.840697396704084,6913775.0,6520148.0,30,6602900.0,6397800.0,16,6446600.0,6123500.0,10,2812500.0,ABT260618P00120000,sold
MRK,2026-09-24,3.3093777388255914,3776.0,0.06602704525,20013,7385007.0,4220,0.8445497630331753,1736012.0,304020.0,19,1546102.0,99375.0,6,1495102.0,0.0,4,971600.0,MRK270617C00150000,bought
AMGN,2026-08-20,16.272727272727273,4117.0,0.066261738539,93695,542777187.0,4235,0.8979929161747343,286483662.0,230850970.0,1150,284115214.0,228939641.0,1030,281624231.0,225415033.0,946,21400302.0,AMGN261120C00310000,bought
ABBV,2024-03-20,3.846774193548387,2385.0,0.066559016705,17784,4478713.0,4254,0.926657263751763,167755.0,354490.0,8,107440.0,271250.0,4,0.0,183999.99999999997,1,183999.99999999997,ABBV250117C00145000,sold
ABBV,2025-04-15,2.9238347859037512,3858.0,0.067184865475,35720,35953491.0,4294,0.9264089427107592,16329258.0,13844114.0,50,16067326.0,13674089.0,39,15727576.0,12990094.0,25,6570779.999999999,ABBV250417P00200000,sold
ABBV,2024-06-21,2.5088757396449703,1696.0,0.067263096571,19424,5364427.0,4299,0.9102116771342172,1062283.0,640427.0,19,889819.0,539351.0,11,669359.0,375601.0,5,246369.99999999997,ABBV240719C00170000,sold
TEVA,2024-06-11,2.205160087037613,3547.0,0.067263096571,43499,1840140.0,4299,0.9502209816236334,145710.0,117240.0,6,50160.0,86940.00000000001,2,0.0,0.0,0,86940.00000000001,TEVA250117C00010000,sold
BMY,2025-05-09,5.319557904853436,5535.0,0.067356973886,40403,11444527.0,4305,0.9184668989547038,1172510.0,6521226.0,34,679224.0,6459886.0,17,332250.0,6144400.0,8,1432425.0,BMY250620P00060000,bought
ABBV,2025-08-15,2.888888888888889,1612.0,0.067560374737,19255,9757838.0,4318,0.9152385363594256,1461758.0,1640120.0,55,700939.0,1151150.0,17,517684.0,756295.0,9,194300.0,ABBV250919C00210000,sold
MRK,2024-06-20,17.725897920604915,9377.0,0.068311393261,33436,3938911.0,4366,0.9502977553825012,612934.0,521456.0,15,402906.0,391256.0,5,338000.0,210000.0,2,338000.0,MRK240802C00131000,bought
ABBV,2025-05-16,2.196969696969697,2320.0,0.068452209234,16385,7006396.0,4375,0.9268571428571428,532478.0,870721.0,24,204345.0,621748.0,7,116025.0,375000.0,2,375000.0,ABBV250620C00185000,sold
CRSP,2025-10-03,2.336225596529284,1077.0,0.068499147892,16402,9356030.0,4378,0.8318867062585655,2017956.0,908738.0,34,1587251.0,644610.0,13,1280500.0,402950.0,5,618000.0,CRSP260116C00050000,bought
MRK,2024-05-28,8.009272137227631,8638.0,0.068671256304,33166,4930239.0,4389,0.9259512417407154,807092.0,290440.0,16,622330.0,169440.0,6,429400.0,117000.0,2,429400.0,MRK240621C00130000,bought
JNJ,2024-11-15,2.054979253112033,3962.0,0.068796426058,28662,5305678.0,4397,0.9128951557880371,744193.0,646795.0,26,471278.0,223150.0,6,349698.0,130150.0,3,203322.0,JNJ241220C00155000,bought
TEVA,2025-10-08,3.1810766721044046,8775.0,0.069359689951,64996,2057877.0,4433,0.9386420031581322,303399.0,84028.0,6,212500.0,0.0,1,212500.0,0.0,1,212500.0,TEVA260116C00017000,bought
MRK,2024-11-11,6.869622766379881,5190.0,0.069453567266,28295,12456214.0,4439,0.9306150033791396,6705000.0,869500.0,5,6705000.0,869500.0,5,6705000.0,869500.0,5,2565000.0,MRK241115P00115000,sold
BMY,2026-03-18,8.167320261437908,3124.0,0.069829076529,15636,3998493.0,4463,0.9435357382926284,1640075.0,749839.9999999999,6,1613200.0,749839.9999999999,5,1613200.0,569999.9999999999,3,1512500.0,BMY270115C00060000,bought
OGN,2026-04-24,16.59499263622975,11268.0,0.069860368967,85864,9400662.0,4465,0.9204927211646136,2429242.0,2132970.0,44,2206472.0,1921320.0,31,1908578.0,1214000.0,15,750000.0,OGN260515C00009000,bought
BMY,2026-05-28,3.3712632594021215,1748.0,0.069969892502,45547,12714925.0,4472,0.9170393559928444,1355524.0,4808828.0,119,482797.0,3049098.0,40,0.0,1330548.0,3,677409.0,BMY260529P00060000,bought
ABBV,2026-08-21,15.793755912961212,8347.0,0.070063769817,26469,16119061.0,4478,0.9222867351496205,1452187.0,5382075.0,48,870712.0,5039190.0,21,520538.0,4430052.0,7,3850000.0,ABBV260918C00270000,sold
RXRX,2026-09-21,6.746125947906363,20461.0,0.070142000914,45145,1887638.0,4483,0.8824447914343074,0.0,0.0,0,0.0,0.0,0,0.0,0.0,0,20000.0,RXRX261120C00004500,bought
ABBV,2024-10-29,2.4765625,1585.0,0.070188939571,25544,11456731.0,4486,0.9186357556843512,1762771.0,4550320.0,43,1317435.0,4064660.0,15,1225090.0,3756820.0,9,3100000.0,ABBV250117C00185000,sold
NVAX,2025-08-15,2.802977436613166,6025.0,0.07042363286,43166,4276121.0,4501,0.908686958453677,747244.0,1351974.0,10,747244.0,1323924.0,9,747244.0,1031688.0,4,533644.0,NVAX250815C00006000,bought
BHVN,2025-11-05,6.260298507462687,10486.0,0.070861726999,65142,9483906.0,4529,0.8955619342018105,3226820.0,1680690.0,57,2482930.0,1027700.0,21,2232930.0,533960.0,10,630000.0,BHVN270115C00015000,bought
MRK,2025-04-16,12.306926210955185,13593.0,0.070861726999,78609,82626303.0,4529,0.922057849414882,34844942.0,37572298.0,53,34520625.0,37053150.0,30,34344170.0,36720170.0,22,14345000.0,MRK250417P00095000,bought
NVO,2024-02-12,2.1735593220338982,1603.0,0.070955604315,34115,10491339.0,4535,0.925909592061742,2005663.0,1944674.0,37,1798176.0,1599190.0,22,1588160.0,989575.0,10,712500.0,NVO240621C00130000,bought
JNJ,2024-11-12,2.35999056381222,5002.0,0.071737915277,32817,7117674.0,4585,0.9123227917121048,1148020.0,1821848.0,25,1092720.0,1464900.0,13,883210.0,1379650.0,9,547500.0,JNJ241220P00160000,bought
BMY,2024-06-20,3.466142420270861,3967.0,0.072301179171,39874,17980550.0,4621,0.9056481281107984,3136190.0,10668004.0,58,2644600.0,10124660.0,29,2509180.0,9823110.0,23,1631250.0,BMY240621P00048000,bought
JNJ,2024-05-23,2.858801672085462,6155.0,0.072535872459,35000,14097728.0,4636,0.930327868852459,3829255.0,7368070.0,30,3788665.0,7223295.0,25,3653225.0,6851905.0,18,2575500.0,JNJ250117P00180000,bought
ABCL,2026-07-10,2.8671214188267395,5254.0,0.072786211967,14419,3688677.0,4652,0.6433791917454859,0.0,149490.0,2,0.0,149490.0,2,0.0,0.0,0,87750.0,ABCL270115C00006000,sold
JNJ,2024-02-20,2.493470149253731,2673.0,0.072927027941,25817,7387179.0,4661,0.9311306586569406,1769830.0,724612.0,21,1706930.0,617390.0,16,1318900.0,153000.0,5,778750.0,JNJ240419P00180000,mid
JNJ,2026-08-03,2.5957671957671957,2453.0,0.073020905256,15740,9878126.0,4667,0.925219627169488,1595593.0,2124162.0,50,1089250.0,1872005.0,26,644360.0,1243034.0,10,424000.0,JNJ260918C00260000,sold
JNJ,2026-09-24,4.7828125,3061.0,0.073396414518,20174,10175173.0,4691,0.8819015135365593,4164217.0,670138.0,35,3982712.0,380045.0,20,3738192.0,110055.0,12,1317900.0,JNJ261218P00260000,sold
BMY,2025-04-04,4.186943620178042,5644.0,0.073646754026,72884,17909772.0,4707,0.906097301890801,5259663.0,4174271.0,101,4315170.0,3424054.0,52,3091500.0,1788424.0,11,1680000.0,BMY250425P00059000,mid
MRK,2026-05-20,9.852813852813853,1138.0,0.073818862438,17576,5912271.0,4718,0.8889359898261976,1456930.0,1004530.0,20,1167530.0,828405.0,4,1115000.0,828405.0,3,1115000.0,MRK270617P00110000,sold
ABBV,2025-11-19,2.322340425531915,2183.0,0.073865801096,17388,8200615.0,4721,0.9445032832027112,1822018.0,1802081.0,31,1365799.0,1576145.0,11,1221734.0,1299074.0,5,1059184.0,ABBV251219C00210000,sold
MRNA,2026-08-14,7.24896265560166,8735.0,0.074710696936,72480,23929923.0,4775,0.8693193717277486,7367165.0,12164122.0,54,6990550.0,11729265.0,32,6923300.0,11040680.0,21,5576000.0,MRNA260814C00056000,sold
ABBV,2025-02-21,3.657612128869235,2895.0,0.075101852417,26223,14227887.5,4800,0.928125,2938271.0,2472884.5,63,2471421.0,2031289.5,35,1526554.0,1686841.5,15,481950.0,ABBV250321C00195000,mid
BMY,2025-06-10,18.03802281368821,2372.0,0.075430423021,33157,6673008.0,4821,0.9049989628707736,2852870.0,273300.0,13,2690990.0,233970.0,7,2690990.0,113000.0,5,882000.0,BMY250620P00060000,sold
BMY,2024-03-14,3.756874095513748,1298.0,0.07588416338,25035,4634992.0,4850,0.9016494845360824,270629.0,451014.0,19,186120.0,52650.0,4,0.0,0.0,0,84600.0,BMY260116C00040000,bought
SLS,2026-05-20,2.7818603111552465,4202.0,0.076244026422,76271,20609640.0,4873,0.8967781654011903,2705865.0,9591577.0,101,1978222.0,8678929.0,55,666553.0,7360660.0,16,1815000.0,SLS270115C00015000,sold
MRK,2024-07-26,6.063037249283668,1058.0,0.076478719711,25319,4288533.0,4888,0.9484451718494272,478510.0,337452.0,15,289815.0,225818.0,5,210375.0,0.0,1,210375.0,MRK260116C00130000,bought
ABBV,2026-01-15,2.2255506607929516,1263.0,0.077933818102,797781,1975884565.0,4981,0.9518169042360972,928126323.0,1041277476.0,619,927610072.0,1040739960.0,589,927080647.0,1040049730.0,571,50833050.0,ABBV260116C00200000,bought
ABBV,2026-02-03,2.0762711864406778,1225.0,0.079764425755,19459,10256575.0,5098,0.93585719890153,2898800.0,465020.0,34,2587315.0,182920.0,15,2130985.0,0.0,5,765600.0,ABBV270617C00110000,bought
BMY,2024-02-13,2.6641074856046063,1388.0,0.080265104771,34838,7122691.0,5130,0.87953216374269,2541885.0,831306.0,26,2324460.0,521880.0,11,2187480.0,521880.0,9,682500.0,BMY240315P00057500,sold
MRNA,2026-06-24,2.320687186828919,1621.0,0.080734491348,36948,14039913.0,5160,0.937015503875969,5262281.0,2814666.0,26,5171276.0,2653774.0,18,4978522.0,2504774.0,13,2775000.0,MRNA261218P00050000,sold
SRPT,2025-11-04,9.611026033690658,3138.0,0.081313401461,34649,9058166.0,5197,0.8410621512411006,2902195.0,1861260.0,16,2681650.0,1774500.0,6,2559650.0,1774500.0,4,1799550.0,SRPT260116P00150000,sold
ABBV,2026-01-09,5.193916349809886,2732.0,0.081563740969,21216,8195315.0,5213,0.9109917513907538,556989.0,692756.0,25,312950.0,411188.0,10,0.0,227058.0,2,125250.0,ABBV260220P00220000,bought
RXRX,2025-09-11,10.661574227831286,16051.0,0.081641972065,70546,2064406.0,5218,0.8806055960137984,111540.0,0.0,3,52500.0,0.0,1,0.0,0.0,0,52500.0,RXRX251219C00006000,bought
MRNA,2025-11-13,4.537900056148231,8082.0,0.082909315825,77044,92243835.0,5299,0.9320626533308172,27795546.0,6842125.0,37,27751314.0,6390978.0,23,27662874.0,6073786.0,17,27400800.0,MRNA260116P00165000,mid
JNJ,2024-06-24,3.188262910798122,6791.0,0.083738565445,31571,6153497.0,5352,0.938340807174888,1510730.0,938330.0,18,1467945.0,789590.0,12,1320275.0,653370.0,8,457500.0,JNJ250117P00180000,sold
BMY,2024-08-14,5.2012847965738755,2429.0,0.083816796541,37008,5506183.0,5357,0.9331715512413664,1878393.0,427212.0,11,1839093.0,286021.0,6,1653468.0,231021.0,2,1653468.0,BMY250620P00052500,sold
BMY,2024-05-02,4.398331595411888,2109.0,0.084583461285,47143,19130406.0,5406,0.9141694413614504,7805365.0,7299012.0,64,7489260.0,6933090.0,43,7161950.0,6593830.0,34,805200.0,BMY240621P00050000,sold
ATAI,2026-07-16,7.45211122554068,10854.0,0.085240602493,76524,6979250.0,5448,0.7281571218795888,338414.0,1404291.0,40,181745.0,500549.0,11,0.0,0.0,0,118490.0,ATAI260821C00003000,mid
BMY,2026-07-16,2.8812301166489926,2717.0,0.085444003344,49699,9540292.0,5461,0.9075260941219556,2445058.0,2477065.0,13,2266745.0,2421235.0,5,2266745.0,2296710.0,3,2296710.0,BMY261218C00065000,sold
MRK,2025-09-10,5.801481481481481,3916.0,0.085663050413,26932,4139177.0,5475,0.925662100456621,51754.0,469249.0,12,0.0,255128.0,4,0.0,0.0,0,90828.0,MRK251017P00075000,bought
BMY,2025-02-24,3.572320999519462,3717.0,0.086304545403,43751,5677964.0,5516,0.9117113850616388,812004.0,915294.0,19,685036.0,813204.0,12,685036.0,474320.0,7,206800.0,BMY271217P00060000,sold
NVO,2025-01-02,3.3502847843775427,8235.0,0.086304545403,45027,47578195.0,5516,0.9133430021754896,18663587.0,17195215.0,50,18331217.0,16918270.0,33,18143637.0,16600100.0,25,6283200.000000001,NVO250117P00105000,mid
BMY,2026-04-17,3.656050955414013,3157.0,0.08657053113,25323,2953068.0,5533,0.9154165913609252,217870.0,162330.0,10,0.0,66725.0,1,0.0,0.0,0,66725.0,BMY260424P00060000,bought
JNJ,2025-05-15,4.309851694915254,8137.0,0.086883455515,76319,52357345.0,5553,0.9216639654240952,2876621.0,45266393.0,35,2749950.0,44847510.0,20,2554050.0,44667050.0,14,15312000.0,JNJ250516P00165000,bought
SLS,2026-07-17,2.004568527918782,3949.0,0.087102502584,90472,28555857.0,5567,0.8557571402910006,9729417.0,8734945.0,130,8260240.0,7567063.0,52,6615670.0,6936813.0,21,3415000.0,SLS270115C00015000,bought
AMGN,2025-12-03,13.772151898734178,5440.0,0.087384134531,33292,12812919.0,5585,0.9566696508504924,2000659.0,1973152.0,50,1350120.0,1518848.0,18,899045.0,1251250.0,8,855500.0,AMGN260116P00320000,bought
MRNA,2025-08-06,39.067708333333336,22503.0,0.087431073189,171753,6775801.0,5588,0.9232283464566928,1719717.0,1737300.0,21,1544897.0,1598950.0,12,1352541.0,1465260.0,7,928800.0,MRNA250919P00025000,sold
NVO,2024-11-01,2.378082191780822,1302.0,0.087931752205,34498,9721067.0,5620,0.9179715302491104,1933436.0,502600.0,46,740709.0,266000.0,6,618600.0,170000.0,3,460000.0,NVO250117P00105000,sold
MRK,2025-12-26,2.17815506508206,9622.0,0.088135153055,31369,6229794.0,5633,0.9043138647257234,412598.0,997729.0,25,172198.0,549000.0,4,0.0,549000.0,1,549000.0,MRK260109C00104000,sold
JNJ,2024-05-17,4.207152810032513,9058.0,0.088197737932,75335,52016979.0,5637,0.9238956891963812,24336770.0,18332010.0,212,23807622.0,17810218.0,183,22717900.0,16984693.0,159,1935000.0,JNJ240524C00146000,mid
RXRX,2025-02-06,2.306937033084312,5404.0,0.089668482542,49642,3504945.0,5731,0.9176409003664282,274879.0,198100.0,8,210469.0,158500.0,5,0.0,0.0,0,160999.99999999997,RXRX270115C00005000,mid
NVAX,2026-01-13,25.816400206291902,25029.0,0.090106576681,66677,2648646.0,5759,0.7886785900329918,142288.0,35400.0,6,0.0,0.0,0,0.0,0.0,0,35400.0,NVAX270115C00010000,sold
MRNA,2025-06-10,2.330559928041376,5182.0,0.090888887644,39039,21317875.0,5809,0.938027199173696,2089939.0,4788349.0,25,1845855.0,4460855.0,9,1781700.0,4408730.0,7,6602400.0,MRNA260116P00165000,mid
GILD,2024-09-12,11.393188854489164,1840.0,0.091217458248,191559,139805422.0,5830,0.9454545454545454,47453225.0,82285970.0,393,45426481.0,80075725.0,263,41287780.0,78235990.0,176,7182300.0,GILD240920C00070000,bought
MRK,2025-05-08,4.141503474415666,3278.0,0.092297047377,44268,15214760.0,5899,0.9279538904899136,5567795.0,3397166.0,24,5144230.0,3261650.0,8,4953400.0,3192800.0,4,4492800.0,MRK250516P00095000,sold
SRPT,2025-08-15,2.793315405301575,7271.0,0.092328339815,36790,9222743.0,5901,0.8998474834773768,1870185.0,2072007.0,25,1660400.0000000002,1795632.0,12,1470000.0000000002,1572132.0,6,1323000.0000000002,SRPT270115C00025000,bought
NVO,2025-05-01,7.925465838509317,5104.0,0.093079358339,56269,40786586.0,5949,0.9488989746175828,16011970.0,18285267.0,85,15481744.0,17610690.0,48,14973590.0,16921659.0,31,5200650.0,NVO250620P00110000,bought
AMGN,2024-11-18,2.566585956416465,1060.0,0.093626976013,26732,22927340.0,5984,0.952707219251337,6794889.0,2857485.0,147,5084079.0,1181315.0,50,3340070.0,0.0,3,1640000.0,AMGN241220P00245000,sold
RXRX,2025-10-14,3.0160933116787243,10214.0,0.093986839056,49369,3841224.0,6007,0.9274180123189611,109250.0,508215.0,9,71250.0,423015.0,6,0.0,151900.0,1,151900.0,RXRX280121P00010000,bought
ABBV,2024-11-13,3.659289067739772,5456.0,0.094049423933,45586,20504191.0,6011,0.937115288637498,2660794.0,9675721.0,60,2188102.0,9267664.0,33,1954277.0,8796009.0,22,2622750.0,ABBV241122P00197500,bought
ABT,2024-10-15,22.354098360655737,3409.0,0.094284117222,35851,5312006.0,6026,0.9309658148025224,327817.0,633707.0,15,239000.0,510850.0,8,132500.0,264000.0,2,264000.0,ABT241018P00116000,bought
AMGN,2024-05-15,10.772727272727272,5214.0,0.094581395388,149308,449355937.0,6045,0.95616211745244,247384506.0,184695904.0,568,246187736.0,183308416.0,494,244954269.0,181733768.0,452,13032000.0,AMGN240517C00285000,bought
CRSP,2025-06-30,9.539518900343642,6940.0,0.095520168543,36150,8771976.0,6105,0.9133497133497134,468230.0,2867160.0,24,288230.0,2502000.0,8,234000.0,2502000.0,7,924000.0,CRSP250718P00050000,bought
INSM,2024-05-28,9.525738396624472,5644.0,0.095958262682,39764,16770668.0,6133,0.7908038480352193,4729700.0,3719371.0,90,3939691.0,3098361.0,49,3044290.0,2312500.0,24,956250.0,INSM240719C00045000,sold
BMY,2026-04-08,19.50477845351868,11225.0,0.096474587917,28132,4649558.0,6166,0.9208563087901396,634044.0,741138.0,26,51415.0,581980.0,5,0.0,384000.0,1,384000.0,BMY260417C00060000,sold
VKTX,2024-09-13,4.835777126099707,1649.0,0.096662342548,33369,11667838.0,6178,0.9069278083522176,1239034.0,1775260.0,50,763420.0,1280540.0,19,377999.99999999994,735320.0,5,380000.0,VKTX241018C00075000,sold
IBRX,2026-01-15,8.286458333333334,9546.0,0.096740573645,121290,10309530.0,6183,0.8892123564612647,382450.0,3540820.0,54,203330.0,2533785.0,21,0.0,1604470.0,5,1000000.0,IBRX280121C00003500,sold
NVAX,2024-10-14,6.419027258150722,6005.0,0.097131729126,48853,2958160.0,6208,0.9529639175257733,129481.0,101100.0,3,102111.0,101100.0,2,102111.0,101100.0,2,102111.0,NVAX250417C00012500,bought
NVO,2025-07-15,2.0083073727933543,2901.0,0.097178667784,33722,7176999.0,6211,0.939140235066817,1278073.0,675350.0,28,957655.0,503540.0,14,402015.0,432000.0,5,270000.0,NVO260116C00075000,sold
JNJ,2024-07-24,2.997926171712982,3614.0,0.0980861485,34420,5564503.0,6269,0.933641729143404,458311.0,473027.0,23,87680.0,144600.0,3,0.0,0.0,0,87680.0,JNJ250620P00150000,sold
SWTX,2025-04-25,5.288043478260869,4865.0,0.101340562105,61713,5045872.0,6477,0.9010344295198396,1727050.0,617500.0,12,1655770.0,558500.0,8,1655770.0,467000.0,7,675000.0,SWTX250620P00040000,sold
ABT,2025-04-16,10.429292929292927,2065.0,0.101950764656,31098,7592036.0,6516,0.9349294045426644,410554.0,1181227.0,28,148234.00000000003,961120.0,13,0.0,345558.0,2,220558.0,ABT250516P00130000,bought
BMY,2024-03-13,11.629522431259044,4018.0,0.102122873068,42019,8027852.0,6527,0.9115979776313774,1789162.0,744232.0,34,1493625.0,202370.0,8,1421125.0,0.0,4,551250.0,BMY250117C00055000,bought
MRK,2026-07-17,12.355140186915888,1983.0,0.102717429399,29508,10849509.0,6565,0.946991622239147,917407.0,1175464.0,40,502405.0,623472.0,12,261995.0,270000.0,4,148995.0,MRK260717C00116000,bought
MRNA,2024-12-11,10.732600732600732,8790.0,0.103296339512,68962,41456067.0,6602,0.9401696455619508,25480374.0,9918303.0,56,24909284.0,9456703.0,29,24774734.0,9110078.0,22,5317380.0,MRNA250117P00105000,sold
ABBV,2024-04-12,5.011588275391956,7352.0,0.103718787432,62965,18145374.0,6629,0.890782923517876,6598415.0,3157648.0,32,6285980.0,2922175.0,16,6217100.0,2503020.0,9,1998000.0,ABBV240517C00165000,bought
RXRX,2025-10-01,2.0054249547920433,4436.0,0.103765726089,33404,1966912.0,6632,0.952503015681544,149348.0,69020.0,5,84830.0,0.0,1,0.0,0.0,0,84830.0,RXRX270115C00010000,bought
NVO,2024-07-30,2.8544698544698544,1373.0,0.10439157486,40481,4848153.0,6672,0.9734712230215828,457960.0,54040.0,13,174520.0,0.0,3,0.0,0.0,0,64840.0,NVO240920P00210000,sold
NVO,2026-02-19,3.6991892647469946,6616.0,0.10459497571,83507,53396398.0,6685,0.9141361256544502,22851515.0,22742350.0,54,22331590.0,22531260.0,32,22021690.0,22315880.0,24,10689800.0,NVO260220P00060000,sold
RXRX,2024-12-02,2.915600138360429,8429.0,0.104657560587,46678,4633033.0,6689,0.9306323815219016,363516.0,73200.0,10,161646.0,0.0,2,100500.0,0.0,1,100500.0,RXRX260116C00005000,bought
MRNA,2024-02-14,3.3685078318219293,2043.0,0.104860961437,37099,28869208.0,6702,0.9412115786332438,17574755.0,5032540.0,54,17110395.0,4673417.0,30,16743415.0,4325600.0,20,5504580.0,MRNA250117P00190000,sold
LLY,2024-12-30,2.6953339432753887,1473.0,0.105064362288,18539,50092658.0,6715,0.9535368577810872,9257605.0,19974040.0,190,7153862.0,18138224.0,75,5534001.0,16678500.0,26,5173380.0,LLY250117P00900000,bought
JNJ,2025-02-14,5.346213292117465,3459.0,0.106018781662,145199,121688820.0,6776,0.8530106257378984,40163350.0,47401484.0,285,39254281.0,46406465.0,233,37797150.0,43349080.0,174,3540000.0,JNJ250221C00145000,sold
TGTX,2024-01-10,10.887323943661972,1546.0,0.107802450657,42140,6532479.0,6890,0.9402031930333816,576450.0,638320.0,23,336750.0,369530.0,9,150000.0,137580.0,2,150000.0,TGTX240119C00015000,bought
JNJ,2024-04-17,9.70482180293501,11573.0,0.107974559069,136671,122688657.0,6901,0.9065352847413418,76297032.0,41302609.0,49,75835735.0,41035984.0,28,75603300.0,40853544.0,21,21736000.0,JNJ240419P00155000,sold
BMY,2025-11-13,17.403837154890034,18596.0,0.108068436384,88256,10063271.0,6907,0.9312291877805126,1043189.0,1966502.0,28,728000.0,1573895.0,6,728000.0,1413695.0,4,1148000.0,BMY260320C00055000,sold
MRK,2025-09-12,5.518518518518518,3725.0,0.108490884304,103477,77083974.0,6934,0.8762618978944332,36934107.0,28340648.0,149,36673502.0,27861958.0,129,36183062.0,27477088.0,116,4084980.000000001,MRK251017C00070000,bought
JNJ,2025-02-19,7.002770083102493,5056.0,0.108835101128,39300,6786922.0,6956,0.9320011500862564,733090.0,468424.0,19,640765.0,307410.0,11,118200.0,134400.0,2,134400.0,JNJ250404C00162500,sold
BMY,2026-05-04,2.580677794638341,2551.0,0.110994279385,32031,3758668.0,7094,0.9553143501550606,255005.0,262664.0,10,166745.0,123420.0,3,107055.0,123420.0,2,123420.0,BMY260618C00060000,sold
ABT,2026-01-21,4.461538461538462,1450.0,0.111338496208,38313,7662104.0,7116,0.927627880831928,1607824.0,557784.0,26,1274860.0,285743.0,9,1089000.0,0.0,2,832000.0,ABT260220P00130000,sold
MRNA,2025-01-02,2.147935779816514,1873.0,0.111667066813,112544,428439911.0,7137,0.9275605996917472,202609516.0,194856145.0,77,202513281.0,194541395.0,65,202171265.0,194261910.0,58,66150000.0,MRNA250117P00105000,bought
JNJ,2025-11-12,2.922203293583191,2573.0,0.11171400547,47584,46249562.0,7140,0.9334733893557424,11032560.0,16886633.0,271,9254981.0,14484390.0,149,6658022.0,12335669.0,85,1010880.0,JNJ251219C00195000,sold
GILD,2025-02-20,12.039867109634551,1812.0,0.112245976925,47648,12306445.0,7174,0.919431279620853,3777339.0,2285310.0,41,3424650.0,1964815.0,23,3060270.0,1844490.0,15,1102500.0,GILD260116C00125000,bought
SLS,2026-05-29,3.473595976529757,8288.0,0.11233985424,127487,65823811.0,7180,0.91058495821727,16794052.0,19080141.0,576,10902847.0,16046036.0,318,3711024.0,7458576.0,61,855000.0,SLS260717P00010000,bought
MRNA,2024-12-19,16.599208095028597,18865.0,0.113482028246,214791,657190575.0,7253,0.9351992279056942,364161456.0,278385832.0,134,363919298.0,277926865.0,113,363451795.0,277386155.0,99,93425100.0,MRNA250117P00105000,sold
CYTK,2024-01-16,4.783564814814815,4133.0,0.113497674465,84192,18724168.0,7254,0.9448580093741384,5898291.0,2851817.0,70,5087240.0,2368938.0,32,4621950.0,1557560.0,14,1376440.0,CYTK240119C00100000,bought
MRK,2025-05-15,26.979591836734695,32389.0,0.114780664444,127707,110935439.0,7336,0.9251635768811342,11927368.0,75261282.0,71,11235489.0,74709066.0,35,10667304.0,74586000.0,25,20280000.0,MRK250516P00090000,bought
LLY,2024-12-31,2.217699115044248,1253.0,0.116032361984,24264,41096551.0,7416,0.9459277238403452,9097229.0,11530681.0,234,6734939.0,9029626.0,92,4420256.0,7466340.0,36,3287500.0,LLY260116P00840000,bought
BMY,2025-11-21,12.591648351648352,14323.0,0.116908550262,85799,12158938.0,7472,0.9055139186295504,2715265.0,2782176.0,96,1629962.0,1250216.0,21,1524912.0,470750.0,6,1374912.0,BMY251121P00048500,sold
AMGN,2025-09-19,62.35164835164835,2837.0,0.117065012455,38845,14759318.0,7482,0.9453354717989844,2026190.0,1754097.0,68,912659.0,1212620.0,22,308270.0,552510.0,5,213000.0,AMGN251017P00290000,bought
BMY,2024-10-03,21.564234326824256,10491.0,0.118113309145,367336,272871665.0,7549,0.9038283216320042,76971313.0,124868211.0,412,76330281.0,123976083.0,370,73890850.0,121828580.0,304,8361100.0,BMY241018C00042000,bought
NVAX,2025-01-07,7.281190626979101,11497.0,0.118113309145,61279,7439448.0,7549,0.951781692939462,970843.0,1805416.0,25,846243.0,1603604.0,15,557600.0,1206200.0,4,771200.0,NVAX260116P00012500,bought
MRK,2025-11-17,2.7450759707371977,4878.0,0.12072622776,42907,11771237.0,7716,0.9350699844479003,1951472.0,3785266.0,48,1638760.0,3363110.0,27,1460500.0,2321285.0,7,1600000.0,MRK260320C00100000,sold
NVAX,2024-07-16,18.47619047619047,7372.0,0.121711939573,55475,6718519.0,7779,0.9619488366113896,533297.0,1177662.0,25,264796.0,916130.0,7,116000.0,717150.0,2,717150.0,NVAX240816P00015000,bought
BMY,2025-02-25,4.280281107895824,5177.0,0.122165679932,69637,8794723.0,7808,0.9375,1652697.0,1652160.0,28,1304300.0,1281096.0,7,1304300.0,1164896.0,5,1039896.0,BMY250516C00065000,sold
GILD,2024-04-25,3.618421052631579,1650.0,0.122494250536,106787,8864896.0,7829,0.9418827436454208,1350186.0,2813423.0,31,971412.0,2496044.0,9,906432.0,2415612.0,7,1497692.0,GILD240517P00066000,bought
NVO,2025-04-09,5.278990781174187,5440.0,0.122556835413,66376,29129991.0,7833,0.9396144516787948,8899054.0,5805857.0,115,7969960.0,4842451.0,59,6719330.0,3535766.0000000005,21,3160000.0,NVO250620P00075000,sold
SLS,2026-05-13,10.136997538966366,12357.0,0.124888122082,132818,28486773.0,7982,0.900526183913806,4640133.0,3806640.0,188,1638058.0,2291226.0,51,274500.0,769895.0000000001,5,550895.0000000001,SLS280121C00002500,sold
PFE,2025-07-24,31.1391360412637,120742.0,0.124950706959,660520,183991810.0,7986,0.8686451289757074,71063187.0,45347169.0,372,69934086.0,43561638.0,292,68067898.0,38293618.0,192,5276250.0,PFE250815C00022000,bought
PFE,2026-06-17,3.0506343848213247,13104.0,0.127219408751,95999,3562954.0,8131,0.902717992866806,554880.0,36900.0,10,353310.0,0.0,4,170595.0,0.0,1,170595.0,PFE260918C00028000,bought
VKTX,2025-08-11,3.634819532908705,1712.0,0.129096955061,45916,21622834.0,8251,0.947763907405163,2975692.0,3093313.0,97,2149308.0,2001129.0,41,1524240.0,459810.0,11,433259.99999999994,VKTX250815C00030000,bought
IOVA,2024-08-08,18.256953642384104,6892.0,0.129644572735,30644,2921174.0,8286,0.7370263094376056,181565.0,129300.0,7,104435.0,73060.0,3,0.0,0.0,0,97370.0,IOVA240816P00007000,mid
ABBV,2025-10-30,2.1508485229415464,1711.0,0.129988789558,34758,14656915.0,8308,0.916706788637458,1786631.0,4003345.0,49,1278460.0,3502758.0,21,823670.0,3123977.0,10,1604850.0,ABBV270115C00150000,sold
MRK,2025-01-21,40.618101545253865,9200.0,0.130067020655,64377,12997723.0,8313,0.9118248526404428,2549301.0,2295511.0,46,2205180.0,1626821.0,19,1777695.0,1315992.0,9,825000.0,MRK250321P00090000,sold
RXRX,2024-12-09,2.0852201257861633,6631.0,0.133446604013,58399,7483340.0,8529,0.9334036815570408,450477.0,1048814.0,31,177335.0,674160.0,11,0.0,360880.0,3,132880.00000000003,RXRX241220C00010000,sold
MRK,2025-02-19,2.651535380507343,1986.0,0.133915990591,85594,16671187.0,8559,0.914242318027807,6935643.0,1829377.0,45,6514525.0,1589219.0,26,6251000.0,1265194.0,17,1373625.0,MRK250221P00100000,sold
SLS,2026-08-21,6.590065228299046,6567.0,0.134119391441,122976,29995793.0,8572,0.8667755482967802,8362257.0,5448866.0,174,6692760.0,3795649.0,80,4912994.0,1618690.0,27,1650000.0,SLS261016C00020000,bought
MRK,2025-04-23,2.1435979258077382,2687.0,0.134275853634,49884,8015688.0,8582,0.9324166860871592,1062025.0,821657.0,25,884752.0,492900.0,9,637800.0,442800.0,4,372800.0,MRK260116P00080000,sold
PFE,2025-03-18,2.2113444436140797,14795.0,0.134667009115,137303,7981851.0,8607,0.90635529220402,1571577.0,1213321.0,30,1100136.0,1079006.0,12,1020386.0,836000.0,8,576000.0,PFE260116C00025000,sold
JNJ,2025-02-26,2.0503533568904593,2321.0,0.134870409966,63787,15794825.0,8620,0.9480278422273782,2960761.0,2941430.0,75,2040764.0,2179007.0,23,1656075.0,1997447.0,14,1131250.0,JNJ260116C00170000,sold
NVAX,2024-11-11,10.108695652173912,2790.0,0.135292857885,80548,5392412.0,8647,0.914305539493466,1685553.0,169250.0,13,1547860.0,138300.0,8,1367525.0,0.0,3,864000.0,NVAX241115C00010000,bought
MRNA,2026-05-12,2.103994927076728,1659.0,0.13707652688,32852,13916071.0,8761,0.949206711562607,1291791.0,3139657.0,83,392557.0,1601588.0,12,0.0,1362743.0,2,1241568.0,MRNA270617P00050000,bought
JNJ,2026-05-22,11.471337579617837,3602.0,0.138156116009,91911,353549192.0,8830,0.9199320498301246,183338790.0,148502185.0,791,180259360.0,144364853.0,585,176474073.0,140761463.0,479,5472000.0,JNJ260529C00207500,bought
NVO,2026-04-28,7.596241088788076,11721.0,0.13834387064,62503,13619676.0,8842,0.915516851391088,2592066.0,3056259.0,68,1745496.0,2623599.0,29,949126.0,2219263.0,13,502850.0,NVO270617C00020000,sold
LLY,2024-11-13,2.0420475319926874,1117.0,0.138437747955,25771,38283723.0,8848,0.9637206148282098,8204607.0,11456962.0,194,6413648.0,9667054.0,90,4922172.0,7415276.0,35,1605000.0,LLY250117C00500000,sold
NVAX,2024-10-02,15.760095011876484,13270.0,0.140330940485,88057,8579931.0,8969,0.9488237261679116,2317232.0,1319415.0,33,1907801.0,1045947.0,12,1706585.0,987068.0,7,886520.0000000001,NVAX241115C00015000,sold
NVO,2026-03-20,3.0934182590233545,2914.0,0.141942501068,93532,15941565.0,9072,0.8845899470899471,3028194.0,4871521.0,50,2415775.0,4321611.0,19,2229961.0,4022112.0,11,1434999.9999999998,NVO270617C00035000,sold
ABBV,2024-04-04,8.091066782307026,9329.0,0.142568349838,67087,18999688.0,9112,0.929762949956102,4477680.0,3483892.0,45,4137618.0,3129094.0,24,3835468.0,2834542.0,16,2268000.0,ABBV240517C00170000,bought
MRK,2025-02-18,3.345833333333333,2409.0,0.14316290617,59858,22653600.0,9150,0.9336612021857924,9088966.0,4832442.0,58,8685670.0,4442966.0,35,8086505.0,3984965.999999999,20,2915499.9999999995,MRK250221P00100000,bought
NVO,2026-03-18,5.1894788114953725,5327.0,0.144539773464,105654,21534233.0,9238,0.9287724615717688,6865798.0,4507243.0,106,5548514.0,3743494.0,48,4267900.0,3012455.0,18,2696000.0000000005,NVO280121C00022500,bought
JNJ,2024-08-26,7.183594825213322,13049.0,0.145775824785,118002,76294058.0,9317,0.9306643769453686,37396248.0,23940964.0,204,36761139.0,22822239.0,154,33241882.0,21469702.0,88,2257200.0,JNJ240920C00155000,sold
IBRX,2026-02-25,4.533355080737237,13897.0,0.148138403893,175266,41630405.0,9468,0.9120194338825518,15078874.0,8558996.0,310,12148587.0,5845191.0,141,8447406.0,5010100.0,72,1125000.0,IBRX260320C00007500,sold
PFE,2025-08-15,3.743951612903226,14856.0,0.148294866085,119936,6417850.0,9478,0.8739185482169234,1472427.0,758324.0,27,1207891.0,515280.0,12,855591.0,295830.0,4,380700.0,PFE260116P00025000,sold
MRNA,2025-11-06,7.329590117911286,13054.0,0.152519345284,174937,87909253.0,9748,0.9301395157981124,49574367.0,31389482.0,73,48694654.0,30726669.0,28,48519350.0,30235944.0,18,28120000.0,MRNA260116P00165000,bought
MRK,2024-07-29,8.194842406876791,1430.0,0.152957439423,51663,9616469.0,9776,0.9414893617021276,1138641.0,935039.0,37,736246.0,654819.0,16,338690.0,144950.0,3,191750.0,MRK250117C00100000,bought
ABT,2024-07-17,99.27536231884058,3425.0,0.153551995754,38586,7577728.0,9814,0.9383533727328308,275598.0,736941.0,19,207167.99999999997,364267.0,6,136799.99999999997,149695.0,2,149695.0,ABT240802P00104000,bought
MRNA,2024-10-17,19.1251968503937,24289.0,0.154287368059,139039,309604506.0,9861,0.928911875063381,171109543.0,126055108.0,190,170409205.0,125701287.0,157,169007920.0,125169454.0,128,17465000.0,MRNA241018P00080000,sold
NVO,2025-09-09,4.259196617336152,10073.0,0.154412537813,56211,12194040.0,9869,0.9142770290809604,1258113.0,1564016.0,52,819311.0,943662.0,21,226100.0,448221.0,4,226100.0,NVO251017P00045000,sold
PFE,2026-06-23,2.936271119454599,14859.0,0.154459476471,191878,8312002.0,9872,0.911871961102107,828622.0,2446703.0,24,695437.0,2290129.0,15,301499.99999999994,1877450.0,5,937106.0,PFE260821P00023000,bought
MRK,2025-11-14,4.459200900393922,7924.0,0.155539065599,66046,15291920.0,9941,0.9284780203198874,3175578.0,2374083.0,74,2504350.0,1447967.0,29,1847462.0,888334.0,12,868000.0,MRK251114C00090000,bought
NVO,2026-04-21,6.676683361157485,5999.0,0.156446546316,79342,12795713.0,9999,0.9224922492249223,1757063.0,3263890.0,56,1197837.0,2714115.0,24,834650.0,2209430.0,11,446000.0,NVO260821P00040000,bought
LLY,2024-01-16,3.521885521885522,1046.0,0.156868994236,27214,38639501.0,10026,0.9377618192698982,9361232.0,8316054.0,272,6360468.0,5069468.0,91,4218655.0,3702307.0,38,908000.0,LLY260116P00640000,bought
PFE,2024-10-04,2.7442736115469093,4373.0,0.15721321106,130670,5940439.0,10048,0.9120222929936306,1170268.0,478304.00000000006,13,949950.0,413760.00000000006,5,789000.0,413760.00000000006,3,627000.0,PFE250221P00029000,sold
NVO,2025-03-10,3.059409462824618,4300.0,0.158183276653,61442,25971997.0,10110,0.9291790306627102,10010892.0,3599779.0,73,8685776.0,3366614.0,30,8175460.0,2942738.0,15,2132000.0,NVO250321P00120000,sold
PFE,2024-06-14,3.371356147021546,9310.0,0.159669667482,129535,7709246.0,10205,0.9023027927486528,2274802.0,451803.0,25,1873040.0,234280.0,7,1723200.0,234280.0,5,1231200.0,PFE241220P00030000,sold
ABBV,2026-07-31,18.734939759036145,4665.0,0.161531567574,34127,10389948.0,10324,0.8727237504843084,373539.0,1263347.0,28,59133.00000000001,913082.0,8,0.0,607700.0,3,340000.0,ABBV260918C00240000,sold
PFE,2025-07-10,8.521,25563.0,0.16160979867,121013,7249078.0,10329,0.8913738019169329,771032.0,606370.0,28,550925.0,180616.0,8,276675.0,0.0,1,276675.0,PFE250815P00023000,sold
MRNA,2024-08-22,10.05162738496072,4478.0,0.162094831467,62822,59340431.0,10360,0.9543436293436294,19898298.0,29778406.0,74,19466000.0,29321010.0,47,19122790.0,28804525.0,35,5364800.0,MRNA241018P00130000,sold
MRNA,2024-10-10,16.315403422982886,20019.0,0.162329524755,133889,324930826.0,10375,0.9287710843373496,122694680.0,149136247.0,210,121595690.0,148158768.0,149,120999195.0,146618489.0,117,19776500.0,MRNA250117P00110000,bought
PFE,2026-04-21,2.361399397388684,14107.0,0.16517713666,113910,6252774.0,10557,0.9172113289760347,418310.0,805458.0,24,211005.0,441143.0,8,0.0,195500.0,1,352000.0,PFE260515C00027000,mid
VKTX,2025-11-11,8.09865470852018,1806.0,0.166788697243,47580,14588272.0,10660,0.8567542213883678,2591115.0,1827157.0,86,1413688.0,779993.0,20,738422.0,274342.0,3,409452.0,VKTX251121C00030000,bought
SRPT,2024-06-21,16.29813664596273,1312.0,0.168634951115,53218,54195925.0,10778,0.9086101317498608,18772713.0,11793094.0,243,16839956.0,9119205.0,112,14800933.0,7700900.0,66,2178550.0,SRPT240816C00175000,sold
AMGN,2024-05-06,3.797441364605544,1781.0,0.1714669168,38081,22593025.0,10959,0.956656629254494,3014127.0,2569647.0,96,2051249.0,1624800.0,41,931422.0,368720.0,6,539400.0,AMGN241018C00260000,bought
VKTX,2026-09-24,10.360742705570292,3906.0,0.17207711935,71740,17858344.0,10998,0.9328968903436988,1487667.0,4273504.0,86,642650.0,3157161.0,28,362390.0,2187660.0,9,1134580.0,VKTX271217C00040000,sold
NVO,2024-06-25,4.295454545454546,1134.0,0.173610448837,58269,26235601.0,11096,0.9399783705839942,4313020.0,5513569.0,103,3217151.0,4691453.0,48,2128415.0,3862930.0,21,411500.0,NVO240920C00150000,bought
MRNA,2026-02-10,13.50859950859951,8247.0,0.174705684185,48010,19495652.0,11166,0.939279957012359,2902899.0,988406.0,85,1283045.0,570355.0,25,297000.0,154080.0,3,180000.0,MRNA260618P00030000,sold
MRNA,2025-03-11,2.285240464344942,1378.0,0.175738334656,50384,8578658.0,11232,0.9456908831908832,981465.0,968935.0,39,551432.0,499399.0,13,230200.0,140812.0,3,140812.0,MRNA250321P00040000,bought
LLY,2026-10-01,3.997364953886693,1517.0,0.176458060741,27921,65949172.0,11278,0.9295087781521546,15402571.0,13899607.0,487,10377339.0,8290456.0,176,4999606.0,3962235.0,41,768300.0,LLY261120C01260000,sold
PFE,2025-02-07,3.3620739877658026,5771.0,0.178554654121,149182,8014656.0,11412,0.892043463021381,465406.0,1067072.0,26,130498.0,796692.0,8,0.0,490000.0,2,315000.0,PFE250321P00030000,bought
MRK,2025-07-28,3.8896746817538896,2750.0,0.179039686918,86415,16988012.0,11443,0.909289521978502,4758445.0,2637412.0,73,4025219.0,1977773.0,33,3446511.0,1306160.0,15,1015000.0,MRK270617C00090000,sold
PFE,2025-02-18,5.1816316869181,16418.0,0.179070979357,180667,7857920.0,11445,0.9221494102228048,1875918.0,1098411.0,23,1642870.0,907256.0,10,1591500.0,726851.0,6,1065000.0,PFE260116P00027500,sold
ABT,2025-07-17,30.645962732919255,2467.0,0.17941519618,63350,32090062.0,11467,0.9056422778407603,11024470.0,10460075.0,50,10814320.0,9769925.0,24,10814320.0,9318460.0,18,5525000.0,ABT250718P00132000,sold
PFE,2024-10-22,2.194478985327033,4412.0,0.182888656855,142624,7115337.0,11689,0.9330139447343656,849571.0,660112.0,15,735521.0,471894.0,7,588361.0,389894.0,4,388585.0,PFE260116P00032500,sold
PFE,2025-01-21,3.0270083102493075,4371.0,0.183123350143,140673,7429228.0,11704,0.9175495557074504,237039.0,596857.0,20,141149.0,161038.0,4,0.0,107250.0,1,107250.0,PFE270115C00035000,sold
MRK,2025-04-24,7.634623055444755,9570.0,0.183952599764,115213,51776989.0,11757,0.935953049247257,26097194.0,15156367.0,76,25389439.0,14584822.0,41,24232786.0,14230144.0,19,12275240.0,MRK250516P00095000,bought
PFE,2024-10-21,3.396045197740113,6011.0,0.18424987793,126612,9227547.0,11776,0.932235054347826,1255159.0,1643553.0,24,926367.0,1554618.0,11,756726.9999999999,1404010.0,7,538000.0,PFE260618P00032000,bought
LLY,2026-02-24,3.504109589041096,1279.0,0.185110419989,24769,49846916.0,11831,0.9274786577635028,12999894.0,8925304.0,328,9698200.0,6009493.0,146,6355277.0,3138558.0,54,976458.0,LLY260417P00890000,sold
MRK,2024-07-31,24.744985673352435,4318.0,0.186784565449,65776,13413686.0,11938,0.9467247445133188,774795.0,2352233.0,41,346947.0,1865046.0,15,0.0,1371130.0,3,1007205.0,MRK250117P00135000,bought
LLY,2024-01-10,9.407407407407408,2794.0,0.188208371401,36274,32475233.0,12029,0.9508687338930916,5621627.0,5731396.0,177,3567647.0,3756265.0,62,2208668.0,1965146.0,18,664768.0,LLY240119C00490000,bought
MRNA,2025-04-04,3.01953556948028,4096.0,0.189334899187,144558,29543724.0,12101,0.9452937773737708,4836346.0,10440057.0,163,3222823.0,8263704.0,60,2378742.0,6592073.0,22,3173040.0,MRNA260116P00165000,bought
JNJ,2024-04-15,2.5761843790012806,3018.0,0.190868228674,56397,10149550.0,12199,0.9088449872940404,1124862.0,2063283.0,18,906260.0,1888500.0,6,824660.0,1888500.0,5,996750.0,JNJ240419P00170000,bought
MRNA,2025-02-19,4.354326074161271,3699.0,0.191760063171,66654,11333986.0,12256,0.9410900783289816,887857.0,818101.0,30,544350.0,439718.0,8,425000.0,239929.0000000001,3,425000.0,MRNA260618P00025000,sold
BMY,2024-10-02,3.2953249714937285,1445.0,0.192088633776,91725,19906933.0,12277,0.9153702044473404,1577605.0,5446881.0,85,771681.0,4384749.0,26,330000.0,3586240.0,7,1505999.9999999998,BMY260116C00047000,sold
PFE,2025-10-30,3.987280917590945,52666.0,0.194326043129,248036,10215755.0,12420,0.9041867954911432,1288813.0,2854539.0,27,689557.0,2810979.0,8,689557.0,2704914.0,6,1710000.0,PFE251121C00025000,sold
MRNA,2024-09-20,4.075723830734967,4575.0,0.204073637724,77478,37747310.0,13043,0.919727056658744,6002727.0,19859963.0,158,5325878.0,17877307.0,74,4722873.0,16925997.0,52,3098400.0,MRNA250117P00130000,bought
LLY,2024-01-11,11.983164983164984,3559.0,0.204715132713,43916,34178335.0,13084,0.9440538061754816,7842189.0,4581102.0,192,5698746.0,2778574.0,76,3662534.0,1343059.0,25,475443.0,LLY240119C00460000,bought
MRNA,2025-01-27,3.280493174812858,3725.0,0.204965472221,70354,16882702.0,13100,0.9536641221374046,1706788.0,1500212.0,61,832501.0,958681.0,20,112700.0,409500.0,3,279500.0,MRNA250321C00050000,sold
PFE,2026-09-01,11.962864385297843,94387.0,0.205810368061,239693,9241090.0,13154,0.890831686179109,943697.0,2041656.0,33,462392.0,1712721.0,8,462392.0,1649014.0,7,1230000.0,PFE260918P00028000,bought
NVO,2025-03-27,3.1515422440768885,3525.0,0.207672268152,76970,22866504.0,13273,0.9288028328185036,4310346.0,4935981.0,90,3402107.0,4029241.0,34,2954207.0,3732940.0,23,1622400.0,NVO250404P00069000,bought
PFE,2025-02-06,3.5071366152053596,6020.0,0.207703560591,129373,9212376.0,13275,0.9169868173258005,866534.0,2193875.0,28,648609.0,1928075.0,15,459788.0,1593450.0,7,680000.0,PFE250321P00030000,bought
MRNA,2024-11-14,4.858056777289084,6075.0,0.209800153971,238741,687690185.0,13409,0.931240211798046,472298071.0,145600067.0,209,471562423.0,144184378.0,147,471019057.0,143412698.0,128,77100000.0,MRNA250117P00105000,sold
MRK,2025-11-13,5.402363534046145,9600.0,0.211098790169,89257,26200589.0,13492,0.9371479395197154,6547567.0,4641227.0,117,5335484.0,3668659.0,55,4321475.0,2270023.0,17,1831500.0,MRK260417C00100000,bought
PFE,2025-04-14,3.3878579610538373,29576.0,0.212397426367,182080,16516205.0,13575,0.9204419889502764,1448205.0,7498796.0,44,1067752.0,6835226.0,15,772180.0,6511366.0,7,3810630.000000001,PFE250516P00023000,bought
PFE,2025-03-14,2.3593214530500344,13769.0,0.21735727787,116909,6158877.0,13892,0.9202418658220558,977400.0,589185.0,14,925900.0,530445.0,10,773650.0,380000.0,6,249000.0,PFE250321P00030000,sold
PFE,2025-11-05,2.81756230529595,28942.0,0.222285836935,194501,8956342.0,14207,0.912648694305624,981302.0,1202455.0,27,501674.0,994919.0,7,312365.0,937500.0,3,937500.0,PFE260320P00027000,bought
MRK,2025-11-12,3.7208778840742824,6612.0,0.222770869732,97633,30794348.0,14238,0.9270965023177412,9194813.0,5924548.0,93,8204292.0,5259802.0,42,7488940.0,4419260.0,20,2770200.0,MRK260417C00095000,sold
PFE,2026-05-08,6.076894999391653,24973.0,0.225900113583,207867,10233891.0,14438,0.8693032275938496,779531.0,2203948.0,29,672600.0,1936378.0,18,620000.0,1269438.0,8,342000.0,PFE270115P00025000,bought
PFE,2026-08-25,3.517657796812469,25051.0,0.22826269269,131051,8308605.0,14589,0.9084241551854136,559816.0,369987.0,21,171500.0,148140.0,4,0.0,0.0,0,337500.0,PFE261218P00025000,mid
MRNA,2026-06-16,10.905263157894735,4144.0,0.236586481333,84404,18300348.0,15121,0.9532438330798229,3312938.0,3060591.0,62,2726053.0,2506178.0,28,1988518.0,2393016.0,14,661640.0,MRNA260626C00057000,sold
LLY,2024-02-12,4.164095371669005,2969.0,0.240451097488,48602,111066951.0,15368,0.9535398230088497,32559535.0,42235276.0,603,26689204.0,36799833.0,274,22008159.0,31416971.0,124,3850000.0,LLY240517C00690000,sold
LLY,2026-05-14,4.629156010230179,2715.0,0.243064016104,62481,341295734.0,15535,0.934856775024139,132382390.0,172073318.0,817,128202749.0,167729449.0,570,124634029.0,163776322.0,461,4096050.0,LLY260515C00960000,sold
IBRX,2026-01-20,6.4192390524048815,8942.0,0.244018435478,153560,32904633.0,15596,0.926263144395999,3771972.0,8322308.999999999,133,2132396.0,7199966.999999999,52,915550.0,5799129.999999999,15,4519999.999999999,IBRX280121C00003500,sold
NVO,2025-06-23,7.99265605875153,9795.0,0.246584415436,80959,19046621.0,15760,0.9293147208121828,2465804.0,2243337.0,96,1667580.0,867545.0,35,264300.0,310450.0,4,159250.0,NVO251017P00065000,bought
PFE,2025-01-23,18.37673130193906,26536.0,0.250855833292,459464,95722803.0,16033,0.8988960269444272,36072347.0,38770101.0,346,34700924.0,36760682.0,247,32424334.0,35355368.0,191,3398400.0,PFE270115C00027000,bought
PFE,2026-06-11,3.5437244600116755,15176.0,0.253750383854,179603,9203233.0,16218,0.904242200024664,1281061.0,1660532.0,36,690681.0,1535394.0,17,407600.0,1063865.0,7,540000.0,PFE280121C00020000,sold
MRNA,2024-09-17,5.596101786681104,5168.0,0.256472826004,61619,22679508.0,16392,0.9511346998535872,4400115.0,5018921.0,55,3803815.0,4657258.0,27,3402065.0,4425168.0,18,1368720.0,MRNA240920P00110000,bought
NVO,2025-02-05,3.0431654676258995,5499.0,0.262590497732,100878,14735211.0,16783,0.9337424775070012,1539921.0,2264321.0,47,1087154.0,1947251.0,23,470240.0,1609341.0,9,610000.0,NVO250221C00086000,sold
MRK,2025-09-30,2.2390625,2866.0,0.264139473438,119507,21434061.0,16882,0.9287406705366664,3600207.0,2599517.0,76,2764245.0,1700715.0,24,2294528.0,1551146.0,15,622485.0,MRK251219P00105000,sold
MRNA,2026-03-04,4.425690021231422,4169.0,0.268692523241,138824,65678340.0,17173,0.929074710301054,16332621.0,24767333.0,191,14784547.0,23367242.0,107,13480744.0,21980350.0,66,4315170.0,MRNA261218P00230000,sold
LLY,2024-03-11,3.4200894672631152,4205.0,0.27122721076,47735,71503111.0,17335,0.955811941159504,11831639.0,15502868.0,415,8055415.0,10571962.0,157,4440358.0,7055319.0,56,695310.0,LLY240719C00770000,bought
LLY,2025-01-13,2.6596263200649877,1637.0,0.272823125124,47394,60241145.0,17437,0.9481562195331764,8531941.0,12128200.0,286,5462407.0,8965275.0,100,3320974.0,6946622.0,40,1258125.0,LLY250117P00900000,bought
MRNA,2024-06-26,2.7725593667546176,2627.0,0.276312232018,71318,31786096.0,17660,0.9589467723669308,4536736.0,5509347.0,152,2949159.0,4191571.0,72,1284180.0,2295993.0,21,453347.99999999994,MRNA250117P00130000,bought
NVO,2026-04-24,3.516286035192812,4696.0,0.280004739761,127563,17399240.0,17896,0.9103710326329906,2577082.0,1263151.0,63,1399324.0,1069615.0,24,520300.0,648035.0,5,307800.0,NVO261218P00030000,sold
MRNA,2024-05-20,5.41044776119403,1450.0,0.296433269978,78234,48595476.0,18946,0.9519687532988492,15820448.0,5318722.0,212,13040882.0,3440482.0,75,11328864.0,2404734.0,32,8470000.0,MRNA240621C00100000,bought
NVO,2026-05-05,2.517299107142857,9022.0,0.29743462801,143889,24625304.0,19010,0.912519726459758,2645807.0,3616769.0,108,1774998.0,2070457.0,33,879350.0,1319642.0,7,716295.0,NVO260918P00050000,bought
CYTK,2024-01-09,4.961194029850747,3324.0,0.298858433962,159833,119641366.0,19101,0.9518349824616512,58651804.0,30814928.0,231,57131264.0,29212965.0,139,55690570.0,25922637.0,71,16590000.0,CYTK240119C00050000,sold
MRNA,2024-11-11,4.603910209992759,6358.0,0.304882228374,142026,131871723.0,19486,0.9432926203428104,97324160.0,11392007.0,184,95712312.0,9962340.0,97,94433350.0,7813403.0,49,30799090.000000004,MRNA250117P00105000,sold
PFE,2024-03-12,5.719273245457784,32108.0,0.30729174614,209156,21605527.0,19640,0.8993380855397148,3589311.0,2935987.0,89,2354635.0,2203854.0,31,1726695.0,1478412.0,11,1023000.0,PFE260116P00027500,bought
NVO,2026-05-06,2.8547400611620795,11202.0,0.318369269371,138272,26044451.0,20348,0.9023982701002556,2748151.0,3961328.0,105,1851714.0,2881367.0,45,904900.0,1763438.0,16,312858.0,NVO260618C00050000,sold
AMGN,2024-05-03,10.44543429844098,4690.0,0.330463796854,70524,67424120.0,21121,0.9427110458785096,8185431.0,7111125.0,283,4812998.0,4337952.0,98,2440727.0,2116973.0,29,266984.0,AMGN250117C00200000,sold
LLY,2024-02-14,2.7812061711079945,1983.0,0.338490307331,73351,119313695.0,21634,0.9587223814366276,31828477.0,33584792.0,787,23365253.0,26548201.0,337,16674645.0,20310969.0,143,1357300.0,LLY250117C01000000,sold
PFE,2026-06-18,2.220306705422472,11076.0,0.353150814772,251811,12742867.0,22571,0.8852952904169067,1722717.0,1859527.0,46,1158321.0,1480859.0,19,847661.0000000001,768249.9999999999,3,768249.9999999999,PFE260821P00023000,bought
PFE,2024-02-23,2.875842497339482,8107.0,0.365464389324,234004,37104062.0,23358,0.874389930644747,8189281.0,10163449.0,73,7625013.0,9727140.0,43,6995990.0,8991320.0,25,4145200.0,PFE250117P00045000,bought
LLY,2026-01-15,6.92776886035313,2158.0,0.368718802929,69663,145522949.0,23566,0.9434778918781296,32253301.0,47103323.0,963,22951058.0,35798985.0,358,16802249.0,26254301.0,120,4214700.0,LLY260116P01110000,bought
PFE,2024-10-09,8.512100388407529,14245.0,0.383958220482,280334,19068493.0,24540,0.9170741646291768,1957434.0,1481079.0,67,1016843.0,735774.0,20,548500.0,111000.0,4,187500.0,PFE260116P00035000,sold
PFE,2025-02-21,11.886514983351832,42839.0,0.385913997889,409178,21722553.0,24665,0.8935738901277114,3918271.0,2918778.0,84,2610903.0,2207465.0,27,2287144.0,1376800.0,9,1069893.0,PFE250228C00025000,bought
PFE,2025-02-04,4.76268951878708,7225.0,0.415078550577,335178,19769854.0,26529,0.9286441252968448,1923370.0,4955494.0,64,1088598.0,4286438.0,20,716878.0,3964630.0,9,1969800.0,PFE250516C00026000,sold
LLY,2025-08-12,3.1910946196660483,1720.0,0.417988747358,87343,119981157.0,26715,0.9554931686318549,29833692.0,27013242.0,723,23598098.0,20241231.0,337,14251038.0,13532853.0,103,1825200.0,LLY260918P00660000,sold
PFE,2024-03-04,2.1632039365773648,7913.0,0.425905734301,300049,40683138.0,27221,0.9120899305683112,8392735.0,15244015.0,121,7018802.0,14626527.0,63,5241616.0,14198149.0,32,4754750.0,PFE250117P00045000,bought
PFE,2024-03-11,9.540790879943,53562.0,0.43178871274,299306,35175628.0,27597,0.9107511686052832,6110961.0,8746655.0,189,3908951.0,7367847.0,87,2520381.0,5394578.0,34,1400000.0,PFE240621P00029000,bought
NVO,2025-09-18,4.693098871930989,14145.0,0.454866886139,159717,50016775.0,29072,0.9176183269124932,9945325.0,5682413.0,222,7795819.0,3202648.0,93,5503293.0,1460605.0,34,740000.0,NVO260320C00065000,bought
NVO,2026-01-09,2.680985818532287,9736.0,0.473438948393,238721,61864552.0,30259,0.915529264020622,13883439.0,11414452.0,264,11270096.0,8756513.0,112,8873024.0,6263676.0,39,2595600.0,NVO260116P00080000,sold
LLY,2025-11-13,3.824175824175824,4176.0,0.477381795645,198344,2130062084.5,30511,0.9517551047163318,1026514844.0,997186397.5,2509,1009257876.0,980764093.5,1555,995222922.0,968484474.5,1166,24897600.000000004,LLY251121C00760000,sold
LLY,2025-11-03,26.44482173174873,15576.0,0.485142320395,107403,193118898.0,31007,0.9596865223981682,57019237.0,50770758.0,1169,42209127.0,41539053.0,477,28853708.0,34271621.0,180,7065600.0,LLY251121C00850000,sold
LLY,2025-11-12,3.2992465016146393,3065.0,0.486034154892,112824,322696783.0,31064,0.938449652330672,111848610.0,109997127.0,2092,88441890.0,91774793.0,893,62888348.0,75860016.0,290,23049552.0,LLY260116C01000000,sold
MRNA,2025-02-14,13.837551500882872,11755.0,0.489163398743,220661,35945892.0,31264,0.9314866939611054,10128113.0,9932545.0,134,9145786.0,8775165.0,73,8134168.0,6938095.0,31,1432500.0000000002,MRNA250321P00040000,bought
CYTK,2024-01-11,10.050746268656717,6734.0,0.504559278488,323706,182338926.0,32248,0.953423468122054,72897462.0,51950916.0,787,66040244.0,44444844.0,387,58901871.0,37117829.0,174,15965000.0,CYTK240119C00050000,bought
LLY,2025-05-12,5.259615384615385,2188.0,0.542720407248,112472,146966717.5,34687,0.9648859803384552,31640042.0,32085042.5,771,23370886.0,24869474.5,319,17375869.0,17777136.5,128,2999400.0,LLY250620C00850000,mid
LLY,2026-04-30,3.713004484304933,1656.0,0.54664760828,89364,166103767.0,34938,0.9332818134981968,46560245.0,27723862.0,1090,32673183.0,19159134.0,410,21258766.0,12092281.0,136,4305000.0,LLY261218C00920000,bought
LLY,2024-02-07,4.015427769985974,2863.0,0.601221621037,112546,162488164.0,38426,0.9635403112475928,37504041.0,34628521.0,1060,25382492.0,22966379.0,383,16263294.0,15569019.0,142,1642200.0,LLY251219C00400000,sold
LLY,2025-08-14,4.326530612244898,2332.0,0.724858045578,226719,612704750.0,46328,0.9541961664652048,216148100.0,282032777.0,1633,204235311.0,271036032.0,969,191144016.0,262261859.0,649,11010300.0,LLY250815C00630000,sold
MRNA,2026-08-19,15.54853620955316,20182.0,2.190470695496,622934,766778193.0,140000,0.9576428571428572,221624313.0,209889475.0,4738,172911836.0,171453531.0,2245,116834362.0,133128368.0,875,4273200.0,MRNA261218C00095000,sold
