signal_date,news_status,whale_premium,one_sided,spike_ratio,weight,sigma20,adv_shares,adv_participation,hedge_pnl_pct,hedged,return_with_hedge,ticker,direction,entry_date,entry_price,exit_date,exit_price,shares,gross_return,exit_reason
2024-01-09,uncovered,86344229.0,0.6616685870227644,4.961194029850747,0.06975021427862466,0.1433687351848689,5879132.35,0.0001163436982329544,0.0,False,-0.14489999999999992,CYTK,1,2024-01-10,100.0,2024-01-12,85.51,684,-0.14489999999999992,stop
2024-01-05,uncovered,55000.0,1.0,3.0488081725312144,0.1,0.01732507165917719,1417518.55,0.0007308546332603548,-0.011837141163614505,True,0.021839191857900897,BMRN,-1,2024-01-08,96.21,2024-01-16,92.97,1036,0.0336763330215154,hold
2024-01-05,uncovered,127000.0,1.0,7.176608187134503,0.1,0.024236096489756217,1914999.7,0.00636814721172019,0.0024369743697436903,True,-0.025611806118061214,BHC,-1,2024-01-08,8.2,2024-01-16,8.43,12195,-0.028048780487804903,hold
2024-01-11,uncovered,8477320.0,0.6722343853953844,11.983164983164984,0.1,0.016221036674513842,3059166.95,5.132116114159771e-05,-0.0020576780952493248,True,-0.014906315252970545,LLY,1,2024-01-12,626.34137,2024-01-22,618.293737,157,-0.012848637157721221,hold
2024-01-12,uncovered,1132040.0,0.8791208791208791,315.11764705882354,0.1,0.03770530283764112,1238588.35,0.005172824368968107,0.0149171932073554,True,-0.04564896874129499,KURA,1,2024-01-16,15.19,2024-01-23,14.27,6407,-0.06056616194865039,hold
2024-01-16,uncovered,7456178.0,0.6822852136845445,4.783564814814815,0.06514389328851199,0.15350633029732477,7538548.0,0.00010479471643610945,-0.029552715505038747,True,0.0012146142861387196,CYTK,1,2024-01-17,80.93,2024-01-24,83.42,790,0.030767329791177467,hold
2024-01-18,uncovered,987500.0,1.0,10.085987261146498,0.1,0.01773364858401749,1202736.25,0.0008813237316161378,-0.003326207056591562,True,0.008217648807039818,BMRN,-1,2024-01-19,92.69,2024-01-26,91.62,1060,0.01154385586363138,hold
2024-01-18,uncovered,296206.0,1.0,12.989473684210529,0.1,0.03705189822983226,695342.5,0.0016696807688297494,0.011127866459265917,True,-0.06479762281213239,AXSM,-1,2024-01-19,84.82,2024-01-26,91.26,1161,-0.0759254892713983,hold
2024-01-19,uncovered,561496.0,0.7689386923504352,5.161120840630473,0.1,0.044541749202486935,2496427.65,0.0018117889376846152,0.012779533642187825,True,0.03428983112502544,VKTX,-1,2024-01-22,21.85,2024-01-29,21.38,4523,0.021510297482837615,hold
2024-01-25,uncovered,3746500.0,0.8464566929133859,214.57142857142856,0.1,0.03236524950985452,1161753.1,0.0031220058719877743,0.0,False,0.00933488914819125,PTCT,-1,2024-01-26,25.71,2024-02-02,25.470000000000002,3627,0.00933488914819125,hold
2024-01-25,uncovered,51840.0,1.0,9.988888888888887,0.1,0.07823133791641801,3557156.25,0.0015186288204236179,-0.01389707515734913,True,0.21332514706487307,DYN,1,2024-01-26,18.0,2024-02-02,22.09,5402,0.22722222222222221,hold
2024-01-26,uncovered,1160000.0,0.8793103448275862,425.4,0.1,0.03524210490081435,412492.75,0.013459630502596713,0.47391404453116587,True,-0.2020480302039151,FDMT,-1,2024-01-29,17.93,2024-02-05,30.05,5552,-0.675962074735081,hold
2024-02-01,uncovered,131580.0,1.0,13.255972696245731,0.1,0.008915936202641802,3452024.3,0.0007789632303573298,0.0,False,-0.03311991583155205,GSK,-1,2024-02-02,36.477327,2024-02-09,37.685453,2689,-0.03311991583155205,hold
2024-02-06,uncovered,202840.0,0.7426543088148294,5.385321100917431,0.1,0.06628031820263441,5829409.55,0.001555903719271191,0.0,False,-0.14961389961389948,ALT,1,2024-02-07,10.36,2024-02-14,8.81,9070,-0.14961389961389948,hold
2024-02-09,uncovered,932250.0,0.7353177795655672,85.52173913043478,0.1,0.04162494423018638,644556.75,0.009587984300839297,0.016263293960050818,True,-0.025000406878118175,OLMA,1,2024-02-12,15.51,2024-02-20,14.87,6180,-0.04126370083816899,hold
2024-02-12,uncovered,467590.0,1.0,15.13841368584759,0.1,0.011688698059259097,1295384.75,0.0008538003863330952,-0.010185920639416358,True,0.007255272705391402,BMRN,1,2024-02-13,87.15,2024-02-21,88.67,1106,0.01744119334480776,hold
2024-02-13,uncovered,412500.0,1.0,334.6,0.1,0.03635875782594421,362970.4,0.01754964041144953,0.0,False,0.04758800521512385,CYRX,1,2024-02-14,15.34,2024-02-22,16.07,6370,0.04758800521512385,hold
2024-02-14,uncovered,900000.0,1.0,42.862032085561495,0.1,0.01865850763819836,1963115.35,0.005707764446954174,-0.026674482281525844,True,0.07983439345811923,BHC,1,2024-02-15,8.45,2024-02-23,9.35,11205,0.10650887573964507,hold
2024-02-14,uncovered,233000.0,1.0,5.741522029372496,0.1,0.02779645908808906,1686660.25,0.007026311315512416,-0.034220072848986025,True,-0.027553406182319537,AUPH,-1,2024-02-15,6.0,2024-02-23,5.960000000000001,11851,0.0066666666666664876,hold
2024-02-14,uncovered,21783812.0,0.7854637654786958,3.3685078318219293,0.1,0.028186313823491932,3426098.3,0.0003207730496232405,-0.023725969388170138,True,0.13266553183091737,MRNA,1,2024-02-15,86.13,2024-02-23,99.6,1099,0.15639150121908751,hold
2024-02-15,uncovered,2836400.0,0.6769143985333521,4.49438202247191,0.1,0.012012816977423929,1366094.85,0.0007678822594199809,0.0,False,0.04580000139654139,NVS,1,2024-02-16,91.368578,2024-02-26,95.553259,1049,0.04580000139654139,hold
2024-02-15,uncovered,178640.0,1.0,6.75517890772128,0.1,0.018122449378402038,8048051.55,0.0010370211905513951,0.0,False,0.04937498616664748,VTRS,1,2024-02-16,11.430707,2024-02-26,11.995098,8346,0.04937498616664748,hold
2024-02-16,uncovered,128990.0,1.0,10.242622950819673,0.1,0.02121387274398121,2106829.0,0.0002468164241141545,-0.0005137338041111408,True,0.054745213088464126,ZTS,1,2024-02-20,180.615838,2024-02-27,190.596479,520,0.05525894689257527,hold
2024-02-16,uncovered,151360.0,1.0,55.54838709677419,0.1,0.010129546767276095,2314133.85,0.001004695558124263,0.0,False,-0.017932506202451792,SNY,-1,2024-02-20,41.750829,2024-02-27,42.499526,2325,-0.017932506202451792,hold
2024-02-20,uncovered,12852780.0,0.9503002463280318,5.055821371610845,0.1,0.018930964714855614,3461871.85,0.00010370112342546706,0.0,False,-0.020537845223252305,AMGN,1,2024-02-21,264.451842,2024-02-28,259.020571,359,-0.020537845223252305,hold
2024-02-22,uncovered,131250.0,1.0,5.343151693667157,0.1,0.013779155795957822,1398827.45,0.000764211482981693,0.00011586705983015364,True,-0.049917121723983306,BMRN,1,2024-02-23,90.94,2024-03-01,86.39,1069,-0.05003298878381346,hold
2024-02-26,uncovered,713700.0,1.0,3.8270893371757926,0.1,0.013577469990274428,15194896.95,0.00014077094481381133,0.0,False,-0.008700811104658257,BMY,-1,2024-02-27,44.412641,2024-03-05,44.799067,2139,-0.008700811104658257,hold
2024-02-27,uncovered,55919.99999999999,1.0,8.26984126984127,0.1,0.0372387752337425,3821397.45,0.0017501450941722902,0.0,False,0.13349814585908537,TGTX,1,2024-02-28,16.18,2024-03-06,18.34,6688,0.13349814585908537,hold
2024-02-27,uncovered,524895.0,1.0,146.1159420289855,0.1,0.026122105454129196,554241.3,0.011543708489425092,0.0,False,0.019485038274182465,EOLS,1,2024-02-28,14.37,2024-03-06,14.65,6398,0.019485038274182465,hold
2024-02-27,uncovered,51612.0,1.0,32.27272727272727,0.1,0.08238871053371245,1452996.35,0.0027419201706872834,-0.02092911851760663,True,0.05614773621362408,DNLI,-1,2024-02-28,22.51,2024-03-06,20.775,3984,0.07707685473123072,hold
2024-02-28,uncovered,50000.0,1.0,8.303769401330378,0.1,0.03731324887261214,1574180.05,0.001773621765820244,-0.022775071633237824,True,0.009978551555167976,ARWR,1,2024-02-29,34.5,2024-03-07,35.63,2792,0.0327536231884058,hold
2024-02-29,uncovered,499084.0,0.7513765217879155,79.55775577557756,0.09297638108827515,0.10755419691486634,4566445.35,0.0020438216784966013,-0.011879268639111403,True,0.02041351930491428,IRWD,-1,2024-03-01,9.29,2024-03-08,8.99,9333,0.03229278794402568,hold
2024-02-29,uncovered,255000.0,1.0,6.308641975308642,0.1,0.04776349459441276,1096223.35,0.0018335679494511769,-0.013680088824475248,True,0.06675333480544765,VERA,-1,2024-03-01,47.99,2024-03-08,44.13,2010,0.0804334236299229,hold
2024-03-01,uncovered,837600.0,0.8541666666666666,24.86868686868687,0.1,0.03284634992985349,227472.9,0.005543517491534157,-0.08649650444918941,True,0.05729520037875782,IRON,-1,2024-03-04,76.43,2024-03-11,65.44,1261,0.14379170482794723,hold
2024-03-04,uncovered,304000.0,1.0,3.789203084832905,0.1,0.017974189130096224,4922881.25,0.001687426443609624,0.0,False,-0.08900523560209439,ROIV,1,2024-03-05,11.46,2024-03-12,10.44,8307,-0.08900523560209439,hold
2024-03-04,uncovered,82390.00000000001,1.0,4.076225045372051,0.1,0.06377154437489281,5153757.7,0.0016898349722572327,0.0,False,-0.07407407407407418,ARQT,1,2024-03-05,10.8,2024-03-12,10.0,8709,-0.07407407407407418,hold
2024-03-06,uncovered,2427950.0,0.8764389711484998,6.368421052631579,0.1,0.04064507090864338,2798955.35,0.0014205299845172592,0.0,False,0.11131058307385722,PRGO,1,2024-03-07,23.91035,2024-03-14,26.571825,3976,0.11131058307385722,hold
2024-03-06,uncovered,320000.0,1.0,3.1380281690140843,0.1,0.03170691433381591,1847807.25,0.0022145166926907556,0.0,False,-0.1682322801024766,ACAD,1,2024-03-07,23.42,2024-03-14,19.48,4092,-0.1682322801024766,hold
2024-03-08,uncovered,880000.0,0.7159090909090909,5.3164556962025316,0.1,0.03692179888631037,1148452.85,0.0014384569640799793,-0.02695022837523368,True,-0.014789005303656604,BHVN,1,2024-03-11,57.56000000000001,2024-03-18,58.25999999999999,1652,0.012161223071577076,hold
2024-03-11,uncovered,11276798.0,0.6533633926935642,9.540790879943,0.1,0.018573663764051233,44945710.35,8.8506777822013e-05,-0.021958078314717886,True,0.0006487833308557976,PFE,-1,2024-03-12,24.013948,2024-03-19,23.471068,3978,0.022606861645573684,hold
2024-03-12,uncovered,210000.0,1.0,71.64285714285714,0.1,0.0553794690440172,634385.7,0.010493616107677082,-0.06309280900838043,True,-0.03982107731775775,ORIC,-1,2024-03-13,14.609999999999998,2024-03-20,14.27,6657,0.023271731690622688,hold
2024-03-12,uncovered,368374.0,1.0,33.96875,0.1,0.03184403503501405,687424.35,0.002909411050103186,0.002383939774153074,True,-0.01601840234211627,RARE,1,2024-03-13,47.82,2024-03-20,46.94,2000,-0.018402342116269343,hold
2024-03-12,uncovered,76154.0,1.0,33.39325842696629,0.1,0.03296110944184761,788892.0,0.002656890930570978,0.0,False,-0.05878438331854474,ARVN,1,2024-03-13,45.08,2024-03-20,42.43,2096,-0.05878438331854474,hold
2024-03-13,uncovered,1695995.0,0.8806777142621293,11.629522431259044,0.1,0.01356254312421791,14306115.1,0.00014539237140626668,0.0,False,-0.012554689418726839,BMY,1,2024-03-14,46.169123,2024-03-21,45.589484,2080,-0.012554689418726839,hold
2024-03-18,uncovered,1190000.0,1.0,4.170656844689994,0.08819345038031963,0.11338710478926337,4894382.4,0.003267010767282916,0.02270777212411449,True,-0.16406265589144972,IBRX,-1,2024-03-19,5.14,2024-03-21,6.1,15990,-0.1867704280155642,stop
2024-03-14,uncovered,395000.0,0.8481012658227848,299.8,0.1,0.0220472041054309,1148617.5,0.0026518836775514913,-0.005312749740516783,True,0.07218888531507515,IMVT,1,2024-03-15,30.58,2024-03-22,32.95,3046,0.07750163505559193,hold
2024-03-14,uncovered,940000.0,0.851063829787234,10.244220509780677,0.1,0.05420194223040573,1692847.35,0.0020149483649544654,-0.010265939831671688,True,0.026552911420169346,ARWR,1,2024-03-15,27.16,2024-03-22,28.16,3411,0.036818851251841034,hold
2024-03-15,uncovered,51935.0,1.0,4.11554800339847,0.1,0.03805751806780262,6240598.05,0.0018764227252226252,-0.015455347637785746,True,0.036332568515111824,ARDX,-1,2024-03-18,8.11,2024-03-25,7.69,11710,0.05178791615289757,hold
2024-03-15,uncovered,568860.0,0.9,12.203508771929824,0.1,0.06549809266032439,5614704.75,0.0015847672132715438,-0.029255375775783802,True,0.035941172642241115,ARQT,-1,2024-03-18,10.43,2024-03-25,9.75,8898,0.06519654841802491,hold
2024-03-20,uncovered,682150.0,0.7696254489481785,49.71098265895954,0.1,0.07267826347477192,708943.4,0.01010658960926923,0.0726987340004137,True,-0.133897171988972,NKTX,1,2024-03-21,13.19,2024-03-25,10.465000000000002,7165,-0.2065959059893857,stop
2024-03-20,uncovered,162000.0,1.0,35.74757281553398,0.1,0.008225385184469863,885996.25,0.0023826285946469865,-0.002245359895551446,True,0.025189474986765235,QGEN,-1,2024-03-21,43.196615,2024-03-28,42.011523,2111,0.027434834882316683,hold
2024-03-20,uncovered,135642.0,1.0,3.697478991596639,0.1,0.01686288811059062,3703923.4,0.0001498411117249347,-0.0014919516046148912,True,-0.024649478957004187,ZTS,1,2024-03-21,166.565797,2024-03-28,162.708545,555,-0.023157527352389295,hold
2024-03-20,uncovered,70000.0,1.0,16.06711409395973,0.1,0.05576197574408817,2848136.9,0.004330550262524249,0.0,False,0.031957390146471365,FATE,-1,2024-03-21,7.51,2024-03-28,7.27,12334,0.031957390146471365,hold
2024-03-21,uncovered,174019.99999999997,1.0,36.30252100840336,0.1,0.009249610525305298,2822702.5,0.0008537917120206611,-0.008021078543704145,True,-0.012722530219738341,GSK,-1,2024-03-22,38.583402,2024-04-01,38.7648,2410,-0.004701451676034196,hold
2024-03-25,uncovered,749300.0,1.0,169.33333333333334,0.1,0.020846831116969545,391991.7,0.0012449243185506224,-0.008912727984316698,True,0.03651235573611105,RGEN,-1,2024-03-26,185.14,2024-04-03,176.73,488,0.04542508372042775,hold
2024-03-25,uncovered,506920.00000000006,0.8157894736842105,3.683905483727151,0.1,0.054576834948209446,4305140.8,0.0038556230263131,-0.07819561967040733,True,-0.12910471057949824,IBRX,1,2024-03-26,5.5,2024-04-03,5.22,16599,-0.050909090909090904,hold
2024-03-27,uncovered,2339634.0,0.7286438819063152,43.236111111111114,0.1,0.024812852875956793,2200458.35,0.003996894556081918,-0.0036349525032148295,True,-0.04091984734069093,BHC,1,2024-03-28,10.46,2024-04-05,10.07,8795,-0.0372848948374761,hold
2024-04-01,uncovered,549450.0,0.6996996996996997,4.946466809421842,0.1,0.023079534546948763,1103513.8,0.0014471953137332764,-0.008189359609871914,True,0.040398607413457216,LEGN,-1,2024-04-02,57.01,2024-04-09,54.24,1597,0.048587967023329126,hold
2024-04-01,uncovered,426680.0,1.0,42.654205607476634,0.1,0.034330447294721525,1135536.4,0.004785403620702957,0.008514322757703547,True,-0.09246486940875913,CABA,-1,2024-04-02,16.34,2024-04-09,17.99,5434,-0.10097919216646267,hold
2024-04-01,uncovered,72500.0,1.0,7.977777777777778,0.1,0.02375810992589791,1613502.0,0.010491465148478278,-0.004296619657968661,True,0.06299309996819948,AUPH,-1,2024-04-02,5.35,2024-04-09,4.99,16928,0.06728971962616814,hold
2024-04-02,uncovered,57600.0,1.0,7.894366197183099,0.1,0.07445643596441703,2832104.7,0.005002639909463799,-0.01770561125354048,True,-0.019193678603219914,GRFS,1,2024-04-03,6.509786,2024-04-10,6.500099,14168,-0.0014880673496794339,hold
2024-04-05,uncovered,767500.0,0.7980456026058632,7.576219512195122,0.1,0.03264908608979234,1494131.3,0.0011699105694392455,-0.06844197100048884,True,-0.04300689737264414,BHVN,-1,2024-04-08,52.29,2024-04-15,50.96,1748,0.025435073627844695,hold
2024-04-12,uncovered,214800.0,1.0,9.31186440677966,0.1,0.0363170290605308,941915.5,0.006868981347052894,-0.027461384910453558,True,0.016729634334022546,LQDA,-1,2024-04-15,14.03,2024-04-22,13.41,6470,0.044191019244476104,hold
2024-04-12,uncovered,69000.0,1.0,4.47,0.06710164063500781,0.14902765275731378,17286434.4,0.0009626045264719253,-0.03480577643575771,True,-0.02390659387444987,GERN,1,2024-04-15,3.67,2024-04-22,3.71,16640,0.01089918256130784,hold
2024-04-12,uncovered,9208155.0,0.6826535826123692,5.011588275391956,0.1,0.01565529574904452,6464686.0,9.265724584303089e-05,0.0,False,0.019207395908131586,ABBV,1,2024-04-15,152.657602,2024-04-22,155.589757,599,0.019207395908131586,hold
2024-04-15,uncovered,429850.0,1.0,14.39344262295082,0.1,0.010006447596062331,1620832.65,0.0006317740452723481,0.0,False,0.06343566021600933,NVS,1,2024-04-16,86.893523,2024-04-23,92.405671,1024,0.06343566021600933,hold
2024-04-15,uncovered,137470.99999999997,1.0,29.77777777777778,0.1,0.015063499285497396,899915.3,0.0025969110648524367,-0.006056930095136411,True,-0.016487177813519712,HALO,-1,2024-04-16,38.35,2024-04-23,38.75,2337,-0.010430247718383301,hold
2024-04-16,uncovered,140700.0,1.0,4.149134487350199,0.1,0.01189315388012071,6806187.95,0.0013154206239632275,0.005337975070854651,True,-0.00806684136778868,VTRS,-1,2024-04-17,10.091149,2024-04-24,10.226419,8953,-0.01340481643864333,hold
2024-04-16,uncovered,4621904.0,0.8040850697028757,9.32939787485242,0.1,0.009523298049275663,6427118.55,0.00022373945475146091,-0.013161333814730636,True,-0.0017285198742708289,GILD,-1,2024-04-17,62.46703600000001,2024-04-24,61.752862,1438,0.011432813940459807,hold
2024-04-23,uncovered,2015079.9999999998,0.8213470432935664,123.42857142857144,0.1,0.025310261462910887,1321409.25,0.0010367719160434212,0.0,False,0.06799210805888611,CYTK,-1,2024-04-24,65.89,2024-05-01,61.41,1370,0.06799210805888611,hold
2024-04-23,uncovered,1650000.0,1.0,29.38653366583541,0.1,0.026388444598550054,989917.3,0.003945784157929152,0.015969561878047156,True,0.012056518399786331,CORT,-1,2024-04-24,23.0,2024-05-01,23.09,3906,-0.003913043478260825,hold
2024-04-25,uncovered,3467456.0,0.7198487882759003,3.618421052631579,0.1,0.010593085055615842,6861799.0,0.00021641554933334538,-0.009953253194814788,True,-0.01010592516666355,GILD,-1,2024-04-26,60.75116400000001,2024-05-03,60.760439,1485,-0.00015267197184876125,hold
2024-05-01,uncovered,59250.0,1.0,14.676427525622255,0.1,0.02103238579469633,2178803.6,0.0019070098837729108,-0.011167169849110932,True,0.005658660073581061,EXEL,-1,2024-05-02,21.99,2024-05-09,21.62,4155,0.016825829922691993,hold
2024-05-03,uncovered,239155.0,1.0,3.616244849911713,0.1,0.028621517589689355,806690.6,0.008895603841175291,-0.01697213280651428,True,0.037758125207559216,LQDA,-1,2024-05-06,12.79,2024-05-13,12.09,7176,0.054730258014073496,hold
2024-05-03,uncovered,221808.0,0.6808050205583207,14.419753086419751,0.1,0.025418081952058576,1295548.2,0.0012674171443409054,0.0,False,-0.07755102040816342,CRSP,1,2024-05-06,56.35,2024-05-13,51.97999999999999,1642,-0.07755102040816342,hold
2024-05-06,uncovered,56960.0,1.0,36.77777777777778,0.1,0.03966174900864167,1252050.05,0.0009903757441645403,0.0,False,0.07314786647651639,TECH,1,2024-05-07,75.8698,2024-05-14,81.419514,1240,0.07314786647651639,hold
2024-05-08,uncovered,118666116.0,0.7617085908499778,9.195175438596491,0.1,0.009147041310410496,7463487.3,0.00020339017660015314,0.0,False,0.028076103819403286,GILD,1,2024-05-09,60.454364,2024-05-16,62.151686999999995,1518,0.028076103819403286,hold
2024-05-09,uncovered,60000.0,1.0,12.819875776397517,0.1,0.019513868290844946,2204278.5,0.005997427276090567,-0.003520884838197852,True,-0.1096184458138077,ADMA,-1,2024-05-10,8.2,2024-05-17,9.07,13220,-0.10609756097560985,hold
2024-05-13,uncovered,60000.0,1.0,10.40692959823074,0.1,0.03449122304013754,4784095.85,0.0020010050592945373,-0.04720058308906442,True,-0.03692309079718362,RXRX,-1,2024-05-14,9.73,2024-05-21,9.63,9573,0.010277492291880796,hold
2024-05-13,uncovered,960000.0,1.0,20.40650406504065,0.1,0.024436604400458722,1324262.3,0.0011833003174673174,0.0,False,-0.04202549087151208,CYTK,-1,2024-05-14,58.06,2024-05-21,60.5,1567,-0.04202549087151208,hold
2024-05-14,uncovered,114920.0,1.0,4.745762711864407,0.1,0.009291626674647483,1731703.85,0.0005462827838605313,-0.007336186700464822,True,0.006610547723842894,NVS,-1,2024-05-15,96.626347,2024-05-22,95.278725,946,0.013946734424307716,hold
2024-05-14,uncovered,293500.0,1.0,6.859504132231405,0.1,0.03991176753239601,1843948.25,0.010298553660603003,-0.07721711117306321,True,-0.10764307466190695,ANNX,1,2024-05-15,4.93,2024-05-22,4.78,18990,-0.030425963488843744,hold
2024-05-14,uncovered,50000.0,1.0,16.099290780141843,0.1,0.023811986840810418,673110.3,0.010649071927736063,0.0048865935831108155,True,-0.016141443800066674,EOLS,-1,2024-05-15,12.84,2024-05-22,13.11,7168,-0.02102803738317749,hold
2024-05-15,uncovered,131625.0,1.0,4.0071942446043165,0.1,0.04621840279356101,3069406.1,0.00321984112822347,0.003171391770197795,True,-0.07358536498655907,ARQT,-1,2024-05-16,9.25,2024-05-23,9.96,9883,-0.07675675675675686,hold
2024-05-15,uncovered,306200.0,0.7772697583278902,10.2172373081464,0.1,0.019551423034019088,2300989.35,0.001879191661621554,-0.020648883434666157,True,-0.019698764669820526,EXEL,-1,2024-05-16,21.05,2024-05-23,21.03,4324,0.0009501187648456311,hold
2024-05-16,uncovered,147800.0,1.0,3.682626538987688,0.1,0.05486842598002339,5445187.7,0.0015845183812488227,0.0,False,-0.04118773946360155,IOVA,-1,2024-05-17,10.44,2024-05-24,10.87,8628,-0.04118773946360155,hold
2024-05-20,uncovered,240000.0,0.689,10.1125,0.1,0.04789623462455568,3288568.95,0.0003983495617447826,-0.014203483461314625,True,0.03652330384215617,VKTX,-1,2024-05-21,67.42,2024-05-29,64.0,1310,0.0507267873034708,hold
2024-05-20,uncovered,16481364.0,0.7912501659450031,5.41044776119403,0.1,0.03651737214534791,3756319.35,0.00016691871525779616,6.449570022947287e-05,True,0.07556460325024027,MRNA,1,2024-05-21,139.47,2024-05-29,150.0,627,0.0755001075500108,hold
2024-05-22,uncovered,745000.0,0.7583892617449665,4.0,0.1,0.047697965675131855,1149478.35,0.00201569694635832,0.0,False,-0.053263707571801544,BHVN,1,2024-05-23,38.3,2024-05-31,36.26,2317,-0.053263707571801544,hold
2024-05-30,uncovered,227380.0,0.7314627495821973,4.83265306122449,0.1,0.0631004378745651,2689530.55,0.0035333303799058914,0.07588726930027159,True,-0.17085295136171438,HUMA,1,2024-05-31,9.97,2024-06-03,7.51,9503,-0.24674022066198598,stop
2024-05-28,uncovered,791770.0,0.7859984591484901,8.009272137227631,0.1,0.010612313560730943,6711011.4,0.00011145860965159439,0.0,False,0.018550817470264436,MRK,1,2024-05-29,116.68191999999999,2024-06-05,118.846465,748,0.018550817470264436,hold
2024-05-29,uncovered,142500.0,1.0,6.133047210300429,0.1,0.014463969421871416,1978349.95,0.0005782596754431642,-0.008435808771624706,True,0.051146582503810926,BMRN,1,2024-05-30,75.19,2024-06-06,79.67,1144,0.05958239127543563,hold
2024-05-30,uncovered,423100.0,1.0,90.53731343283582,0.1,0.04713536941375843,2558173.4,0.0006879908922514792,0.0,False,-0.0578680203045685,CYTK,-1,2024-05-31,49.25,2024-06-07,52.1,1760,-0.0578680203045685,hold
2024-05-31,uncovered,84600.0,1.0,3.639880952380953,0.1,0.0373646441256725,1160092.95,0.0024868696943637146,-0.008065717906485912,True,0.017091514797916596,CORT,1,2024-06-03,30.21,2024-06-10,30.97,2885,0.02515723270440251,hold
2024-06-03,uncovered,105000.0,1.0,3.8962490023942538,0.05,0.05783575060816686,1572695.6,0.0007611135937558418,-0.009581657548371798,True,-0.012178310750910788,BHVN,-1,2024-06-04,34.66,2024-06-11,34.75,1197,-0.00259665320253899,hold
2024-06-05,uncovered,244020.0,0.6581632653061225,3.17904993909866,0.05,0.03316065461181961,968526.75,0.00042745334602270924,0.007422213555208875,True,-0.03908714681920601,BNTX,1,2024-06-06,102.56,2024-06-13,97.79,414,-0.04650936037441489,hold
2024-06-05,uncovered,107570.0,1.0,115.02564102564102,0.05,0.0524915650862105,893286.75,0.004252833706533764,0.0,False,0.09042076991942705,CABA,1,2024-06-06,11.17,2024-06-13,12.18,3799,0.09042076991942705,hold
2024-06-14,uncovered,2107320.0,0.8888256173718277,3.371356147021546,0.05,0.01658055693839891,34185162.15,5.2127879112605e-05,-0.0009402012761267304,True,0.033668184607523834,PFE,1,2024-06-17,23.635601,2024-06-25,24.453590999999996,1782,0.03460838588365056,hold
2024-06-17,uncovered,145500.0,1.0,91.7741935483871,0.05,0.06566385658877161,1218102.6,0.0037033005265730487,-0.01590161821934386,True,-0.25288355233199,CABA,1,2024-06-18,9.41,2024-06-26,7.18,4511,-0.23698193411264612,hold
2024-06-18,uncovered,171700.0,0.7076295864880606,14.831758034026466,0.05,0.010287922509320181,7815848.55,4.5164641784160466e-05,-0.0030337143073057298,True,-0.03914329850142942,MRK,-1,2024-06-20,118.543154,2024-06-27,122.82369799999998,353,-0.03610958419412369,hold
2024-06-18,uncovered,216730.0,1.0,84.92592592592592,0.05,0.04532599361808818,1600518.7,0.004636621865149092,-0.07814531373661732,True,0.0063617285169036975,SANA,-1,2024-06-20,5.68,2024-06-27,5.2,7421,0.08450704225352101,hold
2024-06-18,uncovered,53000.0,1.0,3.5294117647058822,0.05,0.03618802739826067,1092942.8,0.00044650095137641234,-0.008475452487386712,True,0.026487129364811537,BNTX,-1,2024-06-20,85.52,2024-06-27,82.53,488,0.03496258185219825,hold
2024-06-18,uncovered,106227.0,1.0,8.102941176470589,0.05,0.01456011321519342,1601288.5,0.001220891800571852,0.0,False,-0.04804104477611926,EXEL,-1,2024-06-20,21.44,2024-06-27,22.47,1955,-0.04804104477611926,hold
2024-06-20,uncovered,58750.0,1.0,7.962264150943396,0.1,0.03637299332631194,3451412.75,0.0038178569051180566,0.0032519349069330423,True,-0.026598811361723873,IBRX,1,2024-06-21,6.700000000000001,2024-06-28,6.5,13177,-0.029850746268656914,hold
2024-06-20,uncovered,12769260.0,0.7928932451841375,3.466142420270861,0.1,0.01354775756737401,15429052.25,0.0001522452553752937,0.004352848546654155,True,-0.006553608762094352,BMY,-1,2024-06-21,36.657733,2024-06-28,37.057539,2349,-0.010906457308748507,hold
2024-06-21,uncovered,122010.0,1.0,13.283842794759826,0.05,0.020148344636424065,986709.2,0.0010236045229942115,0.009540933521923613,True,-0.08245906647807624,IONS,-1,2024-06-24,43.75,2024-07-01,47.775,1010,-0.09199999999999986,hold
2024-06-21,uncovered,83104.0,1.0,17.068493150684933,0.05,0.03625181856263376,1176387.55,0.0014085494189393622,-0.028647497794902742,True,-0.015955190102595072,ARWR,-1,2024-06-24,26.0,2024-07-01,25.67,1657,0.01269230769230767,hold
2024-07-01,uncovered,525300.0,1.0,69.58904109589041,0.05,0.03110075962683023,1263195.55,0.0007085205453739922,-0.003734444355653065,True,-0.012837175174898796,LEGN,-1,2024-07-02,46.14,2024-07-10,46.56,895,-0.00910273081924573,hold
2024-07-01,uncovered,370000.0,1.0,118.38888888888889,0.05,0.05458478100166469,737975.25,0.0026152638587811717,0.0,False,-0.06907894736842102,FDMT,-1,2024-07-02,21.28,2024-07-10,22.75,1930,-0.06907894736842102,hold
2024-07-02,uncovered,500545.0,0.7438691825909758,3.1207598371777476,0.05,0.04821323609333794,4637353.05,0.00017315912576464283,0.0,False,0.08768548853343616,VKTX,1,2024-07-03,51.89,2024-07-11,56.44,803,0.08768548853343616,hold
2024-07-03,covered_neutral,468000.0,1.0,5.56797583081571,0.05,0.019219399324089587,729406.95,0.0007060530476162861,0.023801946100724673,True,-0.044076992745956056,BNTX,-1,2024-07-05,80.29,2024-07-12,85.74,515,-0.06787893884668073,hold
2024-07-08,uncovered,1957600.0,0.8786268900694728,12.370689655172416,0.05,0.01915217318626724,919782.0,0.0005338221448125751,0.004347827145033109,True,0.006020667388789799,AXSM,-1,2024-07-09,83.69,2024-07-16,83.55,491,0.0016728402437566903,hold
2024-07-08,uncovered,320000.0,1.0,106.1,0.05,0.02520278770061487,743279.15,0.001342698769365453,0.060967050719514845,True,-0.09671030593743386,AGIO,-1,2024-07-09,41.15999999999999,2024-07-16,47.65,998,-0.1576773566569487,hold
2024-07-11,uncovered,162594.0,0.6919074504594266,5.990719257540603,0.05,0.03044781573465838,7596963.15,0.0006451262041464555,0.0,False,-0.029239766081871288,IOVA,1,2024-07-12,8.55,2024-07-19,8.3,4901,-0.029239766081871288,hold
2024-07-12,uncovered,97500.0,1.0,3.0988023952095807,0.05,0.07252059508313466,3599656.95,0.0016409897059773988,-0.019397652502680468,True,-0.0033976525026802318,HUMA,1,2024-07-15,7.5,2024-07-22,7.620000000000001,5907,0.016000000000000236,hold
2024-07-16,uncovered,158600.0,1.0,5.200953137410643,0.05,0.029683267099626365,10254032.45,0.0008127534256047727,0.0,False,-0.1344195519348269,GERN,1,2024-07-17,4.91,2024-07-24,4.25,8334,-0.1344195519348269,hold
2024-07-16,covered_opposite,1180926.0,0.7757725716937386,18.47619047619047,0.05,0.048419757302799654,8844691.7,0.00028593421746967167,-0.004193942855469169,True,0.022343094181567748,NVAX,-1,2024-07-17,16.2,2024-07-24,15.770100000000001,2529,0.026537037037036915,hold
2024-07-17,uncovered,18624120.0,0.6763659168862743,39.62530413625304,0.05,0.01474269347869033,2378280.7,9.965181990502634e-05,0.0022250547418111066,True,-0.00021181014934835594,ZTS,-1,2024-07-18,175.028169,2024-07-25,175.454689,237,-0.0024368648911594626,hold
2024-07-24,uncovered,132000.0,1.0,160.6,0.05,0.028271533587053574,312920.45,0.0024958419943471254,0.0,False,-0.08121923513820517,VCEL,1,2024-07-25,52.82,2024-08-01,48.53,781,-0.08121923513820517,hold
2024-07-24,uncovered,262500.0,1.0,8.585365853658537,0.05,0.025425268367495018,1087633.5,0.0009736735766230077,0.0002912488086497276,True,0.009085868570677839,BHVN,1,2024-07-25,38.66,2024-08-01,39.0,1059,0.00879461976202811,hold
2024-07-26,uncovered,1363060.0,0.8754273472921221,27.20930232558139,0.05,0.06185744374492372,2259716.0,0.0015816146807828948,-0.02041322974730921,True,0.16053915120507176,SMMT,-1,2024-07-29,11.55,2024-08-05,9.46,3574,0.18095238095238098,hold
2024-07-29,uncovered,79200.00000000001,1.0,100.8,0.05,0.012708773131311973,1202969.15,0.00023525125311817018,0.0,False,-0.029728063565997664,SRPT,1,2024-07-30,145.99,2024-08-06,141.65,283,-0.029728063565997664,hold
2024-07-29,uncovered,402160.0,1.0,3.785063752276867,0.05,0.014692872550268615,2450741.6,0.0003570347848993953,-0.0021766538549267567,True,0.02362732165666255,SNY,-1,2024-07-30,47.131846,2024-08-06,45.915657,875,0.025803975511589305,hold
2024-07-29,uncovered,56250.0,1.0,13.52317880794702,0.05,0.0753796500810459,906446.75,0.007809614850513833,-0.19991904093181276,True,0.3328540683118848,ALXO,-1,2024-07-30,5.95,2024-08-06,2.78,7079,0.5327731092436976,hold
2024-07-30,uncovered,992739.0,0.9465922060078228,6.302977232924693,0.05,0.015699545692129276,6198958.3,9.211225053732013e-05,-0.01402091698055586,True,0.029373604198065,GILD,-1,2024-07-31,73.128794,2024-08-07,69.955405,571,0.04339452117862086,hold
2024-07-31,covered_opposite,2211993.0,0.8431518544588522,24.744985673352435,0.05,0.02550440654776982,8839881.6,4.468385639916263e-05,-0.005335105733826902,True,-0.0035229546061433872,MRK,-1,2024-08-01,105.268814,2024-08-08,105.078051,395,0.0018121511276835145,hold
2024-08-01,uncovered,72800.0,1.0,4.4411764705882355,0.05,0.015361822463635159,1549792.5,0.0011053092591427561,-0.0024076283739566627,True,0.018082660315901476,PRGO,1,2024-08-02,23.701179,2024-08-09,24.186823,1713,0.020490288689858138,hold
2024-08-01,uncovered,154680.0,0.6702870442203258,4.582623509369676,0.05,0.030389291280461375,2643685.3,0.0008363325241472577,0.0,False,0.10575342465753423,TGTX,1,2024-08-02,18.25,2024-08-09,20.18,2211,0.10575342465753423,hold
2024-08-02,uncovered,1319300.0,1.0,8.15258855585831,0.05,0.021843493377124323,572152.45,0.0008913708225840859,-0.007859786631831048,True,0.048051382538645736,BNTX,1,2024-08-05,76.55,2024-08-12,80.83,510,0.05591116917047678,hold
2024-08-07,uncovered,63000.0,1.0,8.962962962962964,0.05,0.019448446504043843,7463370.55,0.0005446600798884359,0.003957003371229825,True,-0.033079985800764,VTRS,1,2024-08-08,10.832927,2024-08-15,10.431708,4065,-0.03703698917199383,hold
2024-08-09,uncovered,79040.0,1.0,6.4,0.05,0.027546668773016272,1320783.9,0.0005701159743088934,-0.025183991694312114,True,-0.031947964638420354,CYTK,-1,2024-08-12,56.18,2024-08-19,56.56,753,-0.006763972944108243,hold
2024-08-09,uncovered,331000.0,0.7552870090634441,9.416309012875535,0.05,0.06975012521750777,4093566.4,0.0006429601337357079,0.020802934245029367,True,-0.07810502207322352,ADMA,-1,2024-08-12,16.025,2024-08-19,17.61,2632,-0.09890795631825289,hold
2024-08-12,uncovered,893095.0,0.7124885930388145,3.846648301193756,0.033361754797611845,0.14987221236809517,1475226.5,0.0015482368300732126,-0.05474664710654203,True,0.13572954336964843,PCRX,1,2024-08-13,11.55,2024-08-20,13.75,2284,0.19047619047619047,hold
2024-08-12,uncovered,423000.0,0.6973995271867612,3.889862327909887,0.05,0.07042462680323702,7593636.5,0.0005494073886733977,0.0,False,0.07722385141739974,IOVA,1,2024-08-13,10.23,2024-08-20,11.02,4172,0.07722385141739974,hold
2024-08-12,uncovered,107500.0,1.0,12.633846153846154,0.05,0.031913778815098666,11404275.9,0.000780058293749277,0.0,False,0.06765327695560264,GERN,-1,2024-08-13,4.73,2024-08-20,4.41,8896,0.06765327695560264,hold
2024-08-14,covered_neutral,2125114.0,0.8654091027587226,5.2012847965738755,0.05,0.030980904183051574,17417247.35,5.506036520747923e-05,0.0,False,-0.01480731794134127,BMY,1,2024-08-15,44.466932,2024-08-22,43.808496,959,-0.01480731794134127,hold
2024-08-15,uncovered,330140.0,1.0,81.11392405063292,0.05,0.044908215608588375,2256227.45,0.0021908252202143892,0.04483457250878064,True,0.053040903106670305,ARQT,-1,2024-08-16,8.53,2024-08-23,8.46,4943,0.008206330597889666,hold
2024-08-16,uncovered,484884.0,0.7182418887816467,117.6734693877551,0.05,0.05194387803340183,559395.65,0.004819486887322059,-0.00319874519091258,True,0.14822081316870883,RCUS,1,2024-08-19,15.85,2024-08-26,18.25,2696,0.1514195583596214,hold
2024-08-16,uncovered,410815.0,1.0,242.0,0.05,0.022838434713045627,343732.15,0.002641591716108022,0.0,False,0.08155339805825235,VCEL,1,2024-08-19,46.35,2024-08-26,50.13,908,0.08155339805825235,hold
2024-08-16,uncovered,423700.0,1.0,95.88235294117646,0.05,0.02267865531354997,408746.6,0.0022312112198609115,-0.0006680672628837809,True,-0.01781216448510588,RYTM,-1,2024-08-19,46.08,2024-08-26,46.87,912,-0.0171440972222221,hold
2024-08-20,covered_opposite,550000.0,0.8181818181818182,67.48837209302326,0.05,0.028704721041027045,5562428.95,0.0005200965308509694,0.0,False,0.028590878148400334,ELAN,1,2024-08-21,14.69,2024-08-28,15.11,2893,0.028590878148400334,hold
2024-08-23,uncovered,55000.0,1.0,10.565957446808511,0.05,0.03640464375008699,1597293.9,0.003931023589334437,0.00017337202439504038,True,0.0016439602596890418,AUPH,-1,2024-08-26,6.8,2024-09-03,6.790000000000001,6279,0.0014705882352940014,hold
2024-08-26,covered_opposite,70000.0,1.0,11.432525951557093,0.1,0.012676701082039438,1675945.8,0.0009946622378838265,0.0,False,-0.02980837956223037,SNY,-1,2024-08-27,51.152529,2024-09-04,52.677302999999995,1667,-0.02980837956223037,hold
2024-08-27,uncovered,452470.0,0.7273189382721507,43.271523178807946,0.1,0.021102712216029072,975502.65,0.001816499422118433,0.0,False,-0.007285595337219064,IONS,1,2024-08-28,48.04,2024-09-05,47.69,1772,-0.007285595337219064,hold
2024-08-29,covered_neutral,125000.0,1.0,5.391743892165122,0.1,0.029969197603886777,5069260.8,0.001107656564049733,-0.007724598260599885,True,0.007220171070134524,ELAN,-1,2024-08-30,15.39,2024-09-09,15.159999999999998,5615,0.014944769330734409,hold
2024-09-03,covered_opposite,2398700.0,0.9456372201609204,9.20891364902507,0.05,0.0282696324508326,979897.5,0.0001704259884324636,-0.004482124859192507,True,0.008298436065425817,ALNY,1,2024-09-04,253.51,2024-09-11,256.75,167,0.012780560924618323,hold
2024-09-04,uncovered,58725.0,1.0,3.7060773480662985,0.05,0.05686976041087656,2447274.4,0.0016598057005785703,-0.019597505396751883,True,-0.021509551285853204,ARQT,-1,2024-09-05,10.46,2024-09-12,10.48,4062,-0.0019120458891013214,hold
2024-09-09,uncovered,964460.0,0.8960972979698484,5.176681614349776,0.05,0.018695472264657995,1601941.05,0.0003133698334280153,0.05115463807648195,True,-0.12024687707503319,BMRN,1,2024-09-10,84.48,2024-09-17,70.0,502,-0.17140151515151514,hold
2024-09-10,uncovered,449000.0,0.6659242761692651,17.696369636963695,0.05,0.035190051811273625,1573782.95,0.0006354116366554867,0.0,False,-0.022143698468786943,IONS,1,2024-09-11,42.45,2024-09-18,41.51,1000,-0.022143698468786943,hold
2024-09-12,covered_opposite,3079455.0,0.7193107221894783,3.1699846860643186,0.05,0.05452343398584046,3430751.2,0.00019558398755351305,0.0,False,-0.10177552314521243,VKTX,-1,2024-09-13,63.08,2024-09-20,69.5,671,-0.10177552314521243,hold
2024-09-17,uncovered,73005.0,1.0,8.828947368421053,0.05,0.033789048110577376,994921.3,0.0021006686659537795,-0.03544377990430622,True,-0.04694377990430629,ARWR,-1,2024-09-18,20.0,2024-09-25,20.23,2090,-0.011500000000000066,hold
2024-09-18,covered_neutral,119880.0,1.0,5.087378640776699,0.05,0.04017435821673921,2252561.2,0.0025055923008884284,-0.06433503332823799,True,0.014096339220781559,ALT,-1,2024-09-19,7.6499999999999995,2024-09-26,7.05,5644,0.07843137254901955,hold
2024-09-19,uncovered,1374485.0,0.7968184447265703,23.099378881987576,0.05,0.024548650274879756,777523.85,0.0013311488772981047,0.11095795895808787,True,-0.12452511492379996,BHVN,-1,2024-09-20,40.47,2024-09-26,50.0,1035,-0.23548307388188783,stop
2024-09-20,uncovered,335000.0,1.0,6.269789983844911,0.05,0.049747905816147756,5795391.6,0.0005554413268639172,-0.03040479054155536,True,-0.0457775807029696,NVAX,-1,2024-09-23,13.010000000000002,2024-09-30,13.21,3219,-0.01537279016141424,hold
2024-09-24,uncovered,130000.0,1.0,15.960104076322637,0.05,0.017326061899070218,9462968.95,0.00037208195637163116,0.0,False,-0.022355975924333804,ROIV,1,2024-09-25,11.63,2024-10-02,11.37,3521,-0.022355975924333804,hold
2024-09-24,covered_opposite,306000.0,1.0,12.498876404494382,0.05,0.010122059525670062,1663781.55,0.00047301882870380427,-0.008271923437806425,True,0.003052133138269955,SNY,-1,2024-09-25,52.096437,2024-10-02,51.506494,787,0.01132405657607638,hold
2024-09-24,uncovered,160000.0,1.0,3.3325443786982247,0.05,0.03101596939385398,1431905.95,0.004095241031717202,-0.0025239351328063897,True,0.024503091894220806,AUPH,1,2024-09-25,7.029999999999999,2024-10-02,7.220000000000001,5864,0.027027027027027195,hold
2024-09-26,uncovered,375000.0,1.0,20.24561403508772,0.05,0.009108379912449685,1085537.4,0.0003463722208004994,-0.0050189973531194615,True,0.020701698048628467,NVS,-1,2024-09-27,108.42739499999999,2024-10-04,105.63856699999998,376,0.02572069540174793,hold
2024-09-30,uncovered,50000.0,1.0,24.120481927710845,0.05,0.0479363694729413,989785.4,0.0022419001128931586,0.0006351143763361504,True,0.08782857486679943,RCKT,-1,2024-10-01,18.35,2024-10-08,16.75,2219,0.08719346049046328,hold
2024-10-01,uncovered,64260.0,1.0,3.018770226537217,0.05,0.04479215859840364,2532342.3,0.002589302401969908,0.0,False,0.004823151125401992,ALT,1,2024-10-02,6.22,2024-10-09,6.25,6557,0.004823151125401992,hold
2024-10-01,covered_opposite,5647010.0,0.6523549630689516,7.233806292412091,0.05,0.0114344792023574,10147950.5,3.774161097849265e-05,-0.009361159143447432,True,0.044239887771817366,MRK,-1,2024-10-02,107.30801600000001,2024-10-09,101.55619400000002,383,0.053601046915264794,hold
2024-10-02,covered_opposite,5156430.0,0.8503458788347752,3.2953249714937285,0.05,0.014400152527695819,12754264.9,6.66443739928908e-05,-0.018184801285780386,True,-0.013980883044895323,BMY,-1,2024-10-03,48.570878,2024-10-10,48.36669,850,0.004203918240885063,hold
2024-10-03,uncovered,12557794.0,0.7110885876930295,99.03030303030305,0.05,0.04679987381835069,267651.2,0.002327656292966368,-0.015687730868223358,True,-0.09067657181451091,PRAX,1,2024-10-04,67.21,2024-10-11,62.17000000000001,623,-0.07498884094628755,hold
2024-10-03,uncovered,853740.0,1.0,8.201492537313433,0.05,0.009420649424548256,1895808.55,0.0001176279113204759,0.0,False,-0.004083983015429782,ZTS,1,2024-10-04,185.138625,2024-10-11,184.38252199999997,223,-0.004083983015429782,hold
2024-10-04,uncovered,210000.0,1.0,109.2,0.05,0.028348432554583452,598868.1,0.0016748262263426622,0.0,False,0.029640427599611385,AGIO,1,2024-10-07,41.16,2024-10-14,42.38,1003,0.029640427599611385,hold
2024-10-08,covered_opposite,196755.0,1.0,3.6394984326018807,0.05,0.016256943087589775,1708847.35,0.0009462518697179124,0.032133941475683686,True,-0.09912344914315732,EXEL,-1,2024-10-09,25.37,2024-10-16,28.7,1617,-0.131257390618841,hold
2024-10-14,uncovered,280756.0,1.0,9.8141592920354,0.05,0.009283895375036108,1777277.9,0.00012322214775753416,-0.0054901351709547835,True,0.014636765702644246,ZTS,-1,2024-10-15,186.389103,2024-10-22,182.63766799999996,219,0.02012690087359903,hold
2024-10-15,covered_opposite,749850.0,0.6812695872507835,22.354098360655737,0.05,0.010167077627581232,4933527.75,7.398357088393797e-05,-0.005359678042819048,True,0.010316957716289222,ABT,-1,2024-10-16,113.70239299999999,2024-10-23,111.919922,365,0.01567663575910827,hold
2024-10-16,uncovered,204120.0,1.0,29.55072463768116,0.05,0.04210795083472418,1090359.75,0.0020662905064131355,-0.032563228663734844,True,-0.009514075650682963,RCKT,-1,2024-10-17,18.005,2024-10-24,17.59,2253,0.023049153013051882,hold
2024-10-17,covered_opposite,11439110.0,0.8211110829426416,7.412115193644489,0.05,0.0075818351401226525,4804463.0,4.766401572870891e-05,-0.0037437330785515077,True,-0.007500942793177406,ABBV,-1,2024-10-18,178.368537,2024-10-25,179.038705,229,-0.0037572097146258976,hold
2024-10-18,uncovered,356035.0,1.0,17.46611909650924,0.05,0.013465761850990899,1187638.5,0.0008074847691448197,-0.004459837484190667,True,0.00867336894426339,QGEN,-1,2024-10-21,42.11028,2024-10-28,41.557237,959,0.013133206428454058,hold
2024-10-18,uncovered,106947.0,1.0,13.684408265497808,0.05,0.03558656705453274,4392238.05,0.0009059162902156453,0.0,False,0.06896551724137923,IOVA,1,2024-10-21,10.15,2024-10-28,10.85,3979,0.06896551724137923,hold
2024-10-23,uncovered,552000.0,1.0,6.343703703703704,0.05,0.027800222518973714,1666891.8,0.0009952655595282188,-0.0022837012799594766,True,-0.033228326687125505,BBIO,1,2024-10-24,24.560000000000002,2024-10-31,23.800000000000004,1659,-0.030944625407166026,hold
2024-10-29,uncovered,1171420.0,0.7517457444810571,18.50498338870432,0.05,0.017911362786025422,5673836.05,0.0002037422283289275,0.0,False,-0.015616423473122643,GSK,1,2024-10-30,33.705733,2024-11-06,33.17937,1156,-0.015616423473122643,hold
2024-10-30,uncovered,350547.0,0.7446505033561833,57.111111111111114,0.05,0.028230637743001354,637589.25,0.0011418009321832198,-0.04598092643051771,True,-0.06160308810172549,JANX,-1,2024-10-31,55.050000000000004,2024-11-07,55.91,728,-0.01562216167120778,hold
2024-10-30,covered_opposite,161054.0,1.0,13.439306358381502,0.05,0.010431186253956068,5058355.35,7.29486116470643e-05,0.0,False,-0.03451614836802985,ABT,-1,2024-10-31,109.424463,2024-11-07,113.201374,369,-0.03451614836802985,hold
2024-10-31,uncovered,3278000.0,0.9188529591214155,11.226415094339623,0.05,0.030897277954500982,1724189.0,0.0025774436561189057,0.0,False,0.009667024704618665,BHC,1,2024-11-01,9.31,2024-11-08,9.4,4444,0.009667024704618665,hold
2024-11-04,covered_neutral,2864015.0,0.8576124775882807,14.095490716180372,0.05,0.009884872731673464,1721157.45,7.901659432726506e-05,-0.02127196027760522,True,-0.03212089895573042,AMGN,-1,2024-11-05,297.673173,2024-11-12,300.902611,136,-0.010848938678125197,hold
2024-11-07,covered_neutral,3456000.0,1.0,5.788888888888889,0.05,0.014040005987035056,1183020.7,0.0003406533799450847,-0.00839935081964227,True,0.02625967871582391,NVS,-1,2024-11-08,99.770797,2024-11-15,96.312838,403,0.03465902953546618,hold
2024-11-07,covered_opposite,70650.0,1.0,27.900937081659972,0.05,0.038757436336248154,2070833.65,0.0018765389484568208,-0.048529988630112944,True,0.011641931140660797,ARQT,-1,2024-11-08,10.47,2024-11-15,9.84,3886,0.06017191977077374,hold
2024-11-07,uncovered,775530.0,0.8033215994223305,11.09572301425662,0.05,0.0447631130388361,4106894.75,0.000498917095452714,-0.07095641372124754,True,-0.04542654859600663,ADMA,-1,2024-11-08,20.76,2024-11-15,20.23,2049,0.025529865125240914,hold
2024-11-13,uncovered,5466247.0,0.6666989252406633,15.21074964639321,0.05,0.04923557635940812,3800096.0,0.0003068343536584339,-0.00722475880609632,True,-0.15994682184334544,TGTX,1,2024-11-14,34.9,2024-11-18,29.570000000000004,1166,-0.1527220630372491,stop
2024-11-11,uncovered,95000.0,1.0,5.68321513002364,0.05,0.05051206835823262,6893576.55,0.0005455803635052112,-0.04775233761944789,True,0.16262230215000448,IOVA,-1,2024-11-12,10.41,2024-11-19,8.22,3761,0.21037463976945237,hold
2024-11-11,covered_neutral,7574500.0,0.8852069443527626,6.869622766379881,0.05,0.011693652415735377,9815427.95,4.319730144827766e-05,0.0,False,-0.03999603304745647,MRK,1,2024-11-12,94.38983599999999,2024-11-19,90.614617,424,-0.03999603304745647,hold
2024-11-11,uncovered,1686160.0,0.9179793139441097,10.108695652173912,0.05,0.05287794309111441,6514932.85,0.00068227871297246,-0.0014098051408170228,True,-0.032465705761935096,NVAX,1,2024-11-12,8.05,2024-11-19,7.8,4445,-0.03105590062111807,hold
2024-11-12,covered_opposite,1456723.0,0.8394725695962788,7.526881720430108,0.05,0.06478190425875409,1319354.8,0.0026937409103298064,-0.19454685205265113,True,-0.0473343084986442,NMRA,-1,2024-11-13,11.479999999999999,2024-11-20,9.79,3554,0.14721254355400692,hold
2024-11-12,uncovered,645000.0,1.0,254.140350877193,0.05,0.03171339025652982,1067117.1,0.0014122161475999212,-0.012707777782357283,True,0.00957939795750377,SRRK,1,2024-11-13,27.37,2024-11-20,27.98,1507,0.022287175739861054,hold
2024-11-14,uncovered,615746801.0,0.7658382020566925,4.858056777289084,0.05,0.029518948856051934,7492692.9,0.00013386375411168926,-0.04997743475151719,True,-0.05283087184619941,MRNA,1,2024-11-15,38.55,2024-11-22,38.44,1003,-0.0028534370946822207,hold
2024-11-15,uncovered,251910.0,0.6634512325830654,178.51612903225808,0.05,0.029501031037441446,1072545.4,0.0005500932641173045,0.0,False,-0.07184293166234768,TECH,-1,2024-11-18,66.563027,2024-11-25,71.34511,590,-0.07184293166234768,hold
2024-11-18,uncovered,129130.0,1.0,14.43298969072165,0.05,0.041952627498607814,1359081.05,0.002256671888700089,0.023813434762440102,True,-0.16230643905459477,WVE,-1,2024-11-19,12.68,2024-11-26,15.040000000000001,3067,-0.18611987381703488,hold
2024-11-19,uncovered,3131969.0,0.9573051329690684,3.988304093567251,0.05,0.018071313196155098,2913612.65,7.893980004514328e-05,-0.0006873522218403641,True,-0.007205887961195156,ZTS,1,2024-11-20,171.420246,2024-11-27,170.302837,230,-0.006518535739354792,hold
2024-11-19,uncovered,445200.0,1.0,5.661327231121281,0.05,0.03336216282393033,1747339.0,0.000996372197953574,-0.0930937801185759,True,0.09022468553708866,BBIO,1,2024-11-20,22.42,2024-11-27,26.53,1741,0.18331846565566456,hold
2024-11-20,uncovered,1385000.0,1.0,17.3915857605178,0.05,0.09517771875575931,10737480.45,0.0007468232456711947,-0.017557079939217683,True,0.0089194984721877,IBRX,1,2024-11-21,4.91,2024-11-29,5.04,8019,0.026476578411405383,hold
2024-11-26,uncovered,280000.0,1.0,23.235294117647054,0.05,0.04586183700634708,1463508.7,0.0012606689662999612,0.03471853636730378,True,-0.13425777118745702,ARWR,-1,2024-11-27,22.37,2024-11-29,26.15,1845,-0.16897630755476079,stop
2024-11-22,uncovered,75060.0,1.0,4.398183194549584,0.05,0.02730251016582258,3264485.15,0.0008080906724296173,0.0,False,0.00710138236115565,OGN,1,2024-11-25,15.020314999999998,2024-12-03,15.12698,2638,0.00710138236115565,hold
2024-12-03,uncovered,104640.0,1.0,13.44578313253012,0.05,0.07367772774764864,2442800.1,0.0009505485119310417,0.0,False,-0.10416666666666674,SNDX,1,2024-12-04,16.8,2024-12-11,15.049999999999999,2322,-0.10416666666666674,hold
2024-12-04,uncovered,392700.0,1.0,35.55102040816327,0.05,0.040453856045303965,679149.7,0.0029772522906216406,0.029469271314404015,True,-0.008793396731097365,PCRX,-1,2024-12-05,19.34,2024-12-12,20.08,2022,-0.03826266804550138,hold
2024-12-05,uncovered,96000.0,1.0,22.071428571428573,0.05,0.030827317299168832,644670.5,0.0010392906143526033,-0.006786044992946735,True,0.0427781320708032,RYTM,-1,2024-12-06,58.51,2024-12-13,55.60999999999999,670,0.04956417706374994,hold
2024-12-06,uncovered,828240.0,0.8095238095238095,23.28491620111732,0.05,0.025045617169791853,627285.2,0.0018906870431503885,-0.04821843615827115,True,0.09150090490335183,EWTX,-1,2024-12-09,32.78,2024-12-16,28.2,1186,0.13971934106162298,hold
2024-12-06,uncovered,202500.0,1.0,31.161290322580644,0.05,0.050260307153953035,860100.4,0.0013475171038171822,-0.05548663855436329,True,0.07099223468507335,GPCR,-1,2024-12-09,35.5,2024-12-16,31.01,1159,0.12647887323943663,hold
2024-12-11,uncovered,105000.0,1.0,100.0,0.05,0.03932645635925396,560117.65,0.0048293425497304004,0.0,False,0.006414825374198241,PLRX,-1,2024-12-12,14.030000000000001,2024-12-19,13.94,2705,0.006414825374198241,hold
2024-12-12,uncovered,1476000.0,1.0,275.6363636363636,0.05,0.056145125462036954,580792.8,0.0018164825734754285,0.0,False,0.07248358862144433,HROW,-1,2024-12-13,36.56,2024-12-20,33.91,1055,0.07248358862144433,hold
2024-12-16,uncovered,560000.0,1.0,70.89344262295081,0.05,0.04952668602924677,1443312.0,0.0012305031760284678,0.018967345923842967,True,-0.09779776084580716,VRDN,1,2024-12-17,22.01,2024-12-24,19.44,1776,-0.11676510676965013,hold
2024-12-17,uncovered,92040.0,1.0,83.24458204334366,0.05,0.04667006016822319,989908.65,0.0026881268286725246,-0.07142369764084307,True,0.01660931473879916,WVE,-1,2024-12-18,14.539999999999997,2024-12-26,13.26,2661,0.08803301237964223,hold
2024-12-18,uncovered,111985.0,1.0,32.01606425702811,0.05,0.019860684614090653,3004796.7,0.0021635407147511843,0.0,False,0.0904761904761906,MNKD,1,2024-12-19,6.299999999999999,2024-12-27,6.87,6501,0.0904761904761906,hold
2024-12-19,uncovered,170000.0,1.0,12.905263157894735,0.05,0.03200431094441248,2070121.85,0.0004279941299107586,0.0,False,0.021172638436482094,RVMD,1,2024-12-20,42.98,2024-12-30,43.89,886,0.021172638436482094,hold
2024-12-20,uncovered,200000.0,1.0,23.63302752293578,0.05,0.04191611160047347,932987.65,0.002175805864096915,-0.012521816360463076,True,-0.01723879749253849,PCRX,1,2024-12-23,19.08,2024-12-31,18.99,2030,-0.004716981132075415,hold
2024-12-20,uncovered,142500.0,1.0,3.709251101321586,0.05,0.04522429031831326,2701799.05,0.0005381599345813672,-0.01151981642648704,True,0.016517566751082943,BBIO,1,2024-12-23,26.75,2024-12-31,27.5,1454,0.028037383177569986,hold
2024-12-20,uncovered,61640.0,1.0,10.273615635179151,0.05,0.02171281573457606,1230056.35,0.0006406210577263391,-0.014948608963653675,True,0.019211618771197717,CYTK,-1,2024-12-23,49.17999999999999,2024-12-31,47.5,788,0.03416022773485139,hold
2024-12-23,uncovered,244000.0,1.0,3.2547169811320753,0.05,0.028623658220560337,751572.7,0.0004550457992952645,-0.0050187414458131175,True,-0.023901720169217502,BNTX,-1,2024-12-24,112.8,2025-01-02,114.93000000000002,342,-0.018882978723404387,hold
2024-12-30,uncovered,463600.0,1.0,17.86837294332724,0.05,0.053505130837787324,1760833.5,0.0011216279108728906,-0.005929516099925237,True,0.04295032096728465,VRDN,1,2024-12-31,19.64,2025-01-08,20.6,1975,0.048879837067209886,hold
2025-01-06,uncovered,649524.0,0.6846244326614567,10.489583333333334,0.05,0.00856404802175777,1049939.2,0.0004009755993489909,-0.0045280292903729065,True,-0.01141062140371665,NVS,-1,2025-01-07,92.461821,2025-01-15,93.098198,421,-0.006882592113343744,hold
2025-01-06,uncovered,100650.0,1.0,3.0444444444444443,0.05,0.025861240411270168,869842.2,0.0008277363411432557,0.0,False,0.12546330615270573,JANX,-1,2025-01-07,53.959999999999994,2025-01-15,47.18999999999999,720,0.12546330615270573,hold
2025-01-06,uncovered,140000.0,1.0,72.03448275862068,0.05,0.01503392754178075,1001130.4,0.00028068271625754246,0.002782560029641779,True,0.022749161351067693,NBIX,1,2025-01-07,137.73,2025-01-15,140.48,281,0.019966601321425914,hold
2025-01-06,uncovered,418000.0,1.0,114.05882352941175,0.05,0.017930201628523282,408058.55,0.0021908620711415068,0.0,False,-0.025527964724993968,MIRM,-1,2025-01-07,43.09000000000001,2025-01-15,44.19,894,-0.025527964724993968,hold
2025-01-06,uncovered,193175.0,1.0,20.15025041736227,0.05,0.029408792565661687,2311410.2,0.0008708969096009007,-0.03695883204079926,True,0.08466278958082235,ADMA,-1,2025-01-07,19.24,2025-01-15,16.9,2013,0.1216216216216216,hold
2025-01-06,uncovered,1480820.0,0.9167825934279656,7.639645345155161,0.05,0.03723712967358029,3618023.65,0.0010909270866706468,-0.1113813302641915,True,0.009221684811185349,NVAX,-1,2025-01-07,9.95,2025-01-15,8.75,3947,0.12060301507537685,hold
2025-01-13,uncovered,702000.0,1.0,10.90952762209768,0.05,0.020974399384490087,1353977.6,0.0036950389725797527,-0.01960607075245298,True,-0.041262121707866764,AUPH,1,2025-01-14,7.849999999999999,2025-01-22,7.680000000000001,5003,-0.021656050955413786,hold
2025-01-13,uncovered,121040.0,1.0,63.41573033707865,0.05,0.030844512541034593,15160629.75,0.0008605183435734258,-0.015864262925751434,True,-0.02747288647467355,GERN,1,2025-01-14,3.015,2025-01-22,2.98,13046,-0.011608623548922115,hold
2025-01-15,uncovered,73500.0,1.0,148.0,0.05,0.0515690808519724,1878885.7,0.001960736621711475,0.0573739281668391,True,-0.07740458267199198,KROS,-1,2025-01-16,10.61,2025-01-24,12.039999999999997,3684,-0.13477851083883108,hold
2025-01-17,covered_opposite,3096000.0,0.75,118.0,0.05,0.027258264638217636,292275.0,0.0008861517406552049,-0.001893130702829947,True,-0.06425497677423456,KRYS,-1,2025-01-21,149.29,2025-01-28,158.6,259,-0.0623618460714046,hold
2025-01-17,uncovered,129618.0,1.0,155.8,0.05,0.034705993540338216,835236.65,0.0024077008593911676,-0.003584814928808136,True,-0.030361333981331232,NRIX,-1,2025-01-21,19.42,2025-01-28,19.94,2011,-0.026776519052523096,hold
2025-01-17,uncovered,362500.0,1.0,6.931868131868132,0.05,0.026988402757522012,580783.8,0.0012155986444525484,0.004204506824620138,True,-0.025250038629925482,RYTM,-1,2025-01-21,55.0,2025-01-28,56.620000000000005,706,-0.029454545454545622,hold
2025-01-17,uncovered,52924.0,1.0,20.431192660550455,0.05,0.03712509956462178,1065568.2,0.0008371120684720134,-0.03366734497362082,True,-0.01837895025506623,SRRK,-1,2025-01-21,43.17,2025-01-28,42.51,892,0.015288394718554588,hold
2025-01-21,uncovered,323100.0,1.0,95.66666666666669,0.05,0.01772268618762941,763329.8,0.0004296963121314011,0.0,False,-0.002051282051282133,SRPT,-1,2025-01-22,117.0,2025-01-29,117.24000000000001,328,-0.002051282051282133,hold
2025-01-22,uncovered,186990.0,1.0,11.337962962962964,0.05,0.030412396553654228,2335156.3,0.0011609501256939418,0.0,False,-0.030346820809248554,SNDX,-1,2025-01-23,13.84,2025-01-30,14.26,2711,-0.030346820809248554,hold
2025-01-23,uncovered,420000.0,1.0,7.005604483586869,0.05,0.016966429320123436,2685654.95,0.0008895409292992013,0.0035979013652084474,True,-0.025113108188244845,OGN,1,2025-01-24,15.873632,2025-01-31,15.417883999999999,2389,-0.028711009553453293,hold
2025-01-24,covered_opposite,320000.0,1.0,102.5,0.05,0.027017279409481804,411342.4,0.0016045027208476442,0.0,False,0.0539518900343644,IRON,-1,2025-01-27,58.2,2025-02-03,55.059999999999995,660,0.0539518900343644,hold
2025-01-28,uncovered,271000.0,1.0,43.08108108108108,0.05,0.04106254575219386,1216972.15,0.0014782589724834706,0.0,False,0.0042918454935623185,TVTX,1,2025-01-29,20.97,2025-02-05,21.06,1799,0.0042918454935623185,hold
2025-02-03,uncovered,322500.0,1.0,7.660777385159011,0.05,0.04343614065836841,1224946.45,0.00036654663556925286,0.0,False,-0.004993460944001882,PCVX,-1,2025-02-04,84.11,2025-02-11,84.53,449,-0.004993460944001882,hold
2025-02-04,covered_opposite,5375036.0,0.797471496004864,4.76268951878708,0.05,0.013178930364526465,38517899.85,4.242183520813116e-05,-0.02909245985409382,True,-0.010788023518582334,PFE,-1,2025-02-05,23.391761,2025-02-12,22.963587999999998,1634,0.018304436335511487,hold
2025-02-05,uncovered,406120.0,1.0,324.54237288135596,0.05,0.016614376584620377,1291436.15,0.0006814119304310942,0.0,False,-0.04939444221150102,QGEN,1,2025-02-06,41.586865,2025-02-13,39.53270500000001,880,-0.04939444221150102,hold
2025-02-05,uncovered,679000.0,1.0,6.464622641509434,0.05,0.07121150039763653,6689733.25,0.00178512349502127,-0.049492508059789005,True,-0.030742508059789182,IBRX,1,2025-02-06,3.2,2025-02-13,3.26,11942,0.018749999999999822,hold
2025-02-11,uncovered,167500.0,1.0,224.91666666666663,0.05,0.07341280743542052,1308299.05,0.002938930514395772,0.0,False,0.16156282998944038,ORIC,-1,2025-02-12,9.47,2025-02-20,7.94,3845,0.16156282998944038,hold
2025-02-13,uncovered,58890.0,1.0,15.30048465266559,0.05,0.03267569229370695,2699930.9,0.0008870597391955476,-0.01122806976505593,True,-0.04645277607994254,OGN,1,2025-02-14,15.650606000000002,2025-02-24,15.099317999999998,2395,-0.03522470631488661,hold
2025-02-13,uncovered,74975.0,1.0,9.882869692532942,0.05,0.011969802780959321,9657198.05,0.00039090013277712573,0.0,False,0.03400726371426943,VTRS,1,2025-02-14,10.115486,2025-02-24,10.459486,3775,0.03400726371426943,hold
2025-02-14,uncovered,7230000.0,1.0,191.3968253968254,0.05,0.0475814496798888,1569571.25,0.0002102484993911554,-0.0012560661386952464,True,-0.032381087874045505,NBIX,-1,2025-02-18,115.02,2025-02-25,118.6,330,-0.031125021735350256,hold
2025-02-14,uncovered,232200.0,1.0,4.641929499072356,0.05,0.04318212452079297,2394850.95,0.00045430802280200356,-0.008483547794117646,True,-0.03191211922268911,BBIO,1,2025-02-18,35.0,2025-02-25,34.18,1088,-0.023428571428571465,hold
2025-02-19,uncovered,56250.0,1.0,21.189655172413794,0.05,0.04776834342032112,2070768.25,0.0008504090209032324,0.058635681399340084,True,-0.07937547101701678,SMMT,1,2025-02-20,21.52,2025-02-26,18.55,1761,-0.13801115241635686,stop
2025-02-19,uncovered,1250000.0,0.96,140.1952861952862,0.05,0.014023075645112739,1179010.25,0.001471573296330545,0.0,False,-0.000809375201714424,PRGO,1,2025-02-20,21.84401,2025-02-27,21.82633,1735,-0.000809375201714424,hold
2025-02-19,uncovered,289095.0,0.7783600546533147,11.824324324324325,0.05,0.020893171133003704,7564014.9,4.878361622476444e-05,1.1840395426240698e-05,True,0.023671150876141474,GILD,1,2025-02-20,102.995901,2025-02-27,105.43271300000002,369,0.023659310480715234,hold
2025-02-20,uncovered,562825.0,1.0,128.5,0.05,0.017080905393864216,1780680.15,0.0002577666741553782,0.0012575082918162134,True,0.061285924109954884,INSM,-1,2025-02-21,84.46,2025-02-28,79.39,459,0.06002841581813867,hold
2025-02-20,uncovered,178125.0,1.0,27.463414634146343,0.05,0.02920553680133359,764520.8,0.004431534106070102,0.0,False,-0.10708117443868737,WVE,1,2025-02-21,11.58,2025-02-28,10.34,3388,-0.10708117443868737,hold
2025-02-20,uncovered,66290.0,1.0,10.704453441295549,0.05,0.028144813072426358,2588314.75,0.0009276306137033759,0.027577960139475086,True,-0.03719687021215959,SNDX,1,2025-02-21,16.21,2025-02-28,15.160000000000002,2401,-0.06477483035163467,hold
2025-02-25,uncovered,247200.0,1.0,17.914893617021278,0.05,0.017271725225660957,1438166.45,0.00037269677651011814,0.0004628200163278977,True,0.012103773733017948,BMRN,-1,2025-02-26,71.3,2025-03-05,70.47,536,0.01164095371669005,hold
2025-02-26,uncovered,75000.0,1.0,5.024271844660194,0.05,0.024703951229731083,1049226.05,0.0033234020447738596,-0.01866175589478067,True,0.031429318786457744,KROS,1,2025-02-27,10.98,2025-03-06,11.53,3487,0.05009107468123841,hold
2025-03-04,uncovered,258085.0,0.8025456729372106,10.08449138410228,0.05,0.0551611772436454,1317627.75,0.002118959622700721,-0.0030796623446228814,True,0.06670451031724765,CAPR,-1,2025-03-05,13.9,2025-03-12,12.93,2792,0.06978417266187054,hold
2025-03-06,uncovered,662500.0,1.0,22.065934065934066,0.05,0.022821300344166892,1157270.55,0.0004415562117259443,0.0,False,-0.0020253848231164273,PCVX,1,2025-03-07,74.06,2025-03-14,73.91,511,-0.0020253848231164273,hold
2025-03-14,uncovered,52400.0,1.0,7.647058823529412,0.05,0.06958881224018193,946080.45,0.0028507089434096225,0.0,False,-0.03309859154929595,QURE,1,2025-03-17,14.200000000000001,2025-03-24,13.729999999999999,2697,-0.03309859154929595,hold
2025-03-17,covered_opposite,4572874.0,0.6976170784500075,137.6266666666667,0.05,0.013878217906515715,5678786.45,0.00017767880671054286,0.0,False,-0.023614204462024002,GSK,1,2025-03-18,37.980657,2025-03-25,37.083774,1009,-0.023614204462024002,hold
2025-03-18,uncovered,155000.0,1.0,4.06963249516441,0.05,0.09048978725568378,1511822.85,0.00046367866446786406,0.00650714118228059,True,-0.05520084779843569,PTGX,1,2025-03-19,54.45,2025-03-26,51.09,701,-0.06170798898071628,hold
2025-03-20,uncovered,1906760.0,1.0,6.771362586605081,0.05,0.012574712888668314,1377249.0,0.000430568473819912,-0.004279107402318296,True,-0.004823303935008962,HALO,-1,2025-03-21,64.315,2025-03-28,64.35,593,-0.0005441965326906661,hold
2025-03-20,uncovered,479375.0,1.0,20.872180451127814,0.05,0.024688367818227214,732745.4,0.0002047095757953581,0.00038535380541338796,True,0.03357609553637365,ALNY,1,2025-03-21,261.82,2025-03-28,270.51,150,0.03319074173096026,hold
2025-03-24,covered_opposite,60800.0,1.0,10.025316455696204,0.05,0.05026074717171192,4287768.4,0.00030388768199327183,0.0,False,-0.18163334462893932,VKTX,1,2025-03-25,29.509999999999998,2025-04-01,24.15,1303,-0.18163334462893932,hold
2025-03-25,uncovered,52320.00000000001,1.0,51.291666666666664,0.05,0.008797478573069424,3749121.85,0.0003099392461730738,-0.002221054675015377,True,-0.07478000606390539,RPRX,1,2025-03-26,32.437955,2025-04-02,30.084291,1162,-0.07255895138889001,hold
2025-03-26,uncovered,353740.0,1.0,18.441292356185972,0.05,0.03398057004851425,3766304.7,0.001993465903064083,0.03435202583116111,True,-0.019325906574405617,ARDX,1,2025-03-27,5.030000000000001,2025-04-03,4.760000000000001,7508,-0.05367793240556673,hold
2025-03-27,uncovered,315000.0,0.8412698412698413,3.968503937007874,0.05,0.08959074390907239,1663246.5,0.00046114631835990637,0.030675301613003962,True,-0.0578632065737757,PTGX,1,2025-03-28,49.47,2025-04-04,45.09000000000001,767,-0.08853850818677966,hold
2025-04-04,covered_opposite,505000.0,1.0,10.069651741293532,0.05,0.015581807008832677,2578121.5,0.0003126307274501997,-0.005943008914738679,True,-0.03084836231968905,SNY,-1,2025-04-07,45.55261600000001,2025-04-14,46.68712,806,-0.02490535340495037,hold
2025-04-04,covered_neutral,11486527.0,0.7194258107781404,3.01953556948028,0.05,0.037943313546036174,9638059.0,0.00015718932619109303,-0.010664821940709354,True,-0.13106407334432743,MRNA,-1,2025-04-07,24.045,2025-04-14,26.939999999999998,1515,-0.12039925140361807,hold
2025-04-07,uncovered,1337520.0,0.9510138166158263,29.254545454545458,0.05,0.02352581103209345,1760434.0,0.00031980750201370797,-0.002501115843348808,True,-0.013949312752335826,INSM,-1,2025-04-08,69.88,2025-04-15,70.68,563,-0.011448196908987018,hold
2025-04-08,uncovered,50399.99999999999,1.0,7.548223350253807,0.05,0.017308398661846504,2464458.05,0.00010955755566624477,-0.005902802808091979,True,-0.061692539731880505,ZTS,-1,2025-04-09,137.569299,2025-04-16,145.244254,270,-0.055789736923788524,hold
2025-04-08,covered_neutral,255000.0,1.0,13.234567901234568,0.05,0.05710074993552712,1322017.45,0.0017412780746577892,0.0,False,0.12299134734239825,BHVN,1,2025-04-09,16.18,2025-04-16,18.17,2302,0.12299134734239825,hold
2025-04-10,uncovered,254000.0,1.0,4.838582677165355,0.05,0.022239132048780506,1374195.8,0.0006789425495260573,0.0,False,0.12043795620437936,PTGX,1,2025-04-11,41.1,2025-04-21,46.05,933,0.12043795620437936,hold
2025-04-15,uncovered,59850.0,1.0,118.8,0.05,0.04295148286583879,2136543.2,0.00035571478264516247,-0.009042673871465698,True,0.007158779681408581,TECH,-1,2025-04-16,50.782604,2025-04-24,49.95985199999999,760,0.01620145355287428,hold
2025-04-17,uncovered,396564.0,1.0,7.286230015471893,0.05,0.07220142575996424,6032252.1,0.0010687550674481924,0.04476356717622937,True,-0.22255847475199536,NVAX,-1,2025-04-21,5.9101,2025-04-24,7.49,6447,-0.26732204192822473,stop
2025-04-16,uncovered,99000.0,1.0,200.0,0.05,0.06233730652258584,601845.45,0.0015585396549894995,0.0,False,-0.11900097943192955,IRON,-1,2025-04-17,40.84,2025-04-25,45.7,938,-0.11900097943192955,hold
2025-04-16,uncovered,132300.0,1.0,142.44444444444446,0.05,0.0552881409246534,1620984.65,0.000797663321487961,-0.0009667832781170068,True,0.14798379221274277,SRRK,1,2025-04-17,29.54,2025-04-25,33.94,1293,0.14895057549085977,hold
2025-04-16,covered_opposite,1109354.0,0.8663780903120194,10.429292929292927,0.05,0.019727151295098482,8018448.5,3.791257124118213e-05,-0.006092376575864197,True,0.0023831756130098837,ABT,-1,2025-04-17,126.860171,2025-04-25,125.78496100000001,304,0.00847555218887408,hold
2025-04-17,uncovered,152750.0,1.0,15.735632183908049,0.05,0.030792759337352513,1787198.8,0.0014693384977653298,0.0,False,-0.015089163237311354,ACAD,-1,2025-04-21,14.58,2025-04-28,14.8,2626,-0.015089163237311354,hold
2025-04-22,uncovered,930176.0,1.0,343.8095238095238,0.05,0.0378576459740589,1488283.95,0.004261955522667567,0.01710786968174433,True,0.01066664584921612,TRVI,-1,2025-04-23,6.21,2025-04-30,6.25,6343,-0.006441223832528209,hold
2025-04-22,uncovered,133190.0,1.0,45.64071856287425,0.05,0.055094357923743814,1962278.3,0.0015186428958624267,-0.03547997888545359,True,-0.034730915215041645,SNDX,1,2025-04-23,13.35,2025-04-30,13.359999999999998,2980,0.0007490636704119424,hold
2025-04-22,uncovered,2125000.0,1.0,45.56545961002786,0.05,0.07013813372324362,1774865.8,0.0010254296409339793,-0.028663736263736275,True,0.02333626373626377,BHVN,-1,2025-04-23,22.5,2025-04-30,21.33,1820,0.052000000000000046,hold
2025-04-25,uncovered,56280.00000000001,1.0,7.416563658838072,0.05,0.08587346498536391,7466548.9,0.0007710389467883884,-0.048495113801948805,True,0.03184921905314443,NVAX,-1,2025-04-28,6.97,2025-05-05,6.41,5757,0.08034433285509324,hold
2025-04-25,uncovered,1388000.0,0.680835734870317,176.5185185185185,0.05,0.05929311086908717,1090534.1,0.0015157710336613957,0.0,False,0.08911739502999172,VERA,1,2025-04-28,23.339999999999996,2025-05-05,25.42,1653,0.08911739502999172,hold
2025-04-25,covered_opposite,880000.0,1.0,11.479744136460557,0.05,0.025258552643249964,3063493.25,8.323830973024014e-05,0.006410189944058272,True,-0.01869577762708531,ZTS,-1,2025-04-28,149.958849,2025-05-05,153.723711,255,-0.025105967571143584,hold
2025-04-28,covered_opposite,297804.0,1.0,8.044334975369457,0.05,0.03693205688762792,2645704.1,0.00040745297253763185,-0.018948738996292,True,-0.06860199835828938,BBIO,-1,2025-04-29,36.05,2025-05-06,37.84,1078,-0.04965325936199738,hold
2025-05-02,uncovered,450000.0,1.0,154.6,0.05,0.05346239618290687,1296549.3,0.0007604801452594205,0.0,False,-0.21464226289517474,TWST,1,2025-05-05,42.07,2025-05-07,33.04,986,-0.21464226289517474,stop
2025-04-30,uncovered,583500.0,1.0,20.304609218436873,0.05,0.04211135025137795,1518129.55,0.003639346852842697,-0.02499555415044755,True,0.00411652736338072,TRVI,-1,2025-05-01,6.87,2025-05-08,6.67,5525,0.02911208151382827,hold
2025-04-30,uncovered,220000.0,1.0,5.891451831750339,0.05,0.05205628735953942,2384692.85,0.0010735135134908463,-0.011644021739130435,True,-0.0999383361204012,ARQT,1,2025-05-01,14.95,2025-05-08,13.63,2560,-0.08829431438127078,hold
2025-05-02,covered_neutral,2475654.0,0.6929845608473559,9.312649164677804,0.05,0.04823931299472284,2441401.0,0.00042434651251474053,-0.05317990107146734,True,0.09755637737565456,CYTK,-1,2025-05-05,37.35,2025-05-12,31.72,1036,0.1507362784471219,hold
2025-05-02,uncovered,50610.0,1.0,12.772200772200772,0.05,0.030170859058541475,1661049.2,0.0015622655849086228,0.0,False,0.21138211382113825,ACAD,1,2025-05-05,14.759999999999998,2025-05-12,17.88,2595,0.21138211382113825,hold
2025-05-05,covered_opposite,329034.0,0.8144568646401283,214.25,0.05,0.03174239970548415,1742202.75,0.0002003211164716621,-0.00038437347124187574,True,0.026363594008432908,NBIX,-1,2025-05-06,123.0,2025-05-13,119.71000000000001,349,0.026747967479674783,hold
2025-05-05,covered_opposite,1699360.0,1.0,7.703190013869626,0.05,0.0839762470275049,23285632.7,0.0003466515213048087,0.00412489261522772,True,0.0030507787591589055,RXRX,-1,2025-05-06,4.655,2025-05-13,4.66,8072,-0.0010741138560688146,hold
2025-05-07,uncovered,553900.0,1.0,112.35483870967742,0.05,0.03403725936327675,1306756.2,0.004019877617569368,-0.10741556683851888,True,-0.05262104629057379,PRTA,-1,2025-05-08,7.300000000000001,2025-05-15,6.900000000000001,5253,0.05479452054794509,hold
2025-05-07,uncovered,80000.0,1.0,169.5,0.05,0.0455369365685586,1001311.4,0.0032517356738373296,-0.013589716398012364,True,0.09223988001454371,EOLS,-1,2025-05-08,11.15,2025-05-15,9.97,3256,0.10582959641255607,hold
2025-05-08,uncovered,146880.0,1.0,20.25,0.040423170230627324,0.12369143665559566,2596387.85,0.001002546672678352,-0.010110145147495229,True,0.11005446390600279,QURE,1,2025-05-09,12.15,2025-05-16,13.610000000000001,2603,0.12016460905349802,hold
2025-05-08,uncovered,287536.0,1.0,474.3255813953488,0.05,0.02551330120737286,1378625.2,0.0011953937879562915,0.0,False,-0.017517696595953924,PRGO,1,2025-05-09,23.960399,2025-05-16,23.540668,1648,-0.017517696595953924,hold
2025-05-09,covered_opposite,7139110.0,0.9048587288891753,5.319557904853436,0.05,0.018260859852223307,16411130.8,5.48408279093114e-05,-0.025086624188676146,True,-0.033744631037244135,BMY,-1,2025-05-12,43.064184,2025-05-19,43.43703399999999,900,-0.00865800684856799,hold
2025-05-12,covered_opposite,97963.0,1.0,3.6745689655172415,0.05,0.06715499308337922,2184578.3,0.0008637822686419618,-0.061734684365442695,True,0.1835665204538344,BHVN,-1,2025-05-13,20.75,2025-05-20,15.66,1887,0.24530120481927709,hold
2025-05-13,uncovered,718925.0,1.0,103.75510204081633,0.05,0.050365998808897076,1179021.25,0.0011076984405497356,0.0,False,0.03539232053422392,XENE,1,2025-05-14,29.95,2025-05-21,31.010000000000005,1306,0.03539232053422392,hold
2025-05-13,uncovered,66150.0,1.0,10.778135048231512,0.05,0.048856993112321084,1785115.5,0.00141783542857591,0.0,False,0.06348167539267013,ARWR,1,2025-05-14,15.28,2025-05-21,16.25,2531,0.06348167539267013,hold
2025-05-15,covered_opposite,47597460.0,0.9422248582172242,4.309851694915254,0.05,0.014061323350406087,7912075.5,3.361949718503065e-05,-0.00043885380356265756,True,-0.022687803971899158,JNJ,-1,2025-05-16,144.069764,2025-05-23,147.275165,266,-0.0222489501683365,hold
2025-05-15,covered_opposite,85944555.0,0.8692704965428002,26.979591836734695,0.05,0.02687431846924664,16574077.25,3.246032897547886e-05,0.0001484784880274715,True,-0.0339916810569547,MRK,-1,2025-05-16,71.418354,2025-05-23,73.856588,538,-0.034140159544982174,hold
2025-05-16,uncovered,408320.0,1.0,35.83516483516483,0.05,0.06487481539965216,1844972.2,0.0012493413179884229,-0.051295079043244936,True,-0.022879117737319994,TVTX,-1,2025-05-19,16.54,2025-05-27,16.07,2305,0.02841596130592494,hold
2025-05-16,uncovered,397775.0,1.0,3.5139573070607555,0.05,0.028365881772037676,3543585.7,0.0003228368372747412,-0.0051386076531903645,True,-0.02009523343841331,BBIO,-1,2025-05-19,33.43,2025-05-27,33.93,1144,-0.014956625785222943,hold
2025-05-21,uncovered,329000.0,1.0,39.2,0.03163969093337494,0.15802935656131142,1923762.45,0.0030804219096801687,0.02183115568198253,True,-0.01690976441486973,URGN,1,2025-05-22,4.13,2025-05-30,3.97,5926,-0.03874092009685226,hold
2025-06-06,uncovered,120000.0,1.0,32.107317073170734,0.05,0.060723855418995165,1802673.75,0.0014073539374498574,0.0,False,-0.05802707930367523,TVTX,1,2025-06-09,15.510000000000002,2025-06-16,14.61,2537,-0.05802707930367523,hold
2025-06-09,uncovered,978600.0,0.7956264050684652,10.48390243902439,0.035668786741678435,0.14017858348284037,2617075.0,0.0004764861534346551,0.0,False,-0.03829029385574356,VERA,1,2025-06-10,22.46,2025-06-17,21.6,1247,-0.03829029385574356,hold
2025-06-11,uncovered,104192.0,1.0,9.335922330097087,0.05,0.02378363239378099,1006387.0,0.001026444101523569,-0.05075860271723519,True,-0.051293791371235783,RARE,-1,2025-06-12,37.37,2025-06-20,37.39,1033,-0.0005351886540005957,hold
2025-06-16,uncovered,179775.0,1.0,6.365168539325842,0.05,0.023735236140827985,1663716.95,0.0006533563296328742,0.0,False,0.06674272675413562,TGTX,1,2025-06-17,35.06,2025-06-25,37.4,1087,0.06674272675413562,hold
2025-06-20,uncovered,123975.0,1.0,6.521072796934866,0.05,0.02378949134656691,1433718.15,0.0003759455789828705,-0.008471799784892691,True,-0.0395729485660639,CORT,-1,2025-06-23,71.38,2025-06-30,73.6,539,-0.031101148781171206,hold
2025-06-30,uncovered,2790230.0,0.8967002720205861,9.539518900343642,0.05,0.02385907923157693,3485790.35,0.0002277819146524403,0.0,False,-0.1551973548253769,CRSP,-1,2025-07-01,48.39000000000001,2025-07-09,55.9,794,-0.1551973548253769,hold
2025-07-02,uncovered,90000.0,1.0,5.212719298245614,0.05,0.024208817982593143,1990709.85,0.001408040453509586,0.0,False,-0.10595065312046459,ARQT,-1,2025-07-03,13.78,2025-07-11,15.24,2803,-0.10595065312046459,hold
2025-07-03,uncovered,569860.0,0.8933773207454463,20.076923076923077,0.05,0.0413862484581729,4142199.8,0.00037902565685025627,0.0,False,-0.06355932203389836,SMMT,-1,2025-07-07,23.6,2025-07-14,25.1,1570,-0.06355932203389836,hold
2025-07-07,uncovered,429399.99999999994,0.8757568700512343,19.882640586797063,0.05,0.05935432746372344,3899593.15,0.0010601105912805288,0.06105637315726279,True,-0.13997989627278903,COGT,-1,2025-07-08,9.65,2025-07-15,11.59,4134,-0.20103626943005182,hold
2025-07-08,uncovered,74400.0,1.0,3.810888252148997,0.05,0.07679744046410077,4341065.95,0.002170204302010201,0.0360963926157028,True,0.057627493094171645,PRME,1,2025-07-09,4.18,2025-07-16,4.27,9421,0.021531100478468845,hold
2025-07-08,uncovered,522600.0,0.8564867967853043,13.107398568019091,0.05,0.0195924440734897,1661769.3,0.0006523167806746701,0.0,False,0.06390664073353691,TGTX,1,2025-07-09,35.99,2025-07-16,38.29,1084,0.06390664073353691,hold
2025-07-08,uncovered,343900.0,0.680139575457982,237.2,0.02433042137478931,0.20550404462706506,2230275.88,0.00017531463416983195,0.0,False,0.07968127490039845,VOR,-1,2025-07-09,50.2,2025-07-16,46.2,391,0.07968127490039845,hold
2025-07-08,uncovered,123875.0,1.0,5.872246696035242,0.05,0.07389344709111836,5838048.9,0.0017009107272123053,-0.006538797901097155,True,-0.006538797901097155,SANA,-1,2025-07-09,4.18,2025-07-16,4.18,9930,-0.0,hold
2025-07-11,uncovered,872400.0,0.8869669876203576,6.666666666666667,0.05,0.018206426828097182,5097570.4,7.650703558699257e-05,-0.005261816339428896,True,-0.057818345164036604,INSM,-1,2025-07-14,98.18,2025-07-21,103.33999999999999,390,-0.05255652882460771,hold
2025-07-14,uncovered,52000.0,1.0,3.4500683994528045,0.05,0.039588773672656404,3827833.45,0.0018101623517606284,0.0030063519495205386,True,0.026514489381708476,ATYR,1,2025-07-15,5.53,2025-07-22,5.66,6929,0.023508137432187937,hold
2025-07-14,uncovered,288669.0,1.0,3.861952861952862,0.05,0.015761622702903606,5349484.8,0.00019571978221155054,-0.008816492771819841,True,0.05841471324125003,GSK,-1,2025-07-15,37.221852,2025-07-22,34.719382,1047,0.06723120601306987,hold
2025-07-15,uncovered,1470735.0,1.0,853.1,0.05,0.03099580952769159,357997.75,0.0018882800241062968,0.0,False,-0.07647474390674702,IRON,-1,2025-07-16,56.61999999999999,2025-07-23,60.95000000000001,676,-0.07647474390674702,hold
2025-07-16,uncovered,337000.0,1.0,4.701704545454546,0.05,0.0848904312658017,5764970.05,0.001610069075727462,-0.08150951915362203,True,0.07426937531873967,PRME,1,2025-07-17,3.98,2025-07-24,4.6,9282,0.1557788944723617,hold
2025-07-17,uncovered,207660.0,1.0,43.925,0.05,0.012759076629412464,1814352.0,0.0007231231866804236,0.0,False,0.10000000000000009,ALKS,-1,2025-07-18,29.5,2025-07-25,26.549999999999997,1312,0.10000000000000009,hold
2025-07-18,uncovered,3776000.0,1.0,207.6315789473684,0.05,0.03035756287790745,878767.5,0.003961229790587385,0.0,False,-0.050000000000000044,ORIC,-1,2025-07-21,11.0,2025-07-28,11.55,3481,-0.050000000000000044,hold
2025-07-18,uncovered,205660.0,0.708256345424487,5.205640423031728,0.02267505838788786,0.22050659868072522,4944642.8,0.00014096063723753716,-0.0257396160831104,True,-0.03975082505028396,NKTR,-1,2025-07-21,24.98,2025-07-28,25.33,697,-0.01401120896717356,hold
2025-07-21,covered_opposite,980602.0,0.735238149626454,7.845303867403315,0.05,0.01489163497743761,12867556.9,6.776733196338148e-05,0.0,False,0.005542531387660032,BMY,1,2025-07-22,44.30268100000001,2025-07-29,44.54823,872,0.005542531387660032,hold
2025-07-22,uncovered,273350.0,1.0,46.82608695652174,0.05,0.017089717805111142,952291.4,0.0008663314611472917,0.02244840136187532,True,-0.03932516729933865,PTCT,-1,2025-07-23,46.46,2025-07-30,49.33,825,-0.06177356866121397,hold
2025-07-23,uncovered,168150.0,1.0,116.9,0.05,0.011869145235095344,1504203.67,0.0005105691571673935,0.0,False,0.013370037377312904,QGEN,-1,2025-07-24,50.48998600000001,2025-07-31,49.814933,768,0.013370037377312904,hold
2025-07-23,uncovered,884369.9999999999,1.0,9.541484716157203,0.05,0.06436620045191675,5134252.95,0.0011327840791326808,-0.039195605534911415,True,0.22946111088299914,ATYR,-1,2025-07-24,6.700000000000001,2025-07-31,4.9,5816,0.26865671641791056,hold
2025-07-25,covered_neutral,199800.0,1.0,36.214285714285715,0.05,0.023802165445197313,3057624.6,0.0007375006074977288,0.0,False,0.2311293153891163,INDV,1,2025-07-28,17.09,2025-08-04,21.04,2255,0.2311293153891163,hold
2025-07-30,uncovered,337060.0,1.0,14.87463556851312,0.05,0.024027380032451123,843131.9,0.0006535157784920723,-0.028432660506508705,True,-0.05816435013667541,CORT,-1,2025-07-31,68.95,2025-08-07,71.0,551,-0.029731689630166702,hold
2025-07-31,uncovered,265720.0,1.0,3.1820580474934035,0.05,0.03176269744037268,1138606.5,0.0006578216442642827,-0.025337476996355506,True,0.10593665427777572,PTCT,-1,2025-08-01,51.8,2025-08-08,45.0,749,0.13127413127413123,hold
2025-07-31,uncovered,918750.0,1.0,14.786846741045215,0.05,0.05112009714069973,2346248.0,0.00382440389933204,-0.04731172440036739,True,-0.0051571576556366655,CMPS,1,2025-08-01,4.27,2025-08-08,4.45,8973,0.042154566744730726,hold
2025-08-01,uncovered,477514.0,0.6701374200547,7.312629399585921,0.05,0.01915915435396148,2297459.8,0.00036213908944130385,-0.02173270480829718,True,-0.04689521267158096,BBIO,1,2025-08-04,47.690000000000005,2025-08-11,46.49,832,-0.02516250786328378,hold
2025-08-01,uncovered,127875.0,1.0,5.902912621359223,0.05,0.04141198494331436,2348304.35,0.0015998778011887599,0.0,False,0.07169811320754715,AUPH,1,2025-08-04,10.6,2025-08-11,11.36,3757,0.07169811320754715,hold
2025-08-05,uncovered,66454.0,1.0,3.17820324005891,0.05,0.025405366045063642,2540214.85,0.0008133170310377486,0.0,False,-0.11187335092348294,ADMA,1,2025-08-06,18.95,2025-08-13,16.83,2066,-0.11187335092348294,hold
2025-08-06,covered_opposite,100000.0,1.0,99.04901960784314,0.05,0.02326804715687374,2355629.45,0.0003773938214263707,0.008652491761956252,True,-0.022051139573755603,SNY,-1,2025-08-07,44.438001,2025-08-14,45.802409,889,-0.030703631335711856,hold
2025-08-11,uncovered,1931593.0,0.7210861708444791,17.873493975903614,0.05,0.02732692335263894,2487267.4,0.00056970151259169,-0.01103179836823994,True,0.06984251857165073,RARE,1,2025-08-12,27.45,2025-08-19,29.669999999999998,1417,0.08087431693989067,hold
2025-08-11,uncovered,2462880.0,0.6976710192944845,6.993121238177128,0.05,0.03996460836818239,1205609.75,0.0007431923970422435,0.0,False,-0.13065558633425667,PTCT,-1,2025-08-12,43.32,2025-08-19,48.98,896,-0.13065558633425667,hold
2025-08-11,uncovered,143500.0,1.0,100.5,0.05,0.032146212184213714,714085.05,0.004122758206462941,0.0,False,0.149129447388342,MLYS,1,2025-08-12,13.210000000000003,2025-08-19,15.18,2944,0.149129447388342,hold
2025-08-11,uncovered,887880.0,0.8447087444249223,81.26470588235294,0.05,0.06323024547918898,2690751.8,0.0018741973897406666,-0.04688574364362586,True,-0.08195067870856088,VSTM,-1,2025-08-12,7.699999999999999,2025-08-19,7.97,5043,-0.03506493506493502,hold
2025-08-12,covered_neutral,1231930.0,0.9331212000681857,3.620842056292161,0.05,0.05321407468955761,7363780.05,0.0006253581677796039,-0.002445922948383271,True,0.028286937571711225,NVAX,1,2025-08-13,8.46,2025-08-20,8.72,4605,0.030732860520094496,hold
2025-08-12,uncovered,1378300.0,1.0,764.4615384615385,0.05,0.028362254369279864,2042787.3,0.0016550915506474903,0.0,False,-0.00512820512820511,COGT,-1,2025-08-13,11.7,2025-08-20,11.76,3381,-0.00512820512820511,hold
2025-08-14,uncovered,24729360.0,0.7454317459085071,39.59183673469388,0.05,0.05577278106317546,2363951.7,4.187902823902874e-05,0.0,False,0.02173746455848158,VRTX,1,2025-08-15,391.49,2025-08-22,400.0,99,0.02173746455848158,hold
2025-08-15,uncovered,1414966.0,0.761867069597432,14.19712525667351,0.05,0.038247859748415096,673744.9,0.0021254335283280067,-0.016702091128081596,True,-0.025876403054687046,NKTR,1,2025-08-18,27.25,2025-08-25,27.0,1432,-0.00917431192660545,hold
2025-08-18,uncovered,135000.0,1.0,24.057007125890735,0.05,0.04266008555298578,1077562.35,0.0036044317992364894,0.08669897167099617,True,-0.10534082932402865,PHAT,-1,2025-08-19,10.05,2025-08-25,11.98,3884,-0.19203980099502482,stop
2025-08-21,covered_opposite,171635.0,1.0,10.539473684210526,0.05,0.061239969593632,2158297.1,0.0012287464964855857,-0.048606145480341756,True,-0.07858740719177221,BHVN,1,2025-08-22,16.01,2025-08-29,15.53,2652,-0.02998126171143045,hold
2025-08-21,uncovered,1450000.0,1.0,121.51351351351352,0.05,0.030990403380159084,966978.05,0.0010537984807411087,0.0,False,0.002614379084967311,AGIO,1,2025-08-22,38.25,2025-08-29,38.35,1019,0.002614379084967311,hold
2025-08-22,uncovered,98500.0,1.0,3.7478176527643066,0.05,0.04189861629225901,1851290.2,0.00454871959026197,-0.004340676692548136,True,-0.039275174509142106,CMPS,1,2025-08-25,4.58,2025-09-02,4.42,8421,-0.03493449781659397,hold
2025-08-25,uncovered,132000.0,1.0,255.1,0.05,0.03765504608738741,918487.95,0.0028350943526259656,0.0,False,0.903467029231815,MLYS,1,2025-08-26,14.71,2025-09-03,28.0,2604,0.903467029231815,hold
2025-08-28,covered_opposite,72760.0,1.0,166.46666666666667,0.05,0.04313316389826278,309501.3,0.003289162274924209,0.0,False,-0.03921635173016913,PAHC,-1,2025-08-29,37.656639,2025-09-08,39.133395,1018,-0.03921635173016913,hold
2025-08-28,covered_opposite,58000.0,1.0,3.2186666666666666,0.05,0.029852496239727997,2972398.45,0.0034978486817606835,-0.009411316953504991,True,0.00671771530455951,ALT,1,2025-08-29,3.72,2025-09-08,3.78,10397,0.016129032258064502,hold
2025-09-02,uncovered,52000.0,1.0,3.597145122918319,0.05,0.023260234292582744,2125127.7,0.0014756760264336114,-0.023192149178972627,True,-0.035900647987550785,OCUL,-1,2025-09-03,12.59,2025-09-10,12.75,3136,-0.012708498808578161,hold
2025-09-02,uncovered,156975.0,1.0,6.925207756232687,0.05,0.02142314644336653,1490309.35,0.0008340550235425953,-0.008213337807551197,True,0.009894685920204132,RARE,-1,2025-09-03,32.03,2025-09-10,31.45,1243,0.01810802372775533,hold
2025-09-02,uncovered,110000.0,1.0,181.7,0.05,0.024651336872306563,924129.1,0.0016913221323730636,0.0,False,-0.030980392156862657,IDYA,1,2025-09-03,25.5,2025-09-10,24.71,1563,-0.030980392156862657,hold
2025-09-04,uncovered,650000.0,0.6538461538461539,9.286054827175208,0.05,0.03835022126879624,1743576.85,0.004479297829631083,-0.032802671854993616,True,-0.007412046854993838,CMPS,1,2025-09-05,5.120000000000001,2025-09-12,5.25,7810,0.025390624999999778,hold
2025-09-05,uncovered,1243200.0,1.0,41.12618296529968,0.05,0.03116975122250068,2411612.8,0.0009790128829968061,0.0,False,0.07222548443922494,SNDX,-1,2025-09-08,17.03,2025-09-15,15.8,2361,0.07222548443922494,hold
2025-09-05,uncovered,87500.0,1.0,121.8095238095238,0.05,0.029191292165576456,1259613.8,0.0024483694922999414,0.0,False,0.03403441682600361,COGT,-1,2025-09-08,13.075,2025-09-15,12.630000000000003,3084,0.03403441682600361,hold
2025-09-10,covered_opposite,255128.0,1.0,5.801481481481481,0.05,0.013124568865791815,11730844.5,4.194071449843189e-05,-0.00933305315625502,True,0.018147433062722897,MRK,-1,2025-09-11,81.132662,2025-09-18,78.903097,492,0.027480486218977918,hold
2025-09-11,uncovered,52500.0,1.0,10.661574227831286,0.05,0.03402083544593158,16220855.35,0.0005068783256241787,0.0,False,0.006048387096774244,RXRX,1,2025-09-12,4.96,2025-09-19,4.99,8222,0.006048387096774244,hold
2025-09-12,covered_neutral,2653775.0,0.8976363859031004,70.54736842105264,0.05,0.05257909737971202,962557.3,0.001105388738935334,-0.019346369535395473,True,-0.0030274824299916167,DNTH,1,2025-09-15,37.38,2025-09-22,37.99,1064,0.016318887105403856,hold
2025-09-16,uncovered,56250.0,1.0,3.982456140350877,0.05,0.041122248646506196,3914932.4,0.0021318375765568775,-0.0016026362442176905,True,0.035046578415468044,ABCL,1,2025-09-17,4.775,2025-09-24,4.95,8346,0.036649214659685736,hold
2025-09-17,uncovered,1818048.0,0.8645833333333334,52.42191780821918,0.05,0.05201370663049399,6775196.2,0.001803195013009365,0.0,False,-0.04518072289156616,NUVB,1,2025-09-18,3.3199999999999994,2025-09-25,3.17,12217,-0.04518072289156616,hold
2025-09-17,uncovered,4950000.0,0.8181818181818182,39.84920634920635,0.05,0.02680383779493599,912997.45,0.0019178585876663732,-0.013697412258957944,True,-0.026890024396160964,STOK,1,2025-09-18,22.74,2025-09-25,22.44,1751,-0.01319261213720302,hold
2025-09-18,uncovered,1089897.0,0.7891819135202685,7.370967741935484,0.05,0.032817211964554456,1156560.25,0.002331914831069112,-0.21661728304557182,True,2.2131069940223504,QURE,1,2025-09-19,14.87,2025-09-26,51.0,2697,2.429724277067922,hold
2025-09-18,uncovered,4123142.0,0.7300636262345561,3.417890520694259,0.05,0.01982926409165488,2083397.75,0.00013055596320961756,0.01744172120776013,True,-0.042004364971883736,INSM,1,2025-09-19,145.51,2025-09-26,136.86,272,-0.059446086179643864,hold
2025-09-18,uncovered,200000.0,1.0,116.3,0.05,0.01737907849812144,750218.9,0.00036256084724071866,-0.004335293012092755,True,0.026145844221368043,NBIX,-1,2025-09-19,146.32,2025-09-26,141.86,272,0.030481137233460798,hold
2025-09-18,uncovered,7152510.0,0.681692860268633,3.1544419134396353,0.05,0.03164662371152153,763424.55,0.0009614571603703339,0.05006282167726307,True,-0.0019742153597740314,MLTX,-1,2025-09-19,54.0,2025-09-26,56.81,734,-0.052037037037037104,hold
2025-09-18,uncovered,404280.0,1.0,5.005701254275941,0.05,0.03997335270029755,2288966.45,0.0011192824604309949,-0.03373975190766115,True,0.08043600178060056,BHVN,-1,2025-09-19,15.59,2025-09-26,13.81,2562,0.11417575368826172,hold
2025-09-19,uncovered,130734.0,1.0,5.104415584415585,0.05,0.02726824712082552,5885872.15,0.0007947845078490194,0.0,False,-0.02828054298642535,NVAX,1,2025-09-22,8.84,2025-09-29,8.59,4678,-0.02828054298642535,hold
2025-09-22,uncovered,120405.0,1.0,27.52021563342318,0.05,0.03834060183315954,1401041.95,0.006286035903493111,-0.027850329550243448,True,-0.2828838865972233,LRMR,1,2025-09-23,4.47,2025-09-30,3.33,8807,-0.25503355704697983,hold
2025-09-24,uncovered,9773936.0,0.8066768597625358,99.67591240875912,0.1,0.02464267803896334,9396670.15,0.0006333094495181359,0.015411279729012121,True,-0.066039781188168,ROIV,-1,2025-09-25,14.61,2025-10-02,15.8,5951,-0.08145106091718013,hold
2025-09-25,uncovered,199935.0,1.0,21.340314136125656,0.1,0.03675817964624542,3237140.8,0.0028679629875845995,0.0,False,0.07919746568109809,SPRY,1,2025-09-26,9.47,2025-10-03,10.22,9284,0.07919746568109809,hold
2025-09-25,uncovered,160000.0,1.0,41.074829931972786,0.1,0.031844834634007224,1007007.35,0.010063481661777346,-0.00790293383208412,True,0.03268331194018199,EBS,1,2025-09-26,8.87,2025-10-03,9.23,10134,0.040586245772266105,hold
2025-09-26,uncovered,2145000.0,0.7086247086247086,5.682352941176471,0.1,0.04571800356114217,2549450.0,0.0022828453195787328,-0.03736748238860234,True,0.04257921980993194,BHVN,1,2025-09-29,15.01,2025-10-06,16.21,5820,0.07994670219853428,hold
2025-09-29,uncovered,70380.0,1.0,4.023076923076923,0.1,0.045787100997978794,6633277.1,0.0036285232227069183,-0.00770797576542694,True,0.12248593005174756,PGEN,-1,2025-09-30,3.61,2025-10-07,3.14,24069,0.1301939058171745,hold
2025-09-29,uncovered,268725.0,0.7674202251372221,4.669026548672567,0.1,0.02203297150695261,2235061.0,0.0002756076903493909,0.03847684564958447,True,-0.06912747546882275,INSM,-1,2025-09-30,141.63,2025-10-07,156.87,616,-0.10760432111840723,hold
2025-09-30,uncovered,109620.0,1.0,21.737373737373737,0.1,0.032662716186513154,1211259.55,0.00604412159227145,0.007491076590243371,True,-0.08173451263534584,PHAT,1,2025-10-01,11.88,2025-10-08,10.82,7321,-0.08922558922558921,hold
2025-09-30,uncovered,58000.0,1.0,4.755778894472362,0.1,0.05062422028348413,1555430.55,0.0037995910521366576,0.010331132612005413,True,-0.04812398221054176,DNA,-1,2025-10-01,14.37,2025-10-08,15.21,5910,-0.05845511482254717,hold
2025-10-01,covered_neutral,463180.0,0.7110842437065503,7.965156794425087,0.1,0.04367597585646821,5279918.3,0.0006079639527755571,-0.03609184061917859,True,0.1761279713837136,VKTX,1,2025-10-02,27.66,2025-10-09,33.53,3210,0.2122198120028922,hold
2025-10-01,covered_opposite,1445892.0,0.8172961742647445,17.4519056261343,0.1,0.05829700413608501,709516.55,0.006046370588536659,-0.057320985777507556,True,-0.044760599304077504,ARCT,1,2025-10-02,20.7,2025-10-09,20.96,4290,0.012560386473430052,hold
2025-10-03,covered_opposite,50000.0,1.0,11.57391304347826,0.1,0.0183488322280545,2441299.5,0.0008946055164472856,-0.015826194158286493,True,0.032076511227665375,EXEL,-1,2025-10-06,40.29,2025-10-13,38.36,2184,0.04790270538595187,hold
2025-10-03,covered_neutral,1874770.0,0.733183270481179,5.866666666666666,0.1,0.014245080263735744,8164225.8,9.749852827441397e-05,-0.00405552468708447,True,0.001736813348795504,GILD,1,2025-10-06,112.880325,2025-10-13,113.534166,796,0.005792338035879974,hold
2025-10-06,uncovered,270000.0,1.0,123.04761904761904,0.1,0.04174924703612309,1034283.95,0.0026182365103896276,-0.026372202606179562,True,0.12369006389444304,NAMS,1,2025-10-07,32.12,2025-10-14,36.94,2708,0.1500622665006226,hold
2025-10-07,uncovered,287270.0,1.0,24.479338842975206,0.1,0.03469451311355611,2938322.4,0.0005040291017758977,-0.01086795267426367,True,-0.018642164631721646,TECH,-1,2025-10-08,58.836703,2025-10-15,59.294112,1481,-0.007774211957457977,hold
2025-10-09,uncovered,335000.0,1.0,100.3,0.1,0.0189695613662599,383345.15,0.0031720761303488513,0.0,False,-0.21259395830378658,IRON,-1,2025-10-10,70.51,2025-10-17,85.5,1216,-0.21259395830378658,hold
2025-10-10,uncovered,65000.0,1.0,28.687898089171973,0.1,0.01679031858589998,1213953.25,0.0022908625187996324,-0.014090576046571055,True,-0.024955006844870516,LEGN,-1,2025-10-13,31.755,2025-10-20,32.1,2781,-0.010864430798299463,hold
2025-10-13,covered_opposite,3430764.0,0.7439602374281646,5.666328394560584,0.1,0.05712460572991184,3471306.9,0.0007351698001694982,0.05072376566218559,True,-0.10129309165268477,SRRK,1,2025-10-14,33.22,2025-10-20,28.170000000000005,2552,-0.15201685731487036,stop
2025-10-13,uncovered,682000.0,1.0,29.87376725838264,0.1,0.023308798025175628,3344677.2,0.005220533688572397,0.0,False,0.018000000000000016,ARDX,1,2025-10-14,5.0,2025-10-21,5.09,17461,0.018000000000000016,hold
2025-10-14,uncovered,497500.0,1.0,6.519230769230769,0.1,0.04054109826735198,1078397.3,0.0026845393622554506,0.0,False,-0.11915734035549674,GPCR,1,2025-10-15,30.379999999999995,2025-10-22,26.760000000000005,2895,-0.11915734035549674,hold
2025-10-14,covered_neutral,494265.0,0.8558465600437013,3.0160933116787243,0.1,0.05585482652177371,48137183.8,0.00030774546474403433,-0.10078069996329139,True,-0.10408648508725846,RXRX,-1,2025-10-15,6.05,2025-10-22,6.07,14814,-0.0033057851239670644,hold
2025-10-15,uncovered,5110000.000000001,0.9256360078277887,115.07865168539324,0.1,0.04612458769979299,1176659.6,0.004378496550744157,-0.03542405005480454,True,-0.05777699123127512,RCUS,1,2025-10-16,17.0,2025-10-23,16.62,5152,-0.022352941176470575,hold
2025-10-15,covered_neutral,428000.0,1.0,3.084016393442623,0.1,0.055016798750100473,2564944.5,0.0019552079976779225,-0.09879312499818332,True,-0.13611090925474295,BHVN,1,2025-10-16,17.15,2025-10-23,16.51,5015,-0.03731778425655963,hold
2025-10-17,uncovered,1034159.0,0.8011282597743674,3.071838511775183,0.05,0.06487278937060309,906146.8,0.0022225979278412723,0.17718420797289475,True,-0.2889214488761001,ARCT,1,2025-10-20,21.39,2025-10-23,11.42,2014,-0.46610565684899485,stop
2025-10-16,uncovered,80000.0,1.0,63.8125,0.1,0.013482614639504323,1048012.7825,0.0017557037764470206,0.0028193222189726516,True,-0.027143207719757402,QGEN,-1,2025-10-17,47.710357,2025-10-24,49.13988,1840,-0.029962529938730054,hold
2025-10-16,uncovered,2523000.0,1.0,179.7058823529412,0.1,0.021689360968179982,1893423.85,0.0015078504477484002,0.0,False,0.012385919165580184,ALKS,-1,2025-10-17,30.68,2025-10-24,30.3,2855,0.012385919165580184,hold
2025-10-20,uncovered,265374.0,0.7942827858041858,6.2398753894081,0.05,0.039220646449503925,974969.9,0.0006697642665686397,-0.013955824235538216,True,-0.01943969520328016,NKTR,1,2025-10-21,62.0,2025-10-28,61.66,653,-0.005483870967741944,hold
2025-10-23,covered_opposite,10356630.0,0.9940299112742272,8.900616860863606,0.05,0.0184431091784313,6221130.0,2.748696780166947e-05,-0.005757555247609387,True,0.019506891544480445,ABBV,-1,2025-10-24,223.49581,2025-10-31,217.849312,171,0.025264446792089834,hold
2025-10-27,uncovered,757500.0,0.6534653465346535,26.0,0.05,0.04098566997337165,1666554.05,0.0011214757781183274,-0.0050207701332882345,True,-0.17529358292726743,IMVT,-1,2025-10-28,21.26,2025-10-31,24.88,1869,-0.1702728127939792,stop
2025-10-28,uncovered,343756.0,0.8449539789850941,4.596816976127321,0.05,0.04974252536492368,4970347.05,0.0019807469983408907,0.006750484359422911,True,-0.03275568848008317,PGEN,1,2025-10-29,4.05,2025-11-05,3.89,9845,-0.03950617283950608,hold
2025-10-30,uncovered,289400.0,1.0,5.888888888888889,0.05,0.08012738744791179,1229791.3,0.0025109951582841738,-0.03504914317072478,True,0.1818655005254382,EBS,-1,2025-10-31,12.770000000000001,2025-11-07,10.0,3088,0.21691464369616298,hold
2025-10-31,covered_opposite,57269.99999999999,1.0,10.404973357015988,0.05,0.0485129428620997,3459359.05,0.0012713337749662038,-0.06418254467045797,True,0.05941296094751952,WVE,-1,2025-11-03,8.9,2025-11-10,7.800000000000001,4398,0.1235955056179775,hold
2025-10-31,uncovered,107505.0,1.0,6.548123980424143,0.05,0.046528774611422345,4245858.35,0.0015455061047903306,0.00040430475098251594,True,-0.06055121419465182,ARDX,1,2025-11-03,6.07,2025-11-10,5.7,6562,-0.060955518945634335,hold
2025-11-04,covered_neutral,74700.0,1.0,10.161843515541264,0.05,0.05375868578769659,9335088.3,0.0008849407455524549,-0.00016032781565264014,True,-0.06399011504969518,NUVB,-1,2025-11-05,4.7,2025-11-12,5.0,8261,-0.06382978723404253,hold
2025-11-04,covered_opposite,157875.0,1.0,11.2465483234714,0.05,0.014663908474632455,2664728.1,0.0003216087975354784,0.03623940493313991,True,-0.032236847067145157,SNY,-1,2025-11-05,46.077186,2025-11-12,49.232379,857,-0.06847625200028506,hold
2025-11-05,uncovered,265000.0,1.0,253.2,0.05,0.015663154990815834,338621.45,0.003286856163423788,0.0,False,0.18311266550087435,COLL,1,2025-11-06,40.03,2025-11-13,47.36,1113,0.18311266550087435,hold
2025-11-05,uncovered,3510630.0,0.7072605201915326,6.260298507462687,0.03805721443511862,0.1313811342793937,4000166.35,0.0009102121465523552,-0.01821646042410911,True,-0.10764735473305213,BHVN,1,2025-11-06,8.61,2025-11-13,7.84,3641,-0.08943089430894302,hold
2025-11-06,covered_opposite,8577200.0,0.6602620901926036,3.483211678832117,0.04805127693561454,0.10405550734270104,6078750.65,0.00035796829402765515,-0.047820496375252416,True,-0.062451897613293936,SRPT,1,2025-11-07,17.77,2025-11-14,17.51,2176,-0.01463140123804152,hold
2025-11-11,uncovered,72128.00000000001,1.0,12.52777777777778,0.05,0.04557350087259048,1225741.1,0.0006885630252587597,0.015553613305062552,True,-0.06617410213004227,MLYS,1,2025-11-12,47.23,2025-11-19,43.37,844,-0.08172771543510482,hold
2025-11-11,uncovered,493470.0,1.0,15.764841498559075,0.05,0.05615803779823238,1492936.9,0.0042955599797955294,-0.07160374582979454,True,0.009302403037519419,CAPR,-1,2025-11-12,6.18,2025-11-19,5.68,6413,0.08090614886731395,hold
2025-11-11,uncovered,87500.0,1.0,67.01449275362319,0.05,0.041219354108073626,701044.65,0.0014635301760023416,0.0,False,0.023846552617936778,HROW,1,2025-11-12,38.58,2025-11-19,39.5,1026,0.023846552617936778,hold
2025-11-13,uncovered,288000.0,1.0,25.142857142857142,0.05,0.04162481127998843,1270563.35,0.004832502055092333,-0.027380135546916057,True,0.09358760638856771,IMRX,1,2025-11-14,6.2,2025-11-21,6.95,6140,0.12096774193548376,hold
2025-11-13,uncovered,727500.0,1.0,4.968503937007874,0.05,0.05307073046836672,4018221.55,0.0005915552366693171,0.0,False,0.02231604342581428,SNDX,1,2025-11-14,16.58,2025-11-21,16.95,2377,0.02231604342581428,hold
2025-11-13,covered_neutral,34142292.0,0.8128134455648145,4.537900056148231,0.05,0.04944433758742277,12308318.5,0.00012885594405117156,0.004611044408164232,True,-0.0790803818246984,MRNA,1,2025-11-14,24.435,2025-11-21,22.39,1586,-0.08369142623286263,hold
2025-11-13,covered_opposite,2301895.0,0.683738832570556,17.403837154890034,0.05,0.018903772783615665,16104192.7,5.2781285956668916e-05,-0.002543073550098296,True,0.040962213026715336,BMY,-1,2025-11-14,46.213648,2025-11-21,44.20311000000001,850,0.04350528657681363,hold
2025-11-14,uncovered,130928.0,1.0,134.6315789473684,0.05,0.044754950445340856,2385687.4,0.0026562574795004575,0.043731185224360605,True,-0.05211546014305167,RLAY,-1,2025-11-17,6.259999999999999,2025-11-24,6.86,6337,-0.09584664536741228,hold
2025-11-14,uncovered,250000.0,1.0,218.6086956521739,0.05,0.040415175855294166,2230344.55,0.0036998767746445277,-0.013628094390159648,True,-0.030055199112952277,CMPX,-1,2025-11-17,4.87,2025-11-24,4.95,8252,-0.01642710472279263,hold
2025-11-14,uncovered,186000.0,1.0,66.5,0.05,0.022053985394146783,5877428.5,0.00032156920326636046,0.0,False,0.061757719714964354,ELAN,1,2025-11-17,21.05,2025-11-24,22.35,1890,0.061757719714964354,hold
2025-11-19,covered_neutral,188500.0,1.0,3.049307479224377,0.05,0.0717402283890522,9438613.25,0.0005606755844138439,-0.0445839119215136,True,-0.00022919472925645584,OGN,1,2025-11-20,7.399709,2025-11-28,7.727921,5292,0.04435471719225714,hold
2025-11-19,uncovered,1853750.0,0.8169224544841538,6.171428571428572,0.05,0.0361875579347344,2286942.35,8.395489287257285e-05,-0.010913643870809885,True,-0.0017626773917297934,INSM,1,2025-11-20,204.35,2025-11-28,206.22,192,0.009150966479080092,hold
2025-11-19,uncovered,1196075.0,0.9523441255774094,6.512027491408935,0.05,0.09846999279860454,11406566.3,0.00047946067696112894,0.0332136112177411,True,-0.09534788982464928,NUVB,-1,2025-11-20,7.195,2025-11-28,8.12,5469,-0.1285615010423904,hold
2025-11-21,covered_opposite,152515.0,1.0,165.89743589743588,0.05,0.0459233325153105,708792.1,0.0013318432866280536,0.0,False,0.03976843000072661,ANAB,1,2025-11-24,41.728376,2025-12-02,43.387848,944,0.03976843000072661,hold
2025-11-21,covered_neutral,53000.0,1.0,9.532773109243696,0.05,0.025000097277160755,4847637.75,0.0011622155554011848,0.0,False,0.024285714285714244,BCRX,1,2025-11-24,7.0,2025-12-02,7.17,5634,0.024285714285714244,hold
2025-11-24,uncovered,244000.0,1.0,6.563218390804598,0.05,0.02104275777993568,3474903.3,0.0002023077879606031,-0.006483275683862584,True,-0.043893347626308414,BMRN,1,2025-11-25,55.6,2025-12-03,53.52000000000001,703,-0.03741007194244583,hold
2025-11-24,uncovered,213550.0,1.0,4.599571734475375,0.05,0.023397345247378958,900401.35,0.00044868879861186347,0.0,False,-0.0014477766287488425,BNTX,1,2025-11-25,96.7,2025-12-03,96.55999999999999,404,-0.0014477766287488425,hold
2025-11-25,uncovered,2218709.0,0.9307214240353286,25.26086956521739,0.05,0.03736827558912624,2638580.3,0.0004521370829608635,-0.0009998081176339898,True,0.017373685858269497,INDV,1,2025-11-26,33.2,2025-12-04,33.81,1193,0.018373493975903488,hold
2025-11-25,uncovered,1842324.0,0.9715989152830881,4.065735414954807,0.04682641170639546,0.1067773467535867,6253566.15,0.0003055856377244846,-0.02416422556334192,True,0.08666051670469938,SRPT,1,2025-11-26,19.4,2025-12-04,21.55,1911,0.11082474226804129,hold
2025-11-25,uncovered,50000.0,1.0,34.95238095238095,0.05,0.027493920419689774,2015270.5,0.001574974674615641,0.0,False,-0.02168674698795181,AMRX,1,2025-11-26,12.45,2025-12-04,12.18,3174,-0.02168674698795181,hold
2025-11-28,covered_neutral,2151143.0,0.9333056891150425,11.971119133574009,0.05,0.021225426863437143,3054180.4,3.798072962553227e-05,-0.0012436489453612623,True,0.03950605405373127,AMGN,-1,2025-12-01,336.190892,2025-12-08,322.491213,116,0.04074970299909253,hold
2025-12-01,covered_opposite,60800.0,1.0,6.492836676217765,0.05,0.06805397517850445,4638244.5,0.0006608103561595341,0.0,False,-0.05293695342415472,PRGO,1,2025-12-02,12.880303,2025-12-09,12.198459,3065,-0.05293695342415472,hold
2025-12-02,uncovered,1173165.0,0.7174821955990845,33.83844911147011,0.028076480781799598,0.17808499714968617,1949057.05,0.0007213744718247215,-0.000212614156522147,True,-0.023381054983072042,JANX,1,2025-12-03,15.97,2025-12-10,15.6,1406,-0.023168440826549896,hold
2025-12-04,uncovered,247000.0,1.0,100.0,0.05,0.01660411903684846,470095.6,0.001010432771546894,0.0,False,-0.0025445292620865922,ANIP,1,2025-12-05,82.53,2025-12-12,82.32,475,-0.0025445292620865922,hold
2025-12-05,covered_opposite,381639.99999999994,1.0,7.693012600229095,0.05,0.03098180132349149,2667240.3,0.0011753721627556393,-0.05931725747840109,True,-0.06274661275960833,OCUL,-1,2025-12-08,14.58,2025-12-15,14.63,3135,-0.003429355281207247,hold
2025-12-08,uncovered,138000.0,1.0,8.697802197802197,0.05,0.0534996102616472,2930373.65,0.0020802807860355967,-0.02100913969988683,True,-0.028737114970366132,SVRA,-1,2025-12-09,6.469999999999999,2025-12-16,6.52,6096,-0.007727975270479304,hold
2025-12-08,uncovered,56000.0,1.0,3.9413735343383585,0.05,0.05676707717777801,2388582.05,0.0032190646329273054,0.0,False,0.007797270955165692,ABEO,-1,2025-12-09,5.13,2025-12-16,5.09,7689,0.007797270955165692,hold
2025-12-08,uncovered,407680.0,1.0,3.2686084142394822,0.030065358667819807,0.16630435230269533,2516145.9,0.0003453694795679376,-0.01630958646095892,True,0.009219224625839243,AGIO,-1,2025-12-09,27.420000000000005,2025-12-16,26.72,869,0.025528811086798164,hold
2025-12-09,covered_opposite,51630.00000000001,1.0,28.82926829268293,0.05,0.0238921859292842,1076502.1,8.731984823810375e-05,-0.012961297681303628,True,0.04071902113561674,ALNY,-1,2025-12-10,416.54,2025-12-17,394.18,94,0.05368031881692037,hold
2025-12-10,uncovered,522200.0,0.8659517426273459,4.426307448494454,0.05,0.07577046912510518,1760693.85,0.00197649352838939,-0.09533194966989002,True,0.10033982670522267,OMER,-1,2025-12-11,11.09,2025-12-18,8.92,3480,0.19567177637511268,hold
2025-12-10,uncovered,52500.0,1.0,8.827004219409282,0.05,0.02495593655310169,1822194.15,0.0008451349709360004,-0.0384344360423707,True,0.09380982689034026,RCUS,-1,2025-12-11,25.71,2025-12-18,22.310000000000002,1540,0.13224426293271097,hold
2025-12-11,covered_opposite,6572618.0,0.6660137558580158,6.2853503184713375,0.030408297968904485,0.1644288018064345,2596891.55,0.00013747204807224237,-0.009318287874835102,True,0.02828555996075735,GPCR,-1,2025-12-12,68.61,2025-12-19,66.03,357,0.03760384783559245,hold
2025-12-15,uncovered,398999.99999999994,1.0,19.30851063829787,0.05,0.05271726005636147,3539221.4,0.0019425176396141819,0.0,False,-0.010507880910682887,TSHA,-1,2025-12-16,5.71,2025-12-23,5.77,6875,-0.010507880910682887,hold
2025-12-16,uncovered,878802.0,0.7737806695933782,8.158536585365853,0.05,0.019804653624770775,6026794.4,5.3925848208792384e-05,-0.002494938725028156,True,-0.004117003103788491,ZTS,1,2025-12-17,121.397771,2025-12-24,121.200856,325,-0.001622064378760335,hold
2025-12-17,uncovered,75000.0,1.0,73.13333333333334,0.05,0.01569459410790267,2460674.4,0.0004486574899954257,0.0,False,0.004722222222222294,INDV,1,2025-12-18,36.0,2025-12-26,36.17,1104,0.004722222222222294,hold
2025-12-17,uncovered,105000.0,1.0,3.116279069767442,0.05,0.03296174056647109,1287380.25,0.003933569743671305,0.018299439349139156,True,0.06785471253846567,CRVS,-1,2025-12-18,7.87,2025-12-26,7.48,5064,0.04955527318932651,hold
2025-12-18,uncovered,498600.0,0.7154031287605295,6.0708860759493675,0.05,0.03877126228041506,2477105.6,0.0009381917347407393,-0.042501436816195844,True,-0.08620773052248959,SMMT,-1,2025-12-19,17.16,2025-12-29,17.91,2324,-0.04370629370629375,hold
2025-12-19,uncovered,56000.0,1.0,4.312312312312312,0.028470175315214195,0.17562238183085746,3293679.75,0.0004976197215287855,-0.025041020962290408,True,-0.0357783151641515,JANX,-1,2025-12-22,13.97,2025-12-30,14.120000000000001,1639,-0.010737294201861092,hold
2025-12-19,uncovered,408800.0,0.6773483365949119,6.774193548387097,0.05,0.03942414325109445,3790141.6,0.00017123370799655612,-0.0015283456895738387,True,0.01002471587173991,BMRN,-1,2025-12-22,60.59,2025-12-30,59.89,649,0.011553061561313749,hold
2025-12-19,covered_neutral,292932.0,1.0,3.070048309178744,0.05,0.013512264278859671,6799415.95,4.735700865601552e-05,0.0,False,0.005872485781750814,ABT,-1,2025-12-22,122.876415,2025-12-30,122.15482499999999,322,0.005872485781750814,hold
2025-12-22,covered_opposite,291375.0,0.7188502788502789,16.03053435114504,0.05,0.01125489349849424,1724905.6,0.00017218333571413993,0.0,False,0.006375359461356367,NVS,-1,2025-12-23,135.50483,2025-12-31,134.640938,297,0.006375359461356367,hold
2025-12-22,uncovered,103920.0,1.0,6.47124824684432,0.05,0.04243637626380432,6482923.85,0.0006398347560414427,-0.015486776503416164,True,0.03983237243275402,NUVB,-1,2025-12-23,9.4,2025-12-31,8.88,4148,0.05531914893617018,hold
2025-12-23,uncovered,107910.0,1.0,5.971846846846847,0.05,0.05038176794476138,1580669.1,0.002862711746563528,0.0014529983465741843,True,-0.06302388729819465,OMER,-1,2025-12-24,16.44,2026-01-02,17.5,4525,-0.06447688564476883,hold
2025-12-26,uncovered,79600.0,1.0,4.888888888888889,0.05,0.02615062518311644,1006509.8,0.0004729213764237566,0.34601965786314526,True,-0.2195780097753387,CORT,1,2025-12-29,82.32,2026-01-02,35.76,476,-0.565597667638484,stop
2025-12-24,covered_opposite,586080.0,1.0,7.954423592493297,0.05,0.04548466255963957,1684019.15,0.0008153113935788676,-0.02076681392041681,True,0.04427103879809656,AGIO,-1,2025-12-26,29.06,2026-01-05,27.17,1373,0.06503785271851337,hold
2025-12-30,uncovered,679415.0,0.9095913396083395,84.52631578947368,0.05,0.028334526344106745,1965451.45,0.0007794646873622851,0.0,False,-0.03949447077409163,IMVT,-1,2025-12-31,25.32,2026-01-08,26.32,1532,-0.03949447077409163,hold
2025-12-31,uncovered,6520000.0,1.0,52.75555555555555,0.05,0.039223957054589524,1657717.5,0.00046027142742958315,-0.012869528430061807,True,0.029400645971356974,VERA,-1,2026-01-02,50.745,2026-01-09,48.6,763,0.04227017440141878,hold
2026-01-05,uncovered,650700.0,1.0,117.9,0.05,0.05986281156243713,313439.65,0.0013878269708379268,0.0,False,0.14292279411764697,PVLA,1,2026-01-06,87.04,2026-01-13,99.48,435,0.14292279411764697,hold
2026-01-06,uncovered,213125.0,1.0,14.53631284916201,0.05,0.02690584772756031,4872235.1,0.0009872265810818531,-0.013952669401995847,True,-0.06063570151768687,OGN,-1,2026-01-07,8.095918,2026-01-14,8.47386,4810,-0.046683032115691026,hold
2026-01-06,covered_opposite,52200.0,1.0,24.06741573033708,0.05,0.017507025950598165,991641.15,0.00023294717045576415,0.0,False,0.03277520484503016,JAZZ,-1,2026-01-07,168.42,2026-01-14,162.9,231,0.03277520484503016,hold
2026-01-06,uncovered,58000.0,1.0,13.123456790123456,0.05,0.011998689165800908,3910990.25,0.000245973510161525,0.0,False,-0.004675190466934764,RPRX,1,2026-01-07,40.088848,2026-01-14,39.901425,962,-0.004675190466934764,hold
2026-01-07,uncovered,191200.0,1.0,114.8148148148148,0.05,0.05785689059460984,797128.8,0.0014991303789299796,0.16392424712822104,True,-0.16920211114560693,MBX,-1,2026-01-08,32.21,2026-01-15,42.94,1195,-0.33312635827382797,hold
2026-01-07,uncovered,119360.0,1.0,66.82666666666667,0.048716386961174384,0.10263486912493865,2312560.9,0.0007039814605531037,-0.0707650365184612,True,-0.09859037898421494,GLUE,-1,2026-01-08,23.36,2026-01-15,24.010000000000005,1628,-0.027825342465753744,hold
2026-01-08,uncovered,102400.0,1.0,18.17241379310345,0.05,0.021183186399710556,1532124.4,0.0007695197596226521,-0.03253509913109718,True,-0.0893430342077429,MLYS,1,2026-01-09,33.27,2026-01-16,31.38,1179,-0.05680793507664572,hold
2026-01-08,uncovered,117000.0,1.0,6.598337950138504,0.05,0.07513405302507732,3170646.65,0.0016794681299475613,-0.028252506374315204,True,-0.007732670533001976,VNDA,1,2026-01-09,7.31,2026-01-16,7.46,5325,0.020519835841313228,hold
2026-01-09,uncovered,190000.0,1.0,107.6,0.05,0.031035428321953953,965691.65,0.0017044778216732017,0.0,False,-0.19188503803888413,PCRX,1,2026-01-12,23.66,2026-01-20,19.12,1646,-0.19188503803888413,hold
2026-01-09,uncovered,178435.0,1.0,9.480968858131488,0.05,0.057379871160044366,5085982.0,0.000984274030069316,-0.009799635329549536,True,-0.1126156143734265,ARDX,1,2026-01-12,7.635,2026-01-20,6.85,5006,-0.10281597904387696,hold
2026-01-15,covered_opposite,2737115.0,0.9257137533497862,8.286458333333334,0.05,0.072396691029376,18751201.45,0.000499647983889587,0.2547411676806489,True,-0.13674819402147864,IBRX,-1,2026-01-16,4.7,2026-01-20,6.54,9369,-0.39148936170212756,stop
2026-01-13,uncovered,1475000.0,1.0,91.64957264957263,0.05,0.016798012925457295,1710796.55,0.00033610074792353304,-0.0059232035322816365,True,0.06908802371695684,TECH,1,2026-01-14,66.503378,2026-01-22,71.491878,575,0.07501122724923848,hold
2026-01-14,covered_opposite,11497020.0,0.674634818413815,23.070631970260223,0.05,0.06075979059964347,4805097.95,6.49310385025554e-05,-0.009589493977439294,True,0.009466015550315406,RVMD,-1,2026-01-15,120.7,2026-01-23,118.4,312,0.0190555095277547,hold
2026-01-20,uncovered,9332363.0,0.7715052447059763,6.4192390524048815,0.04988855479608898,0.10022338831895719,37020563.1,0.00015029485059345302,0.04168504065208443,True,-0.13534845217088223,IBRX,-1,2026-01-21,6.27,2026-01-23,7.38,5564,-0.17703349282296665,stop
2026-01-15,uncovered,555000.0,0.6756756756756757,9.96950929013816,0.05,0.039940263037437494,4100820.8,0.0011600116737605312,0.0,False,0.1994851994851996,NVAX,1,2026-01-16,7.77,2026-01-26,9.32,4757,0.1994851994851996,hold
2026-01-15,uncovered,71548655.0,0.7531004600994945,12.783532536520584,0.05,0.04416554922733325,3903390.2,5.9435513262291835e-05,0.0,False,-0.0356719675709386,INSM,1,2026-01-16,160.35,2026-01-26,154.63,232,-0.0356719675709386,hold
2026-01-16,uncovered,50000.0,1.0,24.204651162790697,0.05,0.061807930559868475,1331431.45,0.0005144838662178215,0.0016354982841011638,True,-5.909783715661045e-05,CGON,-1,2026-01-20,53.11,2026-01-27,53.2,685,-0.0016945961212577743,hold
2026-01-20,uncovered,825000.0,1.0,5.75058275058275,0.045626541583329905,0.10958533841247345,6082571.0,0.0015577294535485077,0.009498529750378418,True,0.005206684256816099,AQST,1,2026-01-21,3.495,2026-01-28,3.48,9475,-0.0042918454935623185,hold
2026-01-22,covered_opposite,1519520.0,0.8061756344108666,68.56271186440678,0.05,0.01902192107120021,1953965.35,0.00027329041428498206,0.0,False,0.08597024656874219,TECH,-1,2026-01-23,68.912993,2026-01-30,62.98852599999999,534,0.08597024656874219,hold
2026-01-22,uncovered,191000.0,1.0,770.9,0.05,0.013779060959103775,1419922.6,0.001917710162511675,0.0,False,-0.03335748033543273,RDY,1,2026-01-23,13.692520999999997,2026-01-30,13.235772999999998,2723,-0.03335748033543273,hold
2026-01-23,uncovered,193700.0,1.0,3.8380664652567975,0.05,0.05313479707253158,3209802.2,0.00038693973105258635,0.0,False,0.06472602739726008,TVTX,1,2026-01-26,29.200000000000003,2026-02-02,31.09,1242,0.06472602739726008,hold
2026-01-29,uncovered,2025000.0,0.6666666666666666,150.0,0.05,0.04910104601819,826832.15,0.0008453952836739596,-0.007957394693211339,True,0.10055085118385008,DNTH,-1,2026-01-30,53.36,2026-02-06,47.57,699,0.10850824587706143,hold
2026-02-04,uncovered,3179700.0,0.9802811585998679,6.300443200373222,0.05,0.04062174282388047,5704452.85,0.000767996530990698,-0.07756828730122504,True,-0.11711630990009507,OCUL,-1,2026-02-05,8.85,2026-02-12,9.2,4381,-0.039548022598870025,hold
2026-02-05,covered_opposite,107784.0,1.0,5.158333333333333,0.05,0.02897742690223424,3829700.65,0.0007830899263627824,0.0,False,-0.0022848438690024064,WVE,-1,2026-02-06,13.13,2026-02-13,13.160000000000002,2999,-0.0022848438690024064,hold
2026-02-05,uncovered,1871881.0,0.875573821199104,5.0549843540455965,0.05,0.04878193066973415,63411.45687500001,0.003090924095725564,0.000740878169449598,True,0.055286332714904164,GOSS,-1,2026-02-06,198.0,2026-02-13,187.2,196,0.054545454545454564,hold
2026-02-05,uncovered,82500.00000000001,1.0,11.938718662952644,0.05,0.02651834538082265,2328328.6,0.0010303528462434382,0.0,False,-0.03678724708767611,ADMA,1,2026-02-06,16.31,2026-02-13,15.71,2399,-0.03678724708767611,hold
2026-02-09,uncovered,92500.0,1.0,6.427184466019417,0.05,0.02526698203667657,9174229.2,0.00026814241789381067,-0.005329687914143445,True,0.004972943776676463,VTRS,1,2026-02-10,15.172337,2026-02-18,15.328652,2460,0.010302631690819908,hold
2026-02-10,uncovered,62160.0,1.0,8.861219195849547,0.05,0.0643379745860457,1124822.0,0.0036121270743282047,-0.012681285791563622,True,-0.0640181841872856,DNA,1,2026-02-11,9.35,2026-02-19,8.87,4063,-0.051336898395721975,hold
2026-02-12,covered_opposite,6185000.0,0.9909296685529507,127.1818181818182,0.05,0.027816486198585903,1165673.3,0.00025393049664944713,0.0,False,0.03383671162077051,NBIX,1,2026-02-13,123.83,2026-02-23,128.02,296,0.03383671162077051,hold
2026-02-12,uncovered,7009505.0,0.87673879967273,153.94871794871796,0.05,0.04263740882889602,936837.25,0.0019523134888156934,0.0,False,0.0470996529499258,RCUS,-1,2026-02-13,20.17,2026-02-23,19.22,1829,0.0470996529499258,hold
2026-02-17,uncovered,54000.0,1.0,8.902711323763956,0.05,0.04342988207852498,3700917.2,0.001933844939843561,0.017032222146096666,True,-0.15092144580757116,PGEN,1,2026-02-18,5.179999999999999,2026-02-23,4.31,7157,-0.16795366795366784,stop
2026-02-17,covered_opposite,1371220.0,0.7140502618106503,3.2821270310192023,0.05,0.04465472711437454,3201656.2,0.00038230213475138274,0.03359752151685754,True,-0.0700328415194458,VKTX,-1,2026-02-18,30.300000000000004,2026-02-25,33.44,1224,-0.10363036303630335,hold
2026-02-18,uncovered,87359.99999999999,1.0,3.9972527472527473,0.05,0.036517971027104884,1207638.05,0.0026282709459179428,-0.023257382758145734,True,-0.0026033380077155333,OMER,-1,2026-02-19,11.62,2026-02-26,11.38,3174,0.0206540447504302,hold
2026-02-18,uncovered,551750.0,0.7915722700498414,42.723404255319146,0.05,0.03636002027730939,910977.1,0.0034457507219446022,0.0,False,0.10921501706484626,PHAT,1,2026-02-19,11.72,2026-02-26,13.0,3139,0.10921501706484626,hold
2026-02-18,uncovered,1950233.0,0.8754584708596358,7.577557755775578,0.05,0.021567943359047846,8493591.4,2.919848487178227e-05,-0.0038538865304701578,True,0.038288685481075654,GILD,-1,2026-02-19,149.647843,2026-02-26,143.341298,248,0.04214257201154581,hold
2026-02-19,uncovered,2747369.0,0.8218331793071845,8.23728813559322,0.05,0.02376045738369647,2323945.4,9.81090175354378e-05,-0.018928461060473648,True,0.0340420547549186,INSM,-1,2026-02-20,158.39,2026-02-27,150.0,228,0.05297051581539225,hold
2026-02-19,uncovered,2920800.0,0.8630512188441523,42.46666666666667,0.05,0.02670714363345351,2550557.2,0.0002481810641219887,0.0,False,-0.008579601458156172,TECH,1,2026-02-20,57.524699999999996,2026-02-27,57.031161,633,-0.008579601458156172,hold
2026-02-19,uncovered,700000.0,1.0,203.3,0.05,0.029554208473712134,536293.9,0.0010460682099870985,0.0,False,0.15985300872760666,TARS,1,2026-02-20,65.31,2026-02-27,75.75,561,0.15985300872760666,hold
2026-02-23,uncovered,287058.0,0.6530317914846477,3.1421608448415923,0.05,0.02159706129515818,9839838.9,0.00023821528216280043,-0.032469804899075486,True,0.029250904932480823,VTRS,-1,2026-02-24,15.670591,2026-03-03,14.703391000000002,2344,0.06172070983155631,hold
2026-02-24,covered_neutral,450000.0,1.0,144.8,0.05,0.02066318641048724,776876.55,0.0008958952358646943,0.012560713559149629,True,-0.01894371121961129,SUPN,1,2026-02-25,56.5,2026-03-04,54.720000000000006,696,-0.03150442477876092,hold
2026-02-24,uncovered,1310000.0,1.0,727.5,0.05,0.026582407365368578,1916422.0,0.003226846696604401,0.04281883354894351,True,-0.025514499784389848,CMPX,1,2026-02-25,6.0,2026-03-04,5.59,6184,-0.06833333333333336,hold
2026-02-26,uncovered,65000.0,1.0,65.65625,0.05,0.04355323686210399,1820070.35,0.0016103773131626478,0.02421443538773711,True,-0.007364511980684042,SDGR,-1,2026-02-27,12.35,2026-03-06,12.74,2931,-0.03157894736842115,hold
2026-02-27,uncovered,3549658.0,0.7068492232209412,3.1699939503932244,0.05,0.048911753532440844,5820522.85,0.0013016012814037832,-0.009391359050978456,True,0.16720438562987258,SLS,1,2026-03-02,4.7,2026-03-09,5.53,7576,0.17659574468085104,hold
2026-03-04,uncovered,1560000.0,0.75,18.747663551401867,0.05,0.03676314023406525,1527202.3,0.0008623611947153301,0.0,False,-0.007905138339920681,TVTX,-1,2026-03-05,27.830000000000002,2026-03-12,28.049999999999997,1317,-0.007905138339920681,hold
2026-03-04,uncovered,330000.0,1.0,10.838427947598252,0.05,0.030365887013030005,2501991.35,0.0002569952929693382,0.0,False,-0.07154156346463747,TECH,1,2026-03-05,56.722075999999994,2026-03-12,52.66409,643,-0.07154156346463747,hold
2026-03-05,covered_opposite,3606699.0,0.8193841515468854,5.64,0.03656701701661886,0.13673524416081345,4397900.0,0.0005852793378657995,-0.041755563370650416,True,0.5859040110974346,QURE,1,2026-03-06,10.34,2026-03-13,16.83,2574,0.6276595744680851,hold
2026-03-05,uncovered,1241900.0,1.0,93.71428571428572,0.05,0.024213387790574834,2268282.4,0.0002195493823873077,0.0,False,0.010274435581992813,IONS,-1,2026-03-06,73.97,2026-03-13,73.21,498,0.010274435581992813,hold
2026-03-05,uncovered,300000.0,1.0,187.2156862745098,0.05,0.024410421677107687,2051532.3,0.0033048468210810037,-0.08483083331970188,True,-0.05895282962284411,CMPX,-1,2026-03-06,5.41,2026-03-13,5.27,6780,0.025878003696857776,hold
2026-03-06,uncovered,90720.0,1.0,34.44806517311609,0.05,0.016167138884384178,1958285.45,0.0004447768327135352,0.0,False,0.06431818492967623,QGEN,-1,2026-03-09,43.606641,2026-03-16,40.801941,871,0.06431818492967623,hold
2026-03-06,uncovered,258825.0,1.0,6.482758620689655,0.05,0.027195697055616416,2487479.35,0.00011015166819374802,-0.005866419908696411,True,-0.01860983342530576,INSM,-1,2026-03-09,139.68,2026-03-16,141.46,274,-0.012743413516609348,hold
2026-03-09,uncovered,52500.0,1.0,5.146095717884131,0.05,0.03459784064822739,2481751.75,0.0011620823879745425,-0.019002923479411724,True,0.06519205436401516,WVE,-1,2026-03-10,13.540000000000001,2026-03-17,12.4,2884,0.08419497784342689,hold
2026-03-10,uncovered,669565.0,0.7431167997132466,19.17061611374407,0.05,0.045201961277901714,1193125.1,0.002913357534763119,0.008956864596746238,True,-0.07096878596087455,ZVRA,1,2026-03-11,10.76,2026-03-18,9.9,3476,-0.0799256505576208,hold
2026-03-13,covered_opposite,81838.0,1.0,3.911908646003263,0.05,0.07302498056118878,5537746.2,0.0015266138415660868,0.0044068510484737275,True,-0.026498226214219586,NUVB,1,2026-03-16,4.53,2026-03-23,4.39,8454,-0.030905077262693315,hold
2026-03-13,uncovered,3295377.0,0.7834217450689254,105.4,0.05,0.05072458067426126,2094811.15,0.000488349510646819,-0.0209123972169513,True,-0.012470131421744284,LQDA,-1,2026-03-16,36.72,2026-03-23,36.41,1023,0.008442265795207016,hold
